recording_id,channel,state
18385fe48224fbfa0cd6d17705d9305f857d70ef07b47b55502d04ff71359269,InlineAcc,dynamic
18385fe48224fbfa0cd6d17705d9305f857d70ef07b47b55502d04ff71359269,LateralAcc,dynamic
18385fe48224fbfa0cd6d17705d9305f857d70ef07b47b55502d04ff71359269,VerticalAcc,dynamic
18385fe48224fbfa0cd6d17705d9305f857d70ef07b47b55502d04ff71359269,RollRate,dynamic
18385fe48224fbfa0cd6d17705d9305f857d70ef07b47b55502d04ff71359269,PitchRate,dynamic
18385fe48224fbfa0cd6d17705d9305f857d70ef07b47b55502d04ff71359269,YawRate,dynamic
18385fe48224fbfa0cd6d17705d9305f857d70ef07b47b55502d04ff71359269,ECU VehSpeed,constant
18385fe48224fbfa0cd6d17705d9305f857d70ef07b47b55502d04ff71359269,ECU WheelSpdFL,constant
18385fe48224fbfa0cd6d17705d9305f857d70ef07b47b55502d04ff71359269,ECU WheelSpdFR,constant
18385fe48224fbfa0cd6d17705d9305f857d70ef07b47b55502d04ff71359269,ECU WheelSpdRL,constant
18385fe48224fbfa0cd6d17705d9305f857d70ef07b47b55502d04ff71359269,ECU WheelSpdRR,constant
18385fe48224fbfa0cd6d17705d9305f857d70ef07b47b55502d04ff71359269,Oil Pressure,dynamic
27937681c8199780c6cbce603f217d5a4457c351e84fa3cd7cfc62bfd270c550,InlineAcc,dynamic
27937681c8199780c6cbce603f217d5a4457c351e84fa3cd7cfc62bfd270c550,LateralAcc,dynamic
27937681c8199780c6cbce603f217d5a4457c351e84fa3cd7cfc62bfd270c550,VerticalAcc,dynamic
27937681c8199780c6cbce603f217d5a4457c351e84fa3cd7cfc62bfd270c550,RollRate,dynamic
27937681c8199780c6cbce603f217d5a4457c351e84fa3cd7cfc62bfd270c550,PitchRate,dynamic
27937681c8199780c6cbce603f217d5a4457c351e84fa3cd7cfc62bfd270c550,YawRate,dynamic
27937681c8199780c6cbce603f217d5a4457c351e84fa3cd7cfc62bfd270c550,ECU VehSpeed,constant
27937681c8199780c6cbce603f217d5a4457c351e84fa3cd7cfc62bfd270c550,ECU WheelSpdFL,constant
27937681c8199780c6cbce603f217d5a4457c351e84fa3cd7cfc62bfd270c550,ECU WheelSpdFR,constant
27937681c8199780c6cbce603f217d5a4457c351e84fa3cd7cfc62bfd270c550,ECU WheelSpdRL,constant
27937681c8199780c6cbce603f217d5a4457c351e84fa3cd7cfc62bfd270c550,ECU WheelSpdRR,constant
27937681c8199780c6cbce603f217d5a4457c351e84fa3cd7cfc62bfd270c550,Oil Pressure,dynamic
4975a35d789765b9299480af66d6a5af5166fef074cef80facbac97409b84d07,InlineAcc,dynamic
4975a35d789765b9299480af66d6a5af5166fef074cef80facbac97409b84d07,LateralAcc,dynamic
4975a35d789765b9299480af66d6a5af5166fef074cef80facbac97409b84d07,VerticalAcc,dynamic
4975a35d789765b9299480af66d6a5af5166fef074cef80facbac97409b84d07,RollRate,dynamic
4975a35d789765b9299480af66d6a5af5166fef074cef80facbac97409b84d07,PitchRate,dynamic
4975a35d789765b9299480af66d6a5af5166fef074cef80facbac97409b84d07,YawRate,dynamic
4975a35d789765b9299480af66d6a5af5166fef074cef80facbac97409b84d07,ECU VehSpeed,constant
4975a35d789765b9299480af66d6a5af5166fef074cef80facbac97409b84d07,ECU WheelSpdFL,constant
4975a35d789765b9299480af66d6a5af5166fef074cef80facbac97409b84d07,ECU WheelSpdFR,constant
4975a35d789765b9299480af66d6a5af5166fef074cef80facbac97409b84d07,ECU WheelSpdRL,constant
4975a35d789765b9299480af66d6a5af5166fef074cef80facbac97409b84d07,ECU WheelSpdRR,constant
4975a35d789765b9299480af66d6a5af5166fef074cef80facbac97409b84d07,Oil Pressure,dynamic
5790cd1534b1de5ac4693367fe5d8ca6951cd36a7abcd3c778cee8923a932a75,InlineAcc,dynamic
5790cd1534b1de5ac4693367fe5d8ca6951cd36a7abcd3c778cee8923a932a75,LateralAcc,dynamic
5790cd1534b1de5ac4693367fe5d8ca6951cd36a7abcd3c778cee8923a932a75,VerticalAcc,dynamic
5790cd1534b1de5ac4693367fe5d8ca6951cd36a7abcd3c778cee8923a932a75,RollRate,dynamic
5790cd1534b1de5ac4693367fe5d8ca6951cd36a7abcd3c778cee8923a932a75,PitchRate,dynamic
5790cd1534b1de5ac4693367fe5d8ca6951cd36a7abcd3c778cee8923a932a75,YawRate,dynamic
5790cd1534b1de5ac4693367fe5d8ca6951cd36a7abcd3c778cee8923a932a75,ECU VehSpeed,constant
5790cd1534b1de5ac4693367fe5d8ca6951cd36a7abcd3c778cee8923a932a75,ECU WheelSpdFL,constant
5790cd1534b1de5ac4693367fe5d8ca6951cd36a7abcd3c778cee8923a932a75,ECU WheelSpdFR,constant
5790cd1534b1de5ac4693367fe5d8ca6951cd36a7abcd3c778cee8923a932a75,ECU WheelSpdRL,constant
5790cd1534b1de5ac4693367fe5d8ca6951cd36a7abcd3c778cee8923a932a75,ECU WheelSpdRR,constant
5790cd1534b1de5ac4693367fe5d8ca6951cd36a7abcd3c778cee8923a932a75,Oil Pressure,dynamic
5c12d7b5eff374be805bae6c5e2906f6c02b6bc3ad6ba70d3674bafd4f16fc15,InlineAcc,dynamic
5c12d7b5eff374be805bae6c5e2906f6c02b6bc3ad6ba70d3674bafd4f16fc15,LateralAcc,dynamic
5c12d7b5eff374be805bae6c5e2906f6c02b6bc3ad6ba70d3674bafd4f16fc15,VerticalAcc,dynamic
5c12d7b5eff374be805bae6c5e2906f6c02b6bc3ad6ba70d3674bafd4f16fc15,RollRate,dynamic
5c12d7b5eff374be805bae6c5e2906f6c02b6bc3ad6ba70d3674bafd4f16fc15,PitchRate,dynamic
5c12d7b5eff374be805bae6c5e2906f6c02b6bc3ad6ba70d3674bafd4f16fc15,YawRate,dynamic
5c12d7b5eff374be805bae6c5e2906f6c02b6bc3ad6ba70d3674bafd4f16fc15,ECU VehSpeed,constant
5c12d7b5eff374be805bae6c5e2906f6c02b6bc3ad6ba70d3674bafd4f16fc15,ECU WheelSpdFL,constant
5c12d7b5eff374be805bae6c5e2906f6c02b6bc3ad6ba70d3674bafd4f16fc15,ECU WheelSpdFR,constant
5c12d7b5eff374be805bae6c5e2906f6c02b6bc3ad6ba70d3674bafd4f16fc15,ECU WheelSpdRL,constant
5c12d7b5eff374be805bae6c5e2906f6c02b6bc3ad6ba70d3674bafd4f16fc15,ECU WheelSpdRR,constant
5c12d7b5eff374be805bae6c5e2906f6c02b6bc3ad6ba70d3674bafd4f16fc15,Oil Pressure,dynamic
5c8af6b8a89a449144e0ddf74414040b433d630e1fd3d3ddc138ec3c4284d97b,InlineAcc,dynamic
5c8af6b8a89a449144e0ddf74414040b433d630e1fd3d3ddc138ec3c4284d97b,LateralAcc,dynamic
5c8af6b8a89a449144e0ddf74414040b433d630e1fd3d3ddc138ec3c4284d97b,VerticalAcc,dynamic
5c8af6b8a89a449144e0ddf74414040b433d630e1fd3d3ddc138ec3c4284d97b,RollRate,dynamic
5c8af6b8a89a449144e0ddf74414040b433d630e1fd3d3ddc138ec3c4284d97b,PitchRate,dynamic
5c8af6b8a89a449144e0ddf74414040b433d630e1fd3d3ddc138ec3c4284d97b,YawRate,dynamic
5c8af6b8a89a449144e0ddf74414040b433d630e1fd3d3ddc138ec3c4284d97b,ECU VehSpeed,constant
5c8af6b8a89a449144e0ddf74414040b433d630e1fd3d3ddc138ec3c4284d97b,ECU WheelSpdFL,constant
5c8af6b8a89a449144e0ddf74414040b433d630e1fd3d3ddc138ec3c4284d97b,ECU WheelSpdFR,constant
5c8af6b8a89a449144e0ddf74414040b433d630e1fd3d3ddc138ec3c4284d97b,ECU WheelSpdRL,constant
5c8af6b8a89a449144e0ddf74414040b433d630e1fd3d3ddc138ec3c4284d97b,ECU WheelSpdRR,constant
5c8af6b8a89a449144e0ddf74414040b433d630e1fd3d3ddc138ec3c4284d97b,Oil Pressure,dynamic
6732a35a8f6343dcf041f1a3ad40d6760331513a2556c4fae4eea6cd59da89b2,InlineAcc,dynamic
6732a35a8f6343dcf041f1a3ad40d6760331513a2556c4fae4eea6cd59da89b2,LateralAcc,dynamic
6732a35a8f6343dcf041f1a3ad40d6760331513a2556c4fae4eea6cd59da89b2,VerticalAcc,dynamic
6732a35a8f6343dcf041f1a3ad40d6760331513a2556c4fae4eea6cd59da89b2,RollRate,dynamic
6732a35a8f6343dcf041f1a3ad40d6760331513a2556c4fae4eea6cd59da89b2,PitchRate,dynamic
6732a35a8f6343dcf041f1a3ad40d6760331513a2556c4fae4eea6cd59da89b2,YawRate,dynamic
6732a35a8f6343dcf041f1a3ad40d6760331513a2556c4fae4eea6cd59da89b2,ECU VehSpeed,constant
6732a35a8f6343dcf041f1a3ad40d6760331513a2556c4fae4eea6cd59da89b2,ECU WheelSpdFL,constant
6732a35a8f6343dcf041f1a3ad40d6760331513a2556c4fae4eea6cd59da89b2,ECU WheelSpdFR,constant
6732a35a8f6343dcf041f1a3ad40d6760331513a2556c4fae4eea6cd59da89b2,ECU WheelSpdRL,constant
6732a35a8f6343dcf041f1a3ad40d6760331513a2556c4fae4eea6cd59da89b2,ECU WheelSpdRR,constant
6732a35a8f6343dcf041f1a3ad40d6760331513a2556c4fae4eea6cd59da89b2,Oil Pressure,dynamic
7208a43e77536a72e401c00f01a793130fb6688d28fb8080941e14cc5752b0ca,InlineAcc,dynamic
7208a43e77536a72e401c00f01a793130fb6688d28fb8080941e14cc5752b0ca,LateralAcc,dynamic
7208a43e77536a72e401c00f01a793130fb6688d28fb8080941e14cc5752b0ca,VerticalAcc,dynamic
7208a43e77536a72e401c00f01a793130fb6688d28fb8080941e14cc5752b0ca,RollRate,dynamic
7208a43e77536a72e401c00f01a793130fb6688d28fb8080941e14cc5752b0ca,PitchRate,dynamic
7208a43e77536a72e401c00f01a793130fb6688d28fb8080941e14cc5752b0ca,YawRate,dynamic
7208a43e77536a72e401c00f01a793130fb6688d28fb8080941e14cc5752b0ca,ECU VehSpeed,constant
7208a43e77536a72e401c00f01a793130fb6688d28fb8080941e14cc5752b0ca,ECU WheelSpdFL,constant
7208a43e77536a72e401c00f01a793130fb6688d28fb8080941e14cc5752b0ca,ECU WheelSpdFR,constant
7208a43e77536a72e401c00f01a793130fb6688d28fb8080941e14cc5752b0ca,ECU WheelSpdRL,constant
7208a43e77536a72e401c00f01a793130fb6688d28fb8080941e14cc5752b0ca,ECU WheelSpdRR,constant
7208a43e77536a72e401c00f01a793130fb6688d28fb8080941e14cc5752b0ca,Oil Pressure,dynamic
73093667f33a7f710fc20059989a002071359119e1e9c0a4128b67729755da33,InlineAcc,dynamic
73093667f33a7f710fc20059989a002071359119e1e9c0a4128b67729755da33,LateralAcc,dynamic
73093667f33a7f710fc20059989a002071359119e1e9c0a4128b67729755da33,VerticalAcc,dynamic
73093667f33a7f710fc20059989a002071359119e1e9c0a4128b67729755da33,RollRate,dynamic
73093667f33a7f710fc20059989a002071359119e1e9c0a4128b67729755da33,PitchRate,dynamic
73093667f33a7f710fc20059989a002071359119e1e9c0a4128b67729755da33,YawRate,dynamic
73093667f33a7f710fc20059989a002071359119e1e9c0a4128b67729755da33,ECU VehSpeed,constant
73093667f33a7f710fc20059989a002071359119e1e9c0a4128b67729755da33,ECU WheelSpdFL,constant
73093667f33a7f710fc20059989a002071359119e1e9c0a4128b67729755da33,ECU WheelSpdFR,constant
73093667f33a7f710fc20059989a002071359119e1e9c0a4128b67729755da33,ECU WheelSpdRL,constant
73093667f33a7f710fc20059989a002071359119e1e9c0a4128b67729755da33,ECU WheelSpdRR,constant
73093667f33a7f710fc20059989a002071359119e1e9c0a4128b67729755da33,Oil Pressure,dynamic
8f799d59c9b5348ece1e5671692ea783d6d5e450ccebe31b6db9ad4f9510f8c5,InlineAcc,dynamic
8f799d59c9b5348ece1e5671692ea783d6d5e450ccebe31b6db9ad4f9510f8c5,LateralAcc,dynamic
8f799d59c9b5348ece1e5671692ea783d6d5e450ccebe31b6db9ad4f9510f8c5,VerticalAcc,dynamic
8f799d59c9b5348ece1e5671692ea783d6d5e450ccebe31b6db9ad4f9510f8c5,RollRate,dynamic
8f799d59c9b5348ece1e5671692ea783d6d5e450ccebe31b6db9ad4f9510f8c5,PitchRate,dynamic
8f799d59c9b5348ece1e5671692ea783d6d5e450ccebe31b6db9ad4f9510f8c5,YawRate,dynamic
8f799d59c9b5348ece1e5671692ea783d6d5e450ccebe31b6db9ad4f9510f8c5,ECU VehSpeed,constant
8f799d59c9b5348ece1e5671692ea783d6d5e450ccebe31b6db9ad4f9510f8c5,ECU WheelSpdFL,constant
8f799d59c9b5348ece1e5671692ea783d6d5e450ccebe31b6db9ad4f9510f8c5,ECU WheelSpdFR,constant
8f799d59c9b5348ece1e5671692ea783d6d5e450ccebe31b6db9ad4f9510f8c5,ECU WheelSpdRL,constant
8f799d59c9b5348ece1e5671692ea783d6d5e450ccebe31b6db9ad4f9510f8c5,ECU WheelSpdRR,constant
8f799d59c9b5348ece1e5671692ea783d6d5e450ccebe31b6db9ad4f9510f8c5,Oil Pressure,dynamic
9116cbf4be063f5be851f65778ddfb91d60bdd5aa52e7211426769a6b2ce6f86,InlineAcc,dynamic
9116cbf4be063f5be851f65778ddfb91d60bdd5aa52e7211426769a6b2ce6f86,LateralAcc,dynamic
9116cbf4be063f5be851f65778ddfb91d60bdd5aa52e7211426769a6b2ce6f86,VerticalAcc,dynamic
9116cbf4be063f5be851f65778ddfb91d60bdd5aa52e7211426769a6b2ce6f86,RollRate,dynamic
9116cbf4be063f5be851f65778ddfb91d60bdd5aa52e7211426769a6b2ce6f86,PitchRate,dynamic
9116cbf4be063f5be851f65778ddfb91d60bdd5aa52e7211426769a6b2ce6f86,YawRate,dynamic
9116cbf4be063f5be851f65778ddfb91d60bdd5aa52e7211426769a6b2ce6f86,ECU VehSpeed,constant
9116cbf4be063f5be851f65778ddfb91d60bdd5aa52e7211426769a6b2ce6f86,ECU WheelSpdFL,constant
9116cbf4be063f5be851f65778ddfb91d60bdd5aa52e7211426769a6b2ce6f86,ECU WheelSpdFR,constant
9116cbf4be063f5be851f65778ddfb91d60bdd5aa52e7211426769a6b2ce6f86,ECU WheelSpdRL,constant
9116cbf4be063f5be851f65778ddfb91d60bdd5aa52e7211426769a6b2ce6f86,ECU WheelSpdRR,constant
9116cbf4be063f5be851f65778ddfb91d60bdd5aa52e7211426769a6b2ce6f86,Oil Pressure,dynamic
973ef84ffaa4e83d002ed655331eb305b340c0f3f25b57795f97a151bcc3490b,InlineAcc,dynamic
973ef84ffaa4e83d002ed655331eb305b340c0f3f25b57795f97a151bcc3490b,LateralAcc,dynamic
973ef84ffaa4e83d002ed655331eb305b340c0f3f25b57795f97a151bcc3490b,VerticalAcc,dynamic
973ef84ffaa4e83d002ed655331eb305b340c0f3f25b57795f97a151bcc3490b,RollRate,dynamic
973ef84ffaa4e83d002ed655331eb305b340c0f3f25b57795f97a151bcc3490b,PitchRate,dynamic
973ef84ffaa4e83d002ed655331eb305b340c0f3f25b57795f97a151bcc3490b,YawRate,dynamic
973ef84ffaa4e83d002ed655331eb305b340c0f3f25b57795f97a151bcc3490b,ECU VehSpeed,constant
973ef84ffaa4e83d002ed655331eb305b340c0f3f25b57795f97a151bcc3490b,ECU WheelSpdFL,constant
973ef84ffaa4e83d002ed655331eb305b340c0f3f25b57795f97a151bcc3490b,ECU WheelSpdFR,constant
973ef84ffaa4e83d002ed655331eb305b340c0f3f25b57795f97a151bcc3490b,ECU WheelSpdRL,constant
973ef84ffaa4e83d002ed655331eb305b340c0f3f25b57795f97a151bcc3490b,ECU WheelSpdRR,constant
973ef84ffaa4e83d002ed655331eb305b340c0f3f25b57795f97a151bcc3490b,Oil Pressure,dynamic
b185f43818b8ff3aba325752922bbbf37fd094f1e282887487651e0a5c8f6c7a,InlineAcc,dynamic
b185f43818b8ff3aba325752922bbbf37fd094f1e282887487651e0a5c8f6c7a,LateralAcc,dynamic
b185f43818b8ff3aba325752922bbbf37fd094f1e282887487651e0a5c8f6c7a,VerticalAcc,dynamic
b185f43818b8ff3aba325752922bbbf37fd094f1e282887487651e0a5c8f6c7a,RollRate,dynamic
b185f43818b8ff3aba325752922bbbf37fd094f1e282887487651e0a5c8f6c7a,PitchRate,dynamic
b185f43818b8ff3aba325752922bbbf37fd094f1e282887487651e0a5c8f6c7a,YawRate,dynamic
b185f43818b8ff3aba325752922bbbf37fd094f1e282887487651e0a5c8f6c7a,ECU VehSpeed,constant
b185f43818b8ff3aba325752922bbbf37fd094f1e282887487651e0a5c8f6c7a,ECU WheelSpdFL,constant
b185f43818b8ff3aba325752922bbbf37fd094f1e282887487651e0a5c8f6c7a,ECU WheelSpdFR,constant
b185f43818b8ff3aba325752922bbbf37fd094f1e282887487651e0a5c8f6c7a,ECU WheelSpdRL,constant
b185f43818b8ff3aba325752922bbbf37fd094f1e282887487651e0a5c8f6c7a,ECU WheelSpdRR,constant
b185f43818b8ff3aba325752922bbbf37fd094f1e282887487651e0a5c8f6c7a,Oil Pressure,dynamic
b439fc5983a3a0db22239d5dcf8cbebf9104a8b71a93c2afd75e75fe87301e46,InlineAcc,dynamic
b439fc5983a3a0db22239d5dcf8cbebf9104a8b71a93c2afd75e75fe87301e46,LateralAcc,dynamic
b439fc5983a3a0db22239d5dcf8cbebf9104a8b71a93c2afd75e75fe87301e46,VerticalAcc,dynamic
b439fc5983a3a0db22239d5dcf8cbebf9104a8b71a93c2afd75e75fe87301e46,RollRate,dynamic
b439fc5983a3a0db22239d5dcf8cbebf9104a8b71a93c2afd75e75fe87301e46,PitchRate,dynamic
b439fc5983a3a0db22239d5dcf8cbebf9104a8b71a93c2afd75e75fe87301e46,YawRate,dynamic
b439fc5983a3a0db22239d5dcf8cbebf9104a8b71a93c2afd75e75fe87301e46,ECU VehSpeed,constant
b439fc5983a3a0db22239d5dcf8cbebf9104a8b71a93c2afd75e75fe87301e46,ECU WheelSpdFL,constant
b439fc5983a3a0db22239d5dcf8cbebf9104a8b71a93c2afd75e75fe87301e46,ECU WheelSpdFR,constant
b439fc5983a3a0db22239d5dcf8cbebf9104a8b71a93c2afd75e75fe87301e46,ECU WheelSpdRL,constant
b439fc5983a3a0db22239d5dcf8cbebf9104a8b71a93c2afd75e75fe87301e46,ECU WheelSpdRR,constant
b439fc5983a3a0db22239d5dcf8cbebf9104a8b71a93c2afd75e75fe87301e46,Oil Pressure,dynamic
bace0e92b25324e8afbd0e5f6698b01a921780a2385e02419965fa97e3e796c4,InlineAcc,dynamic
bace0e92b25324e8afbd0e5f6698b01a921780a2385e02419965fa97e3e796c4,LateralAcc,dynamic
bace0e92b25324e8afbd0e5f6698b01a921780a2385e02419965fa97e3e796c4,VerticalAcc,dynamic
bace0e92b25324e8afbd0e5f6698b01a921780a2385e02419965fa97e3e796c4,RollRate,dynamic
bace0e92b25324e8afbd0e5f6698b01a921780a2385e02419965fa97e3e796c4,PitchRate,dynamic
bace0e92b25324e8afbd0e5f6698b01a921780a2385e02419965fa97e3e796c4,YawRate,dynamic
bace0e92b25324e8afbd0e5f6698b01a921780a2385e02419965fa97e3e796c4,ECU VehSpeed,constant
bace0e92b25324e8afbd0e5f6698b01a921780a2385e02419965fa97e3e796c4,ECU WheelSpdFL,constant
bace0e92b25324e8afbd0e5f6698b01a921780a2385e02419965fa97e3e796c4,ECU WheelSpdFR,constant
bace0e92b25324e8afbd0e5f6698b01a921780a2385e02419965fa97e3e796c4,ECU WheelSpdRL,constant
bace0e92b25324e8afbd0e5f6698b01a921780a2385e02419965fa97e3e796c4,ECU WheelSpdRR,constant
bace0e92b25324e8afbd0e5f6698b01a921780a2385e02419965fa97e3e796c4,Oil Pressure,dynamic
c3c503093a73b359d513d025d9185c7ada423099650828cbd4fdba12d1d7aafc,InlineAcc,dynamic
c3c503093a73b359d513d025d9185c7ada423099650828cbd4fdba12d1d7aafc,LateralAcc,dynamic
c3c503093a73b359d513d025d9185c7ada423099650828cbd4fdba12d1d7aafc,VerticalAcc,dynamic
c3c503093a73b359d513d025d9185c7ada423099650828cbd4fdba12d1d7aafc,RollRate,dynamic
c3c503093a73b359d513d025d9185c7ada423099650828cbd4fdba12d1d7aafc,PitchRate,dynamic
c3c503093a73b359d513d025d9185c7ada423099650828cbd4fdba12d1d7aafc,YawRate,dynamic
c3c503093a73b359d513d025d9185c7ada423099650828cbd4fdba12d1d7aafc,ECU VehSpeed,constant
c3c503093a73b359d513d025d9185c7ada423099650828cbd4fdba12d1d7aafc,ECU WheelSpdFL,constant
c3c503093a73b359d513d025d9185c7ada423099650828cbd4fdba12d1d7aafc,ECU WheelSpdFR,constant
c3c503093a73b359d513d025d9185c7ada423099650828cbd4fdba12d1d7aafc,ECU WheelSpdRL,constant
c3c503093a73b359d513d025d9185c7ada423099650828cbd4fdba12d1d7aafc,ECU WheelSpdRR,constant
c3c503093a73b359d513d025d9185c7ada423099650828cbd4fdba12d1d7aafc,Oil Pressure,dynamic
db4d46d3c8abd3b8d2327e52a99599c63e7bd8ed5f1b122d3047d731fc6d2684,InlineAcc,dynamic
db4d46d3c8abd3b8d2327e52a99599c63e7bd8ed5f1b122d3047d731fc6d2684,LateralAcc,dynamic
db4d46d3c8abd3b8d2327e52a99599c63e7bd8ed5f1b122d3047d731fc6d2684,VerticalAcc,dynamic
db4d46d3c8abd3b8d2327e52a99599c63e7bd8ed5f1b122d3047d731fc6d2684,RollRate,dynamic
db4d46d3c8abd3b8d2327e52a99599c63e7bd8ed5f1b122d3047d731fc6d2684,PitchRate,dynamic
db4d46d3c8abd3b8d2327e52a99599c63e7bd8ed5f1b122d3047d731fc6d2684,YawRate,dynamic
db4d46d3c8abd3b8d2327e52a99599c63e7bd8ed5f1b122d3047d731fc6d2684,ECU VehSpeed,constant
db4d46d3c8abd3b8d2327e52a99599c63e7bd8ed5f1b122d3047d731fc6d2684,ECU WheelSpdFL,constant
db4d46d3c8abd3b8d2327e52a99599c63e7bd8ed5f1b122d3047d731fc6d2684,ECU WheelSpdFR,constant
db4d46d3c8abd3b8d2327e52a99599c63e7bd8ed5f1b122d3047d731fc6d2684,ECU WheelSpdRL,constant
db4d46d3c8abd3b8d2327e52a99599c63e7bd8ed5f1b122d3047d731fc6d2684,ECU WheelSpdRR,constant
db4d46d3c8abd3b8d2327e52a99599c63e7bd8ed5f1b122d3047d731fc6d2684,Oil Pressure,dynamic
dc8bf44eb4cc0becf1c5ebe252a515c98193744c2031498501de80e036899758,InlineAcc,dynamic
dc8bf44eb4cc0becf1c5ebe252a515c98193744c2031498501de80e036899758,LateralAcc,dynamic
dc8bf44eb4cc0becf1c5ebe252a515c98193744c2031498501de80e036899758,VerticalAcc,dynamic
dc8bf44eb4cc0becf1c5ebe252a515c98193744c2031498501de80e036899758,RollRate,dynamic
dc8bf44eb4cc0becf1c5ebe252a515c98193744c2031498501de80e036899758,PitchRate,dynamic
dc8bf44eb4cc0becf1c5ebe252a515c98193744c2031498501de80e036899758,YawRate,dynamic
dc8bf44eb4cc0becf1c5ebe252a515c98193744c2031498501de80e036899758,ECU VehSpeed,constant
dc8bf44eb4cc0becf1c5ebe252a515c98193744c2031498501de80e036899758,ECU WheelSpdFL,constant
dc8bf44eb4cc0becf1c5ebe252a515c98193744c2031498501de80e036899758,ECU WheelSpdFR,constant
dc8bf44eb4cc0becf1c5ebe252a515c98193744c2031498501de80e036899758,ECU WheelSpdRL,constant
dc8bf44eb4cc0becf1c5ebe252a515c98193744c2031498501de80e036899758,ECU WheelSpdRR,constant
dc8bf44eb4cc0becf1c5ebe252a515c98193744c2031498501de80e036899758,Oil Pressure,dynamic
