recording_id,segment_id,start_s,end_s,prediction_kind,score,label_status,cluster,distance_to_centroid
07173121b1534f1eadb8b127005d4eff70872388074c2bbe0c93061527d89f40,window_0,0.0,10.0,driving_regime_cluster,-4.121486761391979,provisional_unverified,0,4.121486761391979
07173121b1534f1eadb8b127005d4eff70872388074c2bbe0c93061527d89f40,window_1,2.0,12.0,driving_regime_cluster,-2.9942688354652858,provisional_unverified,0,2.9942688354652858
07173121b1534f1eadb8b127005d4eff70872388074c2bbe0c93061527d89f40,window_2,4.0,14.0,driving_regime_cluster,-2.865904998510959,provisional_unverified,0,2.865904998510959
07173121b1534f1eadb8b127005d4eff70872388074c2bbe0c93061527d89f40,window_3,6.0,16.0,driving_regime_cluster,-6.175443157669772,provisional_unverified,0,6.175443157669772
07173121b1534f1eadb8b127005d4eff70872388074c2bbe0c93061527d89f40,window_4,8.0,18.0,driving_regime_cluster,-5.284620569853588,provisional_unverified,0,5.284620569853588
07173121b1534f1eadb8b127005d4eff70872388074c2bbe0c93061527d89f40,window_5,10.0,20.0,driving_regime_cluster,-2.923983921558532,provisional_unverified,0,2.923983921558532
07173121b1534f1eadb8b127005d4eff70872388074c2bbe0c93061527d89f40,window_6,12.0,22.0,driving_regime_cluster,-2.809644653464496,provisional_unverified,0,2.809644653464496
1a8433bf1168531d6f7c2deb5c37b27de5ddf1d9f65316416ecbf000289fd40a,window_7,0.0,10.0,driving_regime_cluster,-9.813871721705294,provisional_unverified,0,9.813871721705294
1a8433bf1168531d6f7c2deb5c37b27de5ddf1d9f65316416ecbf000289fd40a,window_8,2.0,12.0,driving_regime_cluster,-9.476634688819484,provisional_unverified,0,9.476634688819484
1a8433bf1168531d6f7c2deb5c37b27de5ddf1d9f65316416ecbf000289fd40a,window_9,4.0,14.0,driving_regime_cluster,-4.853354070781439,provisional_unverified,0,4.853354070781439
1a8433bf1168531d6f7c2deb5c37b27de5ddf1d9f65316416ecbf000289fd40a,window_10,6.0,16.0,driving_regime_cluster,-8.458282801815926,provisional_unverified,0,8.458282801815926
1a8433bf1168531d6f7c2deb5c37b27de5ddf1d9f65316416ecbf000289fd40a,window_11,8.0,18.0,driving_regime_cluster,-7.832446358394382,provisional_unverified,0,7.832446358394382
1a8433bf1168531d6f7c2deb5c37b27de5ddf1d9f65316416ecbf000289fd40a,window_12,10.0,20.0,driving_regime_cluster,-7.574939307746035,provisional_unverified,0,7.574939307746035
1a8433bf1168531d6f7c2deb5c37b27de5ddf1d9f65316416ecbf000289fd40a,window_13,12.0,22.0,driving_regime_cluster,-2.991632491356235,provisional_unverified,0,2.991632491356235
1cca7c275163fc193899535ebb0c13f26676e8568d3c8adac48dbcc224812b0c,window_14,0.0,10.0,driving_regime_cluster,-3.3291713777194447,provisional_unverified,0,3.3291713777194447
1cca7c275163fc193899535ebb0c13f26676e8568d3c8adac48dbcc224812b0c,window_15,2.0,12.0,driving_regime_cluster,-3.0716728610417596,provisional_unverified,0,3.0716728610417596
1cca7c275163fc193899535ebb0c13f26676e8568d3c8adac48dbcc224812b0c,window_16,4.0,14.0,driving_regime_cluster,-2.854273770515935,provisional_unverified,0,2.854273770515935
1cca7c275163fc193899535ebb0c13f26676e8568d3c8adac48dbcc224812b0c,window_17,6.0,16.0,driving_regime_cluster,-2.600028755583688,provisional_unverified,0,2.600028755583688
1cca7c275163fc193899535ebb0c13f26676e8568d3c8adac48dbcc224812b0c,window_18,8.0,18.0,driving_regime_cluster,-3.2271043126386973,provisional_unverified,2,3.2271043126386973
1cca7c275163fc193899535ebb0c13f26676e8568d3c8adac48dbcc224812b0c,window_19,10.0,20.0,driving_regime_cluster,-3.3964503067900207,provisional_unverified,2,3.3964503067900207
1cca7c275163fc193899535ebb0c13f26676e8568d3c8adac48dbcc224812b0c,window_20,12.0,22.0,driving_regime_cluster,-3.4345520903629803,provisional_unverified,2,3.4345520903629803
1cca7c275163fc193899535ebb0c13f26676e8568d3c8adac48dbcc224812b0c,window_21,14.0,24.0,driving_regime_cluster,-3.4516617382844887,provisional_unverified,2,3.4516617382844887
1cca7c275163fc193899535ebb0c13f26676e8568d3c8adac48dbcc224812b0c,window_22,16.0,26.0,driving_regime_cluster,-2.8841964921725722,provisional_unverified,0,2.8841964921725722
1cca7c275163fc193899535ebb0c13f26676e8568d3c8adac48dbcc224812b0c,window_23,18.0,28.0,driving_regime_cluster,-2.5982766464575757,provisional_unverified,0,2.5982766464575757
1cca7c275163fc193899535ebb0c13f26676e8568d3c8adac48dbcc224812b0c,window_24,20.0,30.0,driving_regime_cluster,-2.614521694077715,provisional_unverified,0,2.614521694077715
1cca7c275163fc193899535ebb0c13f26676e8568d3c8adac48dbcc224812b0c,window_25,22.0,32.0,driving_regime_cluster,-2.710108367936578,provisional_unverified,0,2.710108367936578
1cca7c275163fc193899535ebb0c13f26676e8568d3c8adac48dbcc224812b0c,window_26,24.0,34.0,driving_regime_cluster,-2.875909881842469,provisional_unverified,0,2.875909881842469
1cca7c275163fc193899535ebb0c13f26676e8568d3c8adac48dbcc224812b0c,window_27,26.0,36.0,driving_regime_cluster,-6.219719744826126,provisional_unverified,2,6.219719744826126
1cca7c275163fc193899535ebb0c13f26676e8568d3c8adac48dbcc224812b0c,window_28,28.0,38.0,driving_regime_cluster,-4.325680689393873,provisional_unverified,2,4.325680689393873
200a690cbeb5a4d9f415d6a933e60aa13a0cf5ee5c03c71731d7739c8ecbda5e,window_29,0.0,10.0,driving_regime_cluster,-3.825720791576857,provisional_unverified,0,3.825720791576857
200a690cbeb5a4d9f415d6a933e60aa13a0cf5ee5c03c71731d7739c8ecbda5e,window_30,2.0,12.0,driving_regime_cluster,-3.7076528406111975,provisional_unverified,0,3.7076528406111975
200a690cbeb5a4d9f415d6a933e60aa13a0cf5ee5c03c71731d7739c8ecbda5e,window_31,4.0,14.0,driving_regime_cluster,-2.809940451343068,provisional_unverified,0,2.809940451343068
200a690cbeb5a4d9f415d6a933e60aa13a0cf5ee5c03c71731d7739c8ecbda5e,window_32,6.0,16.0,driving_regime_cluster,-2.712931772115474,provisional_unverified,0,2.712931772115474
200a690cbeb5a4d9f415d6a933e60aa13a0cf5ee5c03c71731d7739c8ecbda5e,window_33,8.0,18.0,driving_regime_cluster,-2.717401237259123,provisional_unverified,0,2.717401237259123
200a690cbeb5a4d9f415d6a933e60aa13a0cf5ee5c03c71731d7739c8ecbda5e,window_34,10.0,20.0,driving_regime_cluster,-2.7210506174617746,provisional_unverified,0,2.7210506174617746
200a690cbeb5a4d9f415d6a933e60aa13a0cf5ee5c03c71731d7739c8ecbda5e,window_35,12.0,22.0,driving_regime_cluster,-2.72148939027648,provisional_unverified,0,2.72148939027648
200a690cbeb5a4d9f415d6a933e60aa13a0cf5ee5c03c71731d7739c8ecbda5e,window_36,14.0,24.0,driving_regime_cluster,-2.9690780664483807,provisional_unverified,0,2.9690780664483807
200a690cbeb5a4d9f415d6a933e60aa13a0cf5ee5c03c71731d7739c8ecbda5e,window_37,16.0,26.0,driving_regime_cluster,-3.576067563201423,provisional_unverified,0,3.576067563201423
200a690cbeb5a4d9f415d6a933e60aa13a0cf5ee5c03c71731d7739c8ecbda5e,window_38,18.0,28.0,driving_regime_cluster,-2.860185058384702,provisional_unverified,0,2.860185058384702
200a690cbeb5a4d9f415d6a933e60aa13a0cf5ee5c03c71731d7739c8ecbda5e,window_39,20.0,30.0,driving_regime_cluster,-4.194229652411926,provisional_unverified,0,4.194229652411926
200a690cbeb5a4d9f415d6a933e60aa13a0cf5ee5c03c71731d7739c8ecbda5e,window_40,22.0,32.0,driving_regime_cluster,-4.5759704409238475,provisional_unverified,0,4.5759704409238475
200a690cbeb5a4d9f415d6a933e60aa13a0cf5ee5c03c71731d7739c8ecbda5e,window_41,24.0,34.0,driving_regime_cluster,-4.369725720836389,provisional_unverified,0,4.369725720836389
200a690cbeb5a4d9f415d6a933e60aa13a0cf5ee5c03c71731d7739c8ecbda5e,window_42,26.0,36.0,driving_regime_cluster,-4.05131877194503,provisional_unverified,0,4.05131877194503
200a690cbeb5a4d9f415d6a933e60aa13a0cf5ee5c03c71731d7739c8ecbda5e,window_43,28.0,38.0,driving_regime_cluster,-3.9695880118223186,provisional_unverified,0,3.9695880118223186
200a690cbeb5a4d9f415d6a933e60aa13a0cf5ee5c03c71731d7739c8ecbda5e,window_44,30.0,40.0,driving_regime_cluster,-2.371817049657414,provisional_unverified,0,2.371817049657414
200a690cbeb5a4d9f415d6a933e60aa13a0cf5ee5c03c71731d7739c8ecbda5e,window_45,32.0,42.0,driving_regime_cluster,-2.2353877177994375,provisional_unverified,0,2.2353877177994375
200a690cbeb5a4d9f415d6a933e60aa13a0cf5ee5c03c71731d7739c8ecbda5e,window_46,34.0,44.0,driving_regime_cluster,-2.245117052447775,provisional_unverified,0,2.245117052447775
200a690cbeb5a4d9f415d6a933e60aa13a0cf5ee5c03c71731d7739c8ecbda5e,window_47,36.0,46.0,driving_regime_cluster,-2.288667075146562,provisional_unverified,0,2.288667075146562
200a690cbeb5a4d9f415d6a933e60aa13a0cf5ee5c03c71731d7739c8ecbda5e,window_48,38.0,48.0,driving_regime_cluster,-2.2833916096793034,provisional_unverified,0,2.2833916096793034
200a690cbeb5a4d9f415d6a933e60aa13a0cf5ee5c03c71731d7739c8ecbda5e,window_49,40.0,50.0,driving_regime_cluster,-2.4620580719847602,provisional_unverified,0,2.4620580719847602
200a690cbeb5a4d9f415d6a933e60aa13a0cf5ee5c03c71731d7739c8ecbda5e,window_50,42.0,52.0,driving_regime_cluster,-2.4673502768672813,provisional_unverified,0,2.4673502768672813
200a690cbeb5a4d9f415d6a933e60aa13a0cf5ee5c03c71731d7739c8ecbda5e,window_51,44.0,54.0,driving_regime_cluster,-2.358765149318953,provisional_unverified,0,2.358765149318953
200a690cbeb5a4d9f415d6a933e60aa13a0cf5ee5c03c71731d7739c8ecbda5e,window_52,46.0,56.0,driving_regime_cluster,-1.6863905292274202,provisional_unverified,0,1.6863905292274202
25aa01e1dcbaea32c062e01b0f782c938c34163fc58af14087dfe2f77906c06e,window_53,0.0,10.0,driving_regime_cluster,-3.844396361817065,provisional_unverified,0,3.844396361817065
25aa01e1dcbaea32c062e01b0f782c938c34163fc58af14087dfe2f77906c06e,window_54,2.0,12.0,driving_regime_cluster,-3.844554769403223,provisional_unverified,0,3.844554769403223
25aa01e1dcbaea32c062e01b0f782c938c34163fc58af14087dfe2f77906c06e,window_55,4.0,14.0,driving_regime_cluster,-3.3854781108748786,provisional_unverified,0,3.3854781108748786
25aa01e1dcbaea32c062e01b0f782c938c34163fc58af14087dfe2f77906c06e,window_56,6.0,16.0,driving_regime_cluster,-3.1570907601771756,provisional_unverified,0,3.1570907601771756
25aa01e1dcbaea32c062e01b0f782c938c34163fc58af14087dfe2f77906c06e,window_57,8.0,18.0,driving_regime_cluster,-5.844553291940656,provisional_unverified,0,5.844553291940656
25aa01e1dcbaea32c062e01b0f782c938c34163fc58af14087dfe2f77906c06e,window_58,10.0,20.0,driving_regime_cluster,-6.022295105530704,provisional_unverified,0,6.022295105530704
25aa01e1dcbaea32c062e01b0f782c938c34163fc58af14087dfe2f77906c06e,window_59,12.0,22.0,driving_regime_cluster,-5.674284241354462,provisional_unverified,0,5.674284241354462
25aa01e1dcbaea32c062e01b0f782c938c34163fc58af14087dfe2f77906c06e,window_60,14.0,24.0,driving_regime_cluster,-5.331658099059761,provisional_unverified,0,5.331658099059761
25aa01e1dcbaea32c062e01b0f782c938c34163fc58af14087dfe2f77906c06e,window_61,16.0,26.0,driving_regime_cluster,-4.399838288222578,provisional_unverified,0,4.399838288222578
25aa01e1dcbaea32c062e01b0f782c938c34163fc58af14087dfe2f77906c06e,window_62,18.0,28.0,driving_regime_cluster,-2.8748288153653316,provisional_unverified,0,2.8748288153653316
25aa01e1dcbaea32c062e01b0f782c938c34163fc58af14087dfe2f77906c06e,window_63,20.0,30.0,driving_regime_cluster,-2.2888128707623303,provisional_unverified,0,2.2888128707623303
25aa01e1dcbaea32c062e01b0f782c938c34163fc58af14087dfe2f77906c06e,window_64,22.0,32.0,driving_regime_cluster,-4.767095031558499,provisional_unverified,0,4.767095031558499
25aa01e1dcbaea32c062e01b0f782c938c34163fc58af14087dfe2f77906c06e,window_65,24.0,34.0,driving_regime_cluster,-4.858358758176848,provisional_unverified,0,4.858358758176848
25aa01e1dcbaea32c062e01b0f782c938c34163fc58af14087dfe2f77906c06e,window_66,26.0,36.0,driving_regime_cluster,-4.9844114622565145,provisional_unverified,0,4.9844114622565145
25aa01e1dcbaea32c062e01b0f782c938c34163fc58af14087dfe2f77906c06e,window_67,28.0,38.0,driving_regime_cluster,-4.9801426068980925,provisional_unverified,0,4.9801426068980925
25aa01e1dcbaea32c062e01b0f782c938c34163fc58af14087dfe2f77906c06e,window_68,30.0,40.0,driving_regime_cluster,-4.935508194976147,provisional_unverified,0,4.935508194976147
25aa01e1dcbaea32c062e01b0f782c938c34163fc58af14087dfe2f77906c06e,window_69,32.0,42.0,driving_regime_cluster,-2.469505261327167,provisional_unverified,0,2.469505261327167
25aa01e1dcbaea32c062e01b0f782c938c34163fc58af14087dfe2f77906c06e,window_70,34.0,44.0,driving_regime_cluster,-2.444679381440068,provisional_unverified,0,2.444679381440068
25aa01e1dcbaea32c062e01b0f782c938c34163fc58af14087dfe2f77906c06e,window_71,36.0,46.0,driving_regime_cluster,-2.326372366539563,provisional_unverified,0,2.326372366539563
25aa01e1dcbaea32c062e01b0f782c938c34163fc58af14087dfe2f77906c06e,window_72,38.0,48.0,driving_regime_cluster,-2.3201945533541886,provisional_unverified,0,2.3201945533541886
25aa01e1dcbaea32c062e01b0f782c938c34163fc58af14087dfe2f77906c06e,window_73,40.0,50.0,driving_regime_cluster,-2.6464231264365363,provisional_unverified,0,2.6464231264365363
25aa01e1dcbaea32c062e01b0f782c938c34163fc58af14087dfe2f77906c06e,window_74,42.0,52.0,driving_regime_cluster,-2.842851047438511,provisional_unverified,0,2.842851047438511
25aa01e1dcbaea32c062e01b0f782c938c34163fc58af14087dfe2f77906c06e,window_75,44.0,54.0,driving_regime_cluster,-3.315546615851342,provisional_unverified,0,3.315546615851342
25aa01e1dcbaea32c062e01b0f782c938c34163fc58af14087dfe2f77906c06e,window_76,46.0,56.0,driving_regime_cluster,-3.5115414561639002,provisional_unverified,0,3.5115414561639002
25aa01e1dcbaea32c062e01b0f782c938c34163fc58af14087dfe2f77906c06e,window_77,48.0,58.0,driving_regime_cluster,-3.810347537919699,provisional_unverified,0,3.810347537919699
25aa01e1dcbaea32c062e01b0f782c938c34163fc58af14087dfe2f77906c06e,window_78,50.0,60.0,driving_regime_cluster,-3.844411092180691,provisional_unverified,0,3.844411092180691
25aa01e1dcbaea32c062e01b0f782c938c34163fc58af14087dfe2f77906c06e,window_79,52.0,62.0,driving_regime_cluster,-3.84482377193713,provisional_unverified,0,3.84482377193713
25aa01e1dcbaea32c062e01b0f782c938c34163fc58af14087dfe2f77906c06e,window_80,54.0,64.0,driving_regime_cluster,-3.8453351968975333,provisional_unverified,0,3.8453351968975333
25aa01e1dcbaea32c062e01b0f782c938c34163fc58af14087dfe2f77906c06e,window_81,56.0,66.0,driving_regime_cluster,-3.8435592157913927,provisional_unverified,0,3.8435592157913927
25aa01e1dcbaea32c062e01b0f782c938c34163fc58af14087dfe2f77906c06e,window_82,58.0,68.0,driving_regime_cluster,-4.015396027682814,provisional_unverified,0,4.015396027682814
25aa01e1dcbaea32c062e01b0f782c938c34163fc58af14087dfe2f77906c06e,window_83,60.0,70.0,driving_regime_cluster,-4.031131348362382,provisional_unverified,0,4.031131348362382
25aa01e1dcbaea32c062e01b0f782c938c34163fc58af14087dfe2f77906c06e,window_84,62.0,72.0,driving_regime_cluster,-4.2523577098673355,provisional_unverified,0,4.2523577098673355
2f775054c4e7bb342cf49e0ee66406e82353c274c103fc7f7d6a93ea329aea86,window_85,0.0,10.0,driving_regime_cluster,-4.089393969984927,provisional_unverified,0,4.089393969984927
2f775054c4e7bb342cf49e0ee66406e82353c274c103fc7f7d6a93ea329aea86,window_86,2.0,12.0,driving_regime_cluster,-6.633609857735232,provisional_unverified,0,6.633609857735232
2f775054c4e7bb342cf49e0ee66406e82353c274c103fc7f7d6a93ea329aea86,window_87,4.0,14.0,driving_regime_cluster,-6.8095457440948755,provisional_unverified,0,6.8095457440948755
2f775054c4e7bb342cf49e0ee66406e82353c274c103fc7f7d6a93ea329aea86,window_88,6.0,16.0,driving_regime_cluster,-7.172348817712386,provisional_unverified,0,7.172348817712386
2f775054c4e7bb342cf49e0ee66406e82353c274c103fc7f7d6a93ea329aea86,window_89,8.0,18.0,driving_regime_cluster,-9.263870135749553,provisional_unverified,0,9.263870135749553
2f775054c4e7bb342cf49e0ee66406e82353c274c103fc7f7d6a93ea329aea86,window_90,10.0,20.0,driving_regime_cluster,-9.24185265576772,provisional_unverified,0,9.24185265576772
2f775054c4e7bb342cf49e0ee66406e82353c274c103fc7f7d6a93ea329aea86,window_91,12.0,22.0,driving_regime_cluster,-26.11075900384658,provisional_unverified,0,26.11075900384658
2f775054c4e7bb342cf49e0ee66406e82353c274c103fc7f7d6a93ea329aea86,window_92,14.0,24.0,driving_regime_cluster,-23.292170843014944,provisional_unverified,0,23.292170843014944
2f775054c4e7bb342cf49e0ee66406e82353c274c103fc7f7d6a93ea329aea86,window_93,16.0,26.0,driving_regime_cluster,-29.67118545598441,provisional_unverified,0,29.67118545598441
382db1f8ede73f956341d7b461790125339762ec9d7cc96480f20aefe04d77e1,window_94,0.0,10.0,driving_regime_cluster,-3.652895198570204,provisional_unverified,0,3.652895198570204
382db1f8ede73f956341d7b461790125339762ec9d7cc96480f20aefe04d77e1,window_95,2.0,12.0,driving_regime_cluster,-3.6517838753275784,provisional_unverified,0,3.6517838753275784
382db1f8ede73f956341d7b461790125339762ec9d7cc96480f20aefe04d77e1,window_96,4.0,14.0,driving_regime_cluster,-3.6482841134252553,provisional_unverified,0,3.6482841134252553
382db1f8ede73f956341d7b461790125339762ec9d7cc96480f20aefe04d77e1,window_97,6.0,16.0,driving_regime_cluster,-3.6460596330094712,provisional_unverified,0,3.6460596330094712
382db1f8ede73f956341d7b461790125339762ec9d7cc96480f20aefe04d77e1,window_98,8.0,18.0,driving_regime_cluster,-3.64877431718213,provisional_unverified,0,3.64877431718213
382db1f8ede73f956341d7b461790125339762ec9d7cc96480f20aefe04d77e1,window_99,10.0,20.0,driving_regime_cluster,-3.633909933102066,provisional_unverified,0,3.633909933102066
382db1f8ede73f956341d7b461790125339762ec9d7cc96480f20aefe04d77e1,window_100,12.0,22.0,driving_regime_cluster,-3.6394564964357126,provisional_unverified,0,3.6394564964357126
382db1f8ede73f956341d7b461790125339762ec9d7cc96480f20aefe04d77e1,window_101,14.0,24.0,driving_regime_cluster,-3.631334954795879,provisional_unverified,0,3.631334954795879
382db1f8ede73f956341d7b461790125339762ec9d7cc96480f20aefe04d77e1,window_102,16.0,26.0,driving_regime_cluster,-3.637534434596972,provisional_unverified,0,3.637534434596972
382db1f8ede73f956341d7b461790125339762ec9d7cc96480f20aefe04d77e1,window_103,18.0,28.0,driving_regime_cluster,-3.631695631987034,provisional_unverified,0,3.631695631987034
382db1f8ede73f956341d7b461790125339762ec9d7cc96480f20aefe04d77e1,window_104,20.0,30.0,driving_regime_cluster,-3.6343328425056733,provisional_unverified,0,3.6343328425056733
382db1f8ede73f956341d7b461790125339762ec9d7cc96480f20aefe04d77e1,window_105,22.0,32.0,driving_regime_cluster,-3.634059292953937,provisional_unverified,0,3.634059292953937
382db1f8ede73f956341d7b461790125339762ec9d7cc96480f20aefe04d77e1,window_106,24.0,34.0,driving_regime_cluster,-3.640508100072034,provisional_unverified,0,3.640508100072034
382db1f8ede73f956341d7b461790125339762ec9d7cc96480f20aefe04d77e1,window_107,26.0,36.0,driving_regime_cluster,-3.63276515125836,provisional_unverified,0,3.63276515125836
382db1f8ede73f956341d7b461790125339762ec9d7cc96480f20aefe04d77e1,window_108,28.0,38.0,driving_regime_cluster,-3.631380163446526,provisional_unverified,0,3.631380163446526
382db1f8ede73f956341d7b461790125339762ec9d7cc96480f20aefe04d77e1,window_109,30.0,40.0,driving_regime_cluster,-3.653328687083585,provisional_unverified,0,3.653328687083585
382db1f8ede73f956341d7b461790125339762ec9d7cc96480f20aefe04d77e1,window_110,32.0,42.0,driving_regime_cluster,-3.6551873640123875,provisional_unverified,0,3.6551873640123875
382db1f8ede73f956341d7b461790125339762ec9d7cc96480f20aefe04d77e1,window_111,34.0,44.0,driving_regime_cluster,-3.65458661340782,provisional_unverified,0,3.65458661340782
382db1f8ede73f956341d7b461790125339762ec9d7cc96480f20aefe04d77e1,window_112,36.0,46.0,driving_regime_cluster,-3.6596290463226997,provisional_unverified,0,3.6596290463226997
382db1f8ede73f956341d7b461790125339762ec9d7cc96480f20aefe04d77e1,window_113,38.0,48.0,driving_regime_cluster,-3.6560220155507195,provisional_unverified,0,3.6560220155507195
382db1f8ede73f956341d7b461790125339762ec9d7cc96480f20aefe04d77e1,window_114,40.0,50.0,driving_regime_cluster,-3.6382649444646518,provisional_unverified,0,3.6382649444646518
382db1f8ede73f956341d7b461790125339762ec9d7cc96480f20aefe04d77e1,window_115,42.0,52.0,driving_regime_cluster,-3.638161968621733,provisional_unverified,0,3.638161968621733
382db1f8ede73f956341d7b461790125339762ec9d7cc96480f20aefe04d77e1,window_116,44.0,54.0,driving_regime_cluster,-3.6424972706758485,provisional_unverified,0,3.6424972706758485
382db1f8ede73f956341d7b461790125339762ec9d7cc96480f20aefe04d77e1,window_117,46.0,56.0,driving_regime_cluster,-3.633990899947235,provisional_unverified,0,3.633990899947235
4c8d0190b666e26315ce16c862ca2e968d576e14537487162bbd73b9a47d0c07,window_118,0.0,10.0,driving_regime_cluster,-6.768534978749339,provisional_unverified,0,6.768534978749339
4c8d0190b666e26315ce16c862ca2e968d576e14537487162bbd73b9a47d0c07,window_119,2.0,12.0,driving_regime_cluster,-6.671647244609201,provisional_unverified,0,6.671647244609201
4c8d0190b666e26315ce16c862ca2e968d576e14537487162bbd73b9a47d0c07,window_120,4.0,14.0,driving_regime_cluster,-6.176471872030699,provisional_unverified,0,6.176471872030699
4c8d0190b666e26315ce16c862ca2e968d576e14537487162bbd73b9a47d0c07,window_121,6.0,16.0,driving_regime_cluster,-6.848619447735537,provisional_unverified,0,6.848619447735537
4c8d0190b666e26315ce16c862ca2e968d576e14537487162bbd73b9a47d0c07,window_122,8.0,18.0,driving_regime_cluster,-8.8930807732747,provisional_unverified,0,8.8930807732747
4c8d0190b666e26315ce16c862ca2e968d576e14537487162bbd73b9a47d0c07,window_123,10.0,20.0,driving_regime_cluster,-2.793705879992657,provisional_unverified,0,2.793705879992657
4c8d0190b666e26315ce16c862ca2e968d576e14537487162bbd73b9a47d0c07,window_124,12.0,22.0,driving_regime_cluster,-2.825020538437365,provisional_unverified,0,2.825020538437365
554af5ad576c1c1d069356649e3bd1e2699a5801f6a0fa703e0c50db726bae3b,window_125,0.0,10.0,driving_regime_cluster,-3.8444580830095703,provisional_unverified,0,3.8444580830095703
554af5ad576c1c1d069356649e3bd1e2699a5801f6a0fa703e0c50db726bae3b,window_126,2.0,12.0,driving_regime_cluster,-3.846027783591502,provisional_unverified,0,3.846027783591502
554af5ad576c1c1d069356649e3bd1e2699a5801f6a0fa703e0c50db726bae3b,window_127,4.0,14.0,driving_regime_cluster,-3.846970383355268,provisional_unverified,0,3.846970383355268
554af5ad576c1c1d069356649e3bd1e2699a5801f6a0fa703e0c50db726bae3b,window_128,6.0,16.0,driving_regime_cluster,-3.846786502411968,provisional_unverified,0,3.846786502411968
554af5ad576c1c1d069356649e3bd1e2699a5801f6a0fa703e0c50db726bae3b,window_129,8.0,18.0,driving_regime_cluster,-3.846729923183476,provisional_unverified,0,3.846729923183476
564a12f3d813c10242613a907d2b4981e7296739ba9a560571b3547dab1daa7f,window_130,0.0,10.0,driving_regime_cluster,-3.73220182667994,provisional_unverified,0,3.73220182667994
564a12f3d813c10242613a907d2b4981e7296739ba9a560571b3547dab1daa7f,window_131,2.0,12.0,driving_regime_cluster,-3.7363631267425648,provisional_unverified,0,3.7363631267425648
564a12f3d813c10242613a907d2b4981e7296739ba9a560571b3547dab1daa7f,window_132,4.0,14.0,driving_regime_cluster,-3.7332219761733363,provisional_unverified,0,3.7332219761733363
564a12f3d813c10242613a907d2b4981e7296739ba9a560571b3547dab1daa7f,window_133,6.0,16.0,driving_regime_cluster,-3.7138469075240357,provisional_unverified,0,3.7138469075240357
564a12f3d813c10242613a907d2b4981e7296739ba9a560571b3547dab1daa7f,window_134,8.0,18.0,driving_regime_cluster,-3.722597254229546,provisional_unverified,0,3.722597254229546
564a12f3d813c10242613a907d2b4981e7296739ba9a560571b3547dab1daa7f,window_135,10.0,20.0,driving_regime_cluster,-3.723071371920516,provisional_unverified,0,3.723071371920516
564a12f3d813c10242613a907d2b4981e7296739ba9a560571b3547dab1daa7f,window_136,12.0,22.0,driving_regime_cluster,-3.7217374380271866,provisional_unverified,0,3.7217374380271866
564a12f3d813c10242613a907d2b4981e7296739ba9a560571b3547dab1daa7f,window_137,14.0,24.0,driving_regime_cluster,-3.7230560806424142,provisional_unverified,0,3.7230560806424142
564a12f3d813c10242613a907d2b4981e7296739ba9a560571b3547dab1daa7f,window_138,16.0,26.0,driving_regime_cluster,-3.7322811656030725,provisional_unverified,0,3.7322811656030725
564a12f3d813c10242613a907d2b4981e7296739ba9a560571b3547dab1daa7f,window_139,18.0,28.0,driving_regime_cluster,-3.724227459393105,provisional_unverified,0,3.724227459393105
564a12f3d813c10242613a907d2b4981e7296739ba9a560571b3547dab1daa7f,window_140,20.0,30.0,driving_regime_cluster,-3.719441617069043,provisional_unverified,0,3.719441617069043
564a12f3d813c10242613a907d2b4981e7296739ba9a560571b3547dab1daa7f,window_141,22.0,32.0,driving_regime_cluster,-3.719208961586161,provisional_unverified,0,3.719208961586161
564a12f3d813c10242613a907d2b4981e7296739ba9a560571b3547dab1daa7f,window_142,24.0,34.0,driving_regime_cluster,-3.725809469292143,provisional_unverified,0,3.725809469292143
564a12f3d813c10242613a907d2b4981e7296739ba9a560571b3547dab1daa7f,window_143,26.0,36.0,driving_regime_cluster,-3.7042629351041287,provisional_unverified,0,3.7042629351041287
564a12f3d813c10242613a907d2b4981e7296739ba9a560571b3547dab1daa7f,window_144,28.0,38.0,driving_regime_cluster,-3.7083302782329626,provisional_unverified,0,3.7083302782329626
564a12f3d813c10242613a907d2b4981e7296739ba9a560571b3547dab1daa7f,window_145,30.0,40.0,driving_regime_cluster,-3.702252936776159,provisional_unverified,0,3.702252936776159
564a12f3d813c10242613a907d2b4981e7296739ba9a560571b3547dab1daa7f,window_146,32.0,42.0,driving_regime_cluster,-3.7087836381201122,provisional_unverified,0,3.7087836381201122
564a12f3d813c10242613a907d2b4981e7296739ba9a560571b3547dab1daa7f,window_147,34.0,44.0,driving_regime_cluster,-3.7030849011972453,provisional_unverified,0,3.7030849011972453
564a12f3d813c10242613a907d2b4981e7296739ba9a560571b3547dab1daa7f,window_148,36.0,46.0,driving_regime_cluster,-3.71315975672434,provisional_unverified,0,3.71315975672434
564a12f3d813c10242613a907d2b4981e7296739ba9a560571b3547dab1daa7f,window_149,38.0,48.0,driving_regime_cluster,-3.7182506428850584,provisional_unverified,0,3.7182506428850584
564a12f3d813c10242613a907d2b4981e7296739ba9a560571b3547dab1daa7f,window_150,40.0,50.0,driving_regime_cluster,-3.725850376701476,provisional_unverified,0,3.725850376701476
564a12f3d813c10242613a907d2b4981e7296739ba9a560571b3547dab1daa7f,window_151,42.0,52.0,driving_regime_cluster,-3.7380085519815105,provisional_unverified,0,3.7380085519815105
564a12f3d813c10242613a907d2b4981e7296739ba9a560571b3547dab1daa7f,window_152,44.0,54.0,driving_regime_cluster,-3.7358885629006955,provisional_unverified,0,3.7358885629006955
564a12f3d813c10242613a907d2b4981e7296739ba9a560571b3547dab1daa7f,window_153,46.0,56.0,driving_regime_cluster,-3.7262093199871615,provisional_unverified,0,3.7262093199871615
5e9e04831922d971561f6ffb53b2c77744d905cca01dcc2fe043d10b2f63c613,window_154,0.0,10.0,driving_regime_cluster,-3.8775276164269994,provisional_unverified,0,3.8775276164269994
5e9e04831922d971561f6ffb53b2c77744d905cca01dcc2fe043d10b2f63c613,window_155,2.0,12.0,driving_regime_cluster,-3.7349691617302745,provisional_unverified,0,3.7349691617302745
5e9e04831922d971561f6ffb53b2c77744d905cca01dcc2fe043d10b2f63c613,window_156,4.0,14.0,driving_regime_cluster,-3.896685810642854,provisional_unverified,0,3.896685810642854
5e9e04831922d971561f6ffb53b2c77744d905cca01dcc2fe043d10b2f63c613,window_157,6.0,16.0,driving_regime_cluster,-5.930008244114904,provisional_unverified,0,5.930008244114904
5e9e04831922d971561f6ffb53b2c77744d905cca01dcc2fe043d10b2f63c613,window_158,8.0,18.0,driving_regime_cluster,-5.984506431488483,provisional_unverified,0,5.984506431488483
5e9e04831922d971561f6ffb53b2c77744d905cca01dcc2fe043d10b2f63c613,window_159,10.0,20.0,driving_regime_cluster,-5.895318610363542,provisional_unverified,0,5.895318610363542
5e9e04831922d971561f6ffb53b2c77744d905cca01dcc2fe043d10b2f63c613,window_160,12.0,22.0,driving_regime_cluster,-6.117641429439355,provisional_unverified,0,6.117641429439355
5e9e04831922d971561f6ffb53b2c77744d905cca01dcc2fe043d10b2f63c613,window_161,14.0,24.0,driving_regime_cluster,-5.991352100217411,provisional_unverified,0,5.991352100217411
5e9e04831922d971561f6ffb53b2c77744d905cca01dcc2fe043d10b2f63c613,window_162,16.0,26.0,driving_regime_cluster,-3.0311840184935344,provisional_unverified,0,3.0311840184935344
5e9e04831922d971561f6ffb53b2c77744d905cca01dcc2fe043d10b2f63c613,window_163,18.0,28.0,driving_regime_cluster,-2.6828830775194143,provisional_unverified,0,2.6828830775194143
5e9e04831922d971561f6ffb53b2c77744d905cca01dcc2fe043d10b2f63c613,window_164,20.0,30.0,driving_regime_cluster,-2.3355205787196276,provisional_unverified,0,2.3355205787196276
5e9e04831922d971561f6ffb53b2c77744d905cca01dcc2fe043d10b2f63c613,window_165,22.0,32.0,driving_regime_cluster,-2.131394340913403,provisional_unverified,0,2.131394340913403
5e9e04831922d971561f6ffb53b2c77744d905cca01dcc2fe043d10b2f63c613,window_166,24.0,34.0,driving_regime_cluster,-1.9231329389669072,provisional_unverified,0,1.9231329389669072
5e9e04831922d971561f6ffb53b2c77744d905cca01dcc2fe043d10b2f63c613,window_167,26.0,36.0,driving_regime_cluster,-1.6837000950842391,provisional_unverified,0,1.6837000950842391
5e9e04831922d971561f6ffb53b2c77744d905cca01dcc2fe043d10b2f63c613,window_168,28.0,38.0,driving_regime_cluster,-2.1627167950084183,provisional_unverified,0,2.1627167950084183
5e9e04831922d971561f6ffb53b2c77744d905cca01dcc2fe043d10b2f63c613,window_169,30.0,40.0,driving_regime_cluster,-2.0569788258802824,provisional_unverified,0,2.0569788258802824
629d7d57091b71c5c0c2c6f42218702e454b4ae60e20636885741c7c22fe1bb4,window_170,0.0,10.0,driving_regime_cluster,-2.0111255653821463,provisional_unverified,0,2.0111255653821463
629d7d57091b71c5c0c2c6f42218702e454b4ae60e20636885741c7c22fe1bb4,window_171,2.0,12.0,driving_regime_cluster,-2.112022094315805,provisional_unverified,0,2.112022094315805
629d7d57091b71c5c0c2c6f42218702e454b4ae60e20636885741c7c22fe1bb4,window_172,4.0,14.0,driving_regime_cluster,-2.506646743232142,provisional_unverified,0,2.506646743232142
629d7d57091b71c5c0c2c6f42218702e454b4ae60e20636885741c7c22fe1bb4,window_173,6.0,16.0,driving_regime_cluster,-2.49881013117997,provisional_unverified,0,2.49881013117997
629d7d57091b71c5c0c2c6f42218702e454b4ae60e20636885741c7c22fe1bb4,window_174,8.0,18.0,driving_regime_cluster,-3.132360702386199,provisional_unverified,0,3.132360702386199
629d7d57091b71c5c0c2c6f42218702e454b4ae60e20636885741c7c22fe1bb4,window_175,10.0,20.0,driving_regime_cluster,-3.100026831837272,provisional_unverified,0,3.100026831837272
629d7d57091b71c5c0c2c6f42218702e454b4ae60e20636885741c7c22fe1bb4,window_176,12.0,22.0,driving_regime_cluster,-2.8829099434333,provisional_unverified,0,2.8829099434333
629d7d57091b71c5c0c2c6f42218702e454b4ae60e20636885741c7c22fe1bb4,window_177,14.0,24.0,driving_regime_cluster,-2.916641491690795,provisional_unverified,0,2.916641491690795
629d7d57091b71c5c0c2c6f42218702e454b4ae60e20636885741c7c22fe1bb4,window_178,16.0,26.0,driving_regime_cluster,-3.1911438193395956,provisional_unverified,0,3.1911438193395956
629d7d57091b71c5c0c2c6f42218702e454b4ae60e20636885741c7c22fe1bb4,window_179,18.0,28.0,driving_regime_cluster,-2.932059363591599,provisional_unverified,0,2.932059363591599
629d7d57091b71c5c0c2c6f42218702e454b4ae60e20636885741c7c22fe1bb4,window_180,20.0,30.0,driving_regime_cluster,-3.3374462061817756,provisional_unverified,0,3.3374462061817756
629d7d57091b71c5c0c2c6f42218702e454b4ae60e20636885741c7c22fe1bb4,window_181,22.0,32.0,driving_regime_cluster,-3.636182140209367,provisional_unverified,0,3.636182140209367
629d7d57091b71c5c0c2c6f42218702e454b4ae60e20636885741c7c22fe1bb4,window_182,24.0,34.0,driving_regime_cluster,-3.827721948778507,provisional_unverified,0,3.827721948778507
629d7d57091b71c5c0c2c6f42218702e454b4ae60e20636885741c7c22fe1bb4,window_183,26.0,36.0,driving_regime_cluster,-3.828365558005645,provisional_unverified,0,3.828365558005645
629d7d57091b71c5c0c2c6f42218702e454b4ae60e20636885741c7c22fe1bb4,window_184,28.0,38.0,driving_regime_cluster,-3.8277145441316485,provisional_unverified,0,3.8277145441316485
629d7d57091b71c5c0c2c6f42218702e454b4ae60e20636885741c7c22fe1bb4,window_185,30.0,40.0,driving_regime_cluster,-2.9419650788272302,provisional_unverified,0,2.9419650788272302
629d7d57091b71c5c0c2c6f42218702e454b4ae60e20636885741c7c22fe1bb4,window_186,32.0,42.0,driving_regime_cluster,-2.540670306492371,provisional_unverified,0,2.540670306492371
629d7d57091b71c5c0c2c6f42218702e454b4ae60e20636885741c7c22fe1bb4,window_187,34.0,44.0,driving_regime_cluster,-2.637141751838333,provisional_unverified,0,2.637141751838333
629d7d57091b71c5c0c2c6f42218702e454b4ae60e20636885741c7c22fe1bb4,window_188,36.0,46.0,driving_regime_cluster,-2.660050505185881,provisional_unverified,0,2.660050505185881
629d7d57091b71c5c0c2c6f42218702e454b4ae60e20636885741c7c22fe1bb4,window_189,38.0,48.0,driving_regime_cluster,-2.632661702012771,provisional_unverified,0,2.632661702012771
629d7d57091b71c5c0c2c6f42218702e454b4ae60e20636885741c7c22fe1bb4,window_190,40.0,50.0,driving_regime_cluster,-2.482539760751112,provisional_unverified,0,2.482539760751112
629d7d57091b71c5c0c2c6f42218702e454b4ae60e20636885741c7c22fe1bb4,window_191,42.0,52.0,driving_regime_cluster,-2.3996974607694748,provisional_unverified,0,2.3996974607694748
629d7d57091b71c5c0c2c6f42218702e454b4ae60e20636885741c7c22fe1bb4,window_192,44.0,54.0,driving_regime_cluster,-1.803313164329799,provisional_unverified,0,1.803313164329799
629d7d57091b71c5c0c2c6f42218702e454b4ae60e20636885741c7c22fe1bb4,window_193,46.0,56.0,driving_regime_cluster,-1.4932412407903966,provisional_unverified,0,1.4932412407903966
629d7d57091b71c5c0c2c6f42218702e454b4ae60e20636885741c7c22fe1bb4,window_194,48.0,58.0,driving_regime_cluster,-2.003234589127399,provisional_unverified,0,2.003234589127399
629d7d57091b71c5c0c2c6f42218702e454b4ae60e20636885741c7c22fe1bb4,window_195,50.0,60.0,driving_regime_cluster,-2.013150858668347,provisional_unverified,0,2.013150858668347
629d7d57091b71c5c0c2c6f42218702e454b4ae60e20636885741c7c22fe1bb4,window_196,52.0,62.0,driving_regime_cluster,-2.081239258136144,provisional_unverified,0,2.081239258136144
629d7d57091b71c5c0c2c6f42218702e454b4ae60e20636885741c7c22fe1bb4,window_197,54.0,64.0,driving_regime_cluster,-2.4676066890972486,provisional_unverified,0,2.4676066890972486
629d7d57091b71c5c0c2c6f42218702e454b4ae60e20636885741c7c22fe1bb4,window_198,56.0,66.0,driving_regime_cluster,-2.49887693049548,provisional_unverified,0,2.49887693049548
629d7d57091b71c5c0c2c6f42218702e454b4ae60e20636885741c7c22fe1bb4,window_199,58.0,68.0,driving_regime_cluster,-2.549701472776138,provisional_unverified,0,2.549701472776138
629d7d57091b71c5c0c2c6f42218702e454b4ae60e20636885741c7c22fe1bb4,window_200,60.0,70.0,driving_regime_cluster,-2.573978894800473,provisional_unverified,0,2.573978894800473
629d7d57091b71c5c0c2c6f42218702e454b4ae60e20636885741c7c22fe1bb4,window_201,62.0,72.0,driving_regime_cluster,-2.702177129715793,provisional_unverified,0,2.702177129715793
629d7d57091b71c5c0c2c6f42218702e454b4ae60e20636885741c7c22fe1bb4,window_202,64.0,74.0,driving_regime_cluster,-2.862792872516163,provisional_unverified,0,2.862792872516163
629d7d57091b71c5c0c2c6f42218702e454b4ae60e20636885741c7c22fe1bb4,window_203,66.0,76.0,driving_regime_cluster,-2.983490359610704,provisional_unverified,0,2.983490359610704
629d7d57091b71c5c0c2c6f42218702e454b4ae60e20636885741c7c22fe1bb4,window_204,68.0,78.0,driving_regime_cluster,-3.0652098370665497,provisional_unverified,0,3.0652098370665497
629d7d57091b71c5c0c2c6f42218702e454b4ae60e20636885741c7c22fe1bb4,window_205,70.0,80.0,driving_regime_cluster,-3.5783735345639855,provisional_unverified,0,3.5783735345639855
629d7d57091b71c5c0c2c6f42218702e454b4ae60e20636885741c7c22fe1bb4,window_206,72.0,82.0,driving_regime_cluster,-3.7236457192094834,provisional_unverified,0,3.7236457192094834
629d7d57091b71c5c0c2c6f42218702e454b4ae60e20636885741c7c22fe1bb4,window_207,74.0,84.0,driving_regime_cluster,-3.989223390470284,provisional_unverified,0,3.989223390470284
667a6e15a4394db30d7cce7a4db319041453bfa306b566a87e84b213d81efb29,window_208,0.0,10.0,driving_regime_cluster,-27.017997653883732,provisional_unverified,1,27.017997653883732
667a6e15a4394db30d7cce7a4db319041453bfa306b566a87e84b213d81efb29,window_209,2.0,12.0,driving_regime_cluster,-27.011338555079714,provisional_unverified,1,27.011338555079714
667a6e15a4394db30d7cce7a4db319041453bfa306b566a87e84b213d81efb29,window_210,4.0,14.0,driving_regime_cluster,-26.959623236153714,provisional_unverified,1,26.959623236153714
667a6e15a4394db30d7cce7a4db319041453bfa306b566a87e84b213d81efb29,window_211,6.0,16.0,driving_regime_cluster,-4.753375965738824,provisional_unverified,0,4.753375965738824
667a6e15a4394db30d7cce7a4db319041453bfa306b566a87e84b213d81efb29,window_212,8.0,18.0,driving_regime_cluster,-4.55280473154014,provisional_unverified,0,4.55280473154014
667a6e15a4394db30d7cce7a4db319041453bfa306b566a87e84b213d81efb29,window_213,10.0,20.0,driving_regime_cluster,-3.9684009126864463,provisional_unverified,0,3.9684009126864463
667a6e15a4394db30d7cce7a4db319041453bfa306b566a87e84b213d81efb29,window_214,12.0,22.0,driving_regime_cluster,-2.711694662528824,provisional_unverified,0,2.711694662528824
667a6e15a4394db30d7cce7a4db319041453bfa306b566a87e84b213d81efb29,window_215,14.0,24.0,driving_regime_cluster,-2.525817869795612,provisional_unverified,0,2.525817869795612
667a6e15a4394db30d7cce7a4db319041453bfa306b566a87e84b213d81efb29,window_216,16.0,26.0,driving_regime_cluster,-3.129260437388171,provisional_unverified,0,3.129260437388171
667a6e15a4394db30d7cce7a4db319041453bfa306b566a87e84b213d81efb29,window_217,18.0,28.0,driving_regime_cluster,-3.3375867951385634,provisional_unverified,0,3.3375867951385634
667a6e15a4394db30d7cce7a4db319041453bfa306b566a87e84b213d81efb29,window_218,20.0,30.0,driving_regime_cluster,-3.640721934045763,provisional_unverified,0,3.640721934045763
667a6e15a4394db30d7cce7a4db319041453bfa306b566a87e84b213d81efb29,window_219,22.0,32.0,driving_regime_cluster,-3.628964414154344,provisional_unverified,0,3.628964414154344
667a6e15a4394db30d7cce7a4db319041453bfa306b566a87e84b213d81efb29,window_220,24.0,34.0,driving_regime_cluster,-3.3718835336329542,provisional_unverified,0,3.3718835336329542
667a6e15a4394db30d7cce7a4db319041453bfa306b566a87e84b213d81efb29,window_221,26.0,36.0,driving_regime_cluster,-2.8435638658169906,provisional_unverified,0,2.8435638658169906
667a6e15a4394db30d7cce7a4db319041453bfa306b566a87e84b213d81efb29,window_222,28.0,38.0,driving_regime_cluster,-2.48585870711787,provisional_unverified,0,2.48585870711787
667a6e15a4394db30d7cce7a4db319041453bfa306b566a87e84b213d81efb29,window_223,30.0,40.0,driving_regime_cluster,-7.487466177634034,provisional_unverified,0,7.487466177634034
667a6e15a4394db30d7cce7a4db319041453bfa306b566a87e84b213d81efb29,window_224,32.0,42.0,driving_regime_cluster,-3.377275226046064,provisional_unverified,0,3.377275226046064
667a6e15a4394db30d7cce7a4db319041453bfa306b566a87e84b213d81efb29,window_225,34.0,44.0,driving_regime_cluster,-5.660681541534616,provisional_unverified,0,5.660681541534616
667a6e15a4394db30d7cce7a4db319041453bfa306b566a87e84b213d81efb29,window_226,36.0,46.0,driving_regime_cluster,-5.725533464575477,provisional_unverified,0,5.725533464575477
667a6e15a4394db30d7cce7a4db319041453bfa306b566a87e84b213d81efb29,window_227,38.0,48.0,driving_regime_cluster,-6.197909906645135,provisional_unverified,0,6.197909906645135
667a6e15a4394db30d7cce7a4db319041453bfa306b566a87e84b213d81efb29,window_228,40.0,50.0,driving_regime_cluster,-6.20123298790638,provisional_unverified,0,6.20123298790638
667a6e15a4394db30d7cce7a4db319041453bfa306b566a87e84b213d81efb29,window_229,42.0,52.0,driving_regime_cluster,-6.724552687048474,provisional_unverified,0,6.724552687048474
667a6e15a4394db30d7cce7a4db319041453bfa306b566a87e84b213d81efb29,window_230,44.0,54.0,driving_regime_cluster,-12.548349710018728,provisional_unverified,1,12.548349710018728
667a6e15a4394db30d7cce7a4db319041453bfa306b566a87e84b213d81efb29,window_231,46.0,56.0,driving_regime_cluster,-12.410086504580464,provisional_unverified,1,12.410086504580464
667a6e15a4394db30d7cce7a4db319041453bfa306b566a87e84b213d81efb29,window_232,48.0,58.0,driving_regime_cluster,-11.999568685248683,provisional_unverified,1,11.999568685248683
667a6e15a4394db30d7cce7a4db319041453bfa306b566a87e84b213d81efb29,window_233,50.0,60.0,driving_regime_cluster,-9.064464497302012,provisional_unverified,1,9.064464497302012
667a6e15a4394db30d7cce7a4db319041453bfa306b566a87e84b213d81efb29,window_234,52.0,62.0,driving_regime_cluster,-9.067107625070417,provisional_unverified,1,9.067107625070417
667a6e15a4394db30d7cce7a4db319041453bfa306b566a87e84b213d81efb29,window_235,54.0,64.0,driving_regime_cluster,-8.722880619647619,provisional_unverified,1,8.722880619647619
667a6e15a4394db30d7cce7a4db319041453bfa306b566a87e84b213d81efb29,window_236,56.0,66.0,driving_regime_cluster,-10.980512078295801,provisional_unverified,1,10.980512078295801
667a6e15a4394db30d7cce7a4db319041453bfa306b566a87e84b213d81efb29,window_237,58.0,68.0,driving_regime_cluster,-9.517223767083497,provisional_unverified,1,9.517223767083497
667a6e15a4394db30d7cce7a4db319041453bfa306b566a87e84b213d81efb29,window_238,60.0,70.0,driving_regime_cluster,-11.791433085748693,provisional_unverified,0,11.791433085748693
667a6e15a4394db30d7cce7a4db319041453bfa306b566a87e84b213d81efb29,window_239,62.0,72.0,driving_regime_cluster,-11.717347101217605,provisional_unverified,0,11.717347101217605
667a6e15a4394db30d7cce7a4db319041453bfa306b566a87e84b213d81efb29,window_240,64.0,74.0,driving_regime_cluster,-11.275664473275862,provisional_unverified,0,11.275664473275862
667a6e15a4394db30d7cce7a4db319041453bfa306b566a87e84b213d81efb29,window_241,66.0,76.0,driving_regime_cluster,-10.993338655533151,provisional_unverified,0,10.993338655533151
667a6e15a4394db30d7cce7a4db319041453bfa306b566a87e84b213d81efb29,window_242,68.0,78.0,driving_regime_cluster,-5.077803721028036,provisional_unverified,0,5.077803721028036
667a6e15a4394db30d7cce7a4db319041453bfa306b566a87e84b213d81efb29,window_243,70.0,80.0,driving_regime_cluster,-5.867738194489426,provisional_unverified,0,5.867738194489426
667a6e15a4394db30d7cce7a4db319041453bfa306b566a87e84b213d81efb29,window_244,72.0,82.0,driving_regime_cluster,-5.71129967349615,provisional_unverified,0,5.71129967349615
667a6e15a4394db30d7cce7a4db319041453bfa306b566a87e84b213d81efb29,window_245,74.0,84.0,driving_regime_cluster,-8.68998535979262,provisional_unverified,0,8.68998535979262
667a6e15a4394db30d7cce7a4db319041453bfa306b566a87e84b213d81efb29,window_246,76.0,86.0,driving_regime_cluster,-8.757841037648317,provisional_unverified,0,8.757841037648317
667a6e15a4394db30d7cce7a4db319041453bfa306b566a87e84b213d81efb29,window_247,78.0,88.0,driving_regime_cluster,-8.377112965416117,provisional_unverified,0,8.377112965416117
667a6e15a4394db30d7cce7a4db319041453bfa306b566a87e84b213d81efb29,window_248,80.0,90.0,driving_regime_cluster,-10.697242839954516,provisional_unverified,0,10.697242839954516
667a6e15a4394db30d7cce7a4db319041453bfa306b566a87e84b213d81efb29,window_249,82.0,92.0,driving_regime_cluster,-9.232627465127187,provisional_unverified,0,9.232627465127187
667a6e15a4394db30d7cce7a4db319041453bfa306b566a87e84b213d81efb29,window_250,84.0,94.0,driving_regime_cluster,-9.749463785668771,provisional_unverified,0,9.749463785668771
667a6e15a4394db30d7cce7a4db319041453bfa306b566a87e84b213d81efb29,window_251,86.0,96.0,driving_regime_cluster,-7.242582080504608,provisional_unverified,0,7.242582080504608
667a6e15a4394db30d7cce7a4db319041453bfa306b566a87e84b213d81efb29,window_252,88.0,98.0,driving_regime_cluster,-3.7989281690213947,provisional_unverified,0,3.7989281690213947
667a6e15a4394db30d7cce7a4db319041453bfa306b566a87e84b213d81efb29,window_253,90.0,100.0,driving_regime_cluster,-3.9021631088511004,provisional_unverified,0,3.9021631088511004
667a6e15a4394db30d7cce7a4db319041453bfa306b566a87e84b213d81efb29,window_254,92.0,102.0,driving_regime_cluster,-3.8163621253140247,provisional_unverified,0,3.8163621253140247
667a6e15a4394db30d7cce7a4db319041453bfa306b566a87e84b213d81efb29,window_255,94.0,104.0,driving_regime_cluster,-2.9867758363954926,provisional_unverified,0,2.9867758363954926
667a6e15a4394db30d7cce7a4db319041453bfa306b566a87e84b213d81efb29,window_256,96.0,106.0,driving_regime_cluster,-2.683159996971066,provisional_unverified,0,2.683159996971066
667a6e15a4394db30d7cce7a4db319041453bfa306b566a87e84b213d81efb29,window_257,98.0,108.0,driving_regime_cluster,-2.5087783892143074,provisional_unverified,0,2.5087783892143074
667a6e15a4394db30d7cce7a4db319041453bfa306b566a87e84b213d81efb29,window_258,100.0,110.0,driving_regime_cluster,-2.3737159900981024,provisional_unverified,0,2.3737159900981024
667a6e15a4394db30d7cce7a4db319041453bfa306b566a87e84b213d81efb29,window_259,102.0,112.0,driving_regime_cluster,-3.2648639859392636,provisional_unverified,0,3.2648639859392636
667a6e15a4394db30d7cce7a4db319041453bfa306b566a87e84b213d81efb29,window_260,104.0,114.0,driving_regime_cluster,-3.3687384630379094,provisional_unverified,0,3.3687384630379094
667a6e15a4394db30d7cce7a4db319041453bfa306b566a87e84b213d81efb29,window_261,106.0,116.0,driving_regime_cluster,-3.504077143891999,provisional_unverified,0,3.504077143891999
667a6e15a4394db30d7cce7a4db319041453bfa306b566a87e84b213d81efb29,window_262,108.0,118.0,driving_regime_cluster,-3.6769443698279276,provisional_unverified,0,3.6769443698279276
667a6e15a4394db30d7cce7a4db319041453bfa306b566a87e84b213d81efb29,window_263,110.0,120.0,driving_regime_cluster,-3.7902026801367708,provisional_unverified,0,3.7902026801367708
667a6e15a4394db30d7cce7a4db319041453bfa306b566a87e84b213d81efb29,window_264,112.0,122.0,driving_regime_cluster,-3.818606320308024,provisional_unverified,0,3.818606320308024
667a6e15a4394db30d7cce7a4db319041453bfa306b566a87e84b213d81efb29,window_265,114.0,124.0,driving_regime_cluster,-3.8210221979054335,provisional_unverified,0,3.8210221979054335
667a6e15a4394db30d7cce7a4db319041453bfa306b566a87e84b213d81efb29,window_266,116.0,126.0,driving_regime_cluster,-3.7536691462253935,provisional_unverified,0,3.7536691462253935
667a6e15a4394db30d7cce7a4db319041453bfa306b566a87e84b213d81efb29,window_267,118.0,128.0,driving_regime_cluster,-3.524741407500274,provisional_unverified,0,3.524741407500274
667a6e15a4394db30d7cce7a4db319041453bfa306b566a87e84b213d81efb29,window_268,120.0,130.0,driving_regime_cluster,-3.0038985961792104,provisional_unverified,0,3.0038985961792104
667a6e15a4394db30d7cce7a4db319041453bfa306b566a87e84b213d81efb29,window_269,122.0,132.0,driving_regime_cluster,-2.34525411521039,provisional_unverified,0,2.34525411521039
667a6e15a4394db30d7cce7a4db319041453bfa306b566a87e84b213d81efb29,window_270,124.0,134.0,driving_regime_cluster,-2.165501924575425,provisional_unverified,0,2.165501924575425
667a6e15a4394db30d7cce7a4db319041453bfa306b566a87e84b213d81efb29,window_271,126.0,136.0,driving_regime_cluster,-3.0408338942132187,provisional_unverified,0,3.0408338942132187
667a6e15a4394db30d7cce7a4db319041453bfa306b566a87e84b213d81efb29,window_272,128.0,138.0,driving_regime_cluster,-5.264073035117934,provisional_unverified,0,5.264073035117934
667a6e15a4394db30d7cce7a4db319041453bfa306b566a87e84b213d81efb29,window_273,130.0,140.0,driving_regime_cluster,-15.655326144944244,provisional_unverified,0,15.655326144944244
667a6e15a4394db30d7cce7a4db319041453bfa306b566a87e84b213d81efb29,window_274,132.0,142.0,driving_regime_cluster,-15.72807108717952,provisional_unverified,0,15.72807108717952
667a6e15a4394db30d7cce7a4db319041453bfa306b566a87e84b213d81efb29,window_275,134.0,144.0,driving_regime_cluster,-15.765542601423734,provisional_unverified,0,15.765542601423734
667a6e15a4394db30d7cce7a4db319041453bfa306b566a87e84b213d81efb29,window_276,136.0,146.0,driving_regime_cluster,-15.710830390165821,provisional_unverified,0,15.710830390165821
667a6e15a4394db30d7cce7a4db319041453bfa306b566a87e84b213d81efb29,window_277,138.0,148.0,driving_regime_cluster,-15.689070042194887,provisional_unverified,0,15.689070042194887
667a6e15a4394db30d7cce7a4db319041453bfa306b566a87e84b213d81efb29,window_278,140.0,150.0,driving_regime_cluster,-7.0537286655081175,provisional_unverified,0,7.0537286655081175
667a6e15a4394db30d7cce7a4db319041453bfa306b566a87e84b213d81efb29,window_279,142.0,152.0,driving_regime_cluster,-4.940835448465365,provisional_unverified,0,4.940835448465365
667a6e15a4394db30d7cce7a4db319041453bfa306b566a87e84b213d81efb29,window_280,144.0,154.0,driving_regime_cluster,-5.203893963247832,provisional_unverified,0,5.203893963247832
667a6e15a4394db30d7cce7a4db319041453bfa306b566a87e84b213d81efb29,window_281,146.0,156.0,driving_regime_cluster,-5.001573094000287,provisional_unverified,0,5.001573094000287
667a6e15a4394db30d7cce7a4db319041453bfa306b566a87e84b213d81efb29,window_282,148.0,158.0,driving_regime_cluster,-4.737593031466917,provisional_unverified,0,4.737593031466917
667a6e15a4394db30d7cce7a4db319041453bfa306b566a87e84b213d81efb29,window_283,150.0,160.0,driving_regime_cluster,-2.7949735482455855,provisional_unverified,0,2.7949735482455855
667a6e15a4394db30d7cce7a4db319041453bfa306b566a87e84b213d81efb29,window_284,152.0,162.0,driving_regime_cluster,-2.3628968790734923,provisional_unverified,0,2.3628968790734923
667a6e15a4394db30d7cce7a4db319041453bfa306b566a87e84b213d81efb29,window_285,154.0,164.0,driving_regime_cluster,-2.7380420240127634,provisional_unverified,0,2.7380420240127634
667a6e15a4394db30d7cce7a4db319041453bfa306b566a87e84b213d81efb29,window_286,156.0,166.0,driving_regime_cluster,-6.296752927693351,provisional_unverified,0,6.296752927693351
667a6e15a4394db30d7cce7a4db319041453bfa306b566a87e84b213d81efb29,window_287,158.0,168.0,driving_regime_cluster,-7.611488338270011,provisional_unverified,0,7.611488338270011
667a6e15a4394db30d7cce7a4db319041453bfa306b566a87e84b213d81efb29,window_288,160.0,170.0,driving_regime_cluster,-9.747706656590582,provisional_unverified,0,9.747706656590582
667a6e15a4394db30d7cce7a4db319041453bfa306b566a87e84b213d81efb29,window_289,162.0,172.0,driving_regime_cluster,-16.426561943497823,provisional_unverified,0,16.426561943497823
667a6e15a4394db30d7cce7a4db319041453bfa306b566a87e84b213d81efb29,window_290,164.0,174.0,driving_regime_cluster,-6.043370282681268,provisional_unverified,0,6.043370282681268
667a6e15a4394db30d7cce7a4db319041453bfa306b566a87e84b213d81efb29,window_291,166.0,176.0,driving_regime_cluster,-5.350019210686718,provisional_unverified,0,5.350019210686718
667a6e15a4394db30d7cce7a4db319041453bfa306b566a87e84b213d81efb29,window_292,168.0,178.0,driving_regime_cluster,-3.7997709805104045,provisional_unverified,0,3.7997709805104045
667a6e15a4394db30d7cce7a4db319041453bfa306b566a87e84b213d81efb29,window_293,170.0,180.0,driving_regime_cluster,-3.5732707904052465,provisional_unverified,0,3.5732707904052465
667a6e15a4394db30d7cce7a4db319041453bfa306b566a87e84b213d81efb29,window_294,172.0,182.0,driving_regime_cluster,-2.992435774182631,provisional_unverified,0,2.992435774182631
667a6e15a4394db30d7cce7a4db319041453bfa306b566a87e84b213d81efb29,window_295,174.0,184.0,driving_regime_cluster,-5.8613553308535575,provisional_unverified,0,5.8613553308535575
667a6e15a4394db30d7cce7a4db319041453bfa306b566a87e84b213d81efb29,window_296,176.0,186.0,driving_regime_cluster,-6.776434634592049,provisional_unverified,0,6.776434634592049
667a6e15a4394db30d7cce7a4db319041453bfa306b566a87e84b213d81efb29,window_297,178.0,188.0,driving_regime_cluster,-7.581172350478378,provisional_unverified,0,7.581172350478378
667a6e15a4394db30d7cce7a4db319041453bfa306b566a87e84b213d81efb29,window_298,180.0,190.0,driving_regime_cluster,-7.2455928610455045,provisional_unverified,0,7.2455928610455045
667a6e15a4394db30d7cce7a4db319041453bfa306b566a87e84b213d81efb29,window_299,182.0,192.0,driving_regime_cluster,-7.94800163297141,provisional_unverified,0,7.94800163297141
667a6e15a4394db30d7cce7a4db319041453bfa306b566a87e84b213d81efb29,window_300,184.0,194.0,driving_regime_cluster,-7.848106501478713,provisional_unverified,1,7.848106501478713
667a6e15a4394db30d7cce7a4db319041453bfa306b566a87e84b213d81efb29,window_301,186.0,196.0,driving_regime_cluster,-10.40026078151211,provisional_unverified,1,10.40026078151211
667a6e15a4394db30d7cce7a4db319041453bfa306b566a87e84b213d81efb29,window_302,188.0,198.0,driving_regime_cluster,-10.212430036499661,provisional_unverified,1,10.212430036499661
667a6e15a4394db30d7cce7a4db319041453bfa306b566a87e84b213d81efb29,window_303,190.0,200.0,driving_regime_cluster,-8.598142368851567,provisional_unverified,1,8.598142368851567
667a6e15a4394db30d7cce7a4db319041453bfa306b566a87e84b213d81efb29,window_304,192.0,202.0,driving_regime_cluster,-7.480731671291832,provisional_unverified,1,7.480731671291832
667a6e15a4394db30d7cce7a4db319041453bfa306b566a87e84b213d81efb29,window_305,194.0,204.0,driving_regime_cluster,-5.338022823429608,provisional_unverified,0,5.338022823429608
667a6e15a4394db30d7cce7a4db319041453bfa306b566a87e84b213d81efb29,window_306,196.0,206.0,driving_regime_cluster,-4.998268571541265,provisional_unverified,0,4.998268571541265
667a6e15a4394db30d7cce7a4db319041453bfa306b566a87e84b213d81efb29,window_307,198.0,208.0,driving_regime_cluster,-4.105927868010111,provisional_unverified,0,4.105927868010111
667a6e15a4394db30d7cce7a4db319041453bfa306b566a87e84b213d81efb29,window_308,200.0,210.0,driving_regime_cluster,-5.387996605918072,provisional_unverified,0,5.387996605918072
667a6e15a4394db30d7cce7a4db319041453bfa306b566a87e84b213d81efb29,window_309,202.0,212.0,driving_regime_cluster,-6.710657005163979,provisional_unverified,0,6.710657005163979
667a6e15a4394db30d7cce7a4db319041453bfa306b566a87e84b213d81efb29,window_310,204.0,214.0,driving_regime_cluster,-8.08734560759605,provisional_unverified,0,8.08734560759605
667a6e15a4394db30d7cce7a4db319041453bfa306b566a87e84b213d81efb29,window_311,206.0,216.0,driving_regime_cluster,-5.887490734234119,provisional_unverified,0,5.887490734234119
667a6e15a4394db30d7cce7a4db319041453bfa306b566a87e84b213d81efb29,window_312,208.0,218.0,driving_regime_cluster,-5.881270241978737,provisional_unverified,0,5.881270241978737
667a6e15a4394db30d7cce7a4db319041453bfa306b566a87e84b213d81efb29,window_313,210.0,220.0,driving_regime_cluster,-5.177882525131501,provisional_unverified,0,5.177882525131501
667a6e15a4394db30d7cce7a4db319041453bfa306b566a87e84b213d81efb29,window_314,212.0,222.0,driving_regime_cluster,-4.203051311506407,provisional_unverified,0,4.203051311506407
667a6e15a4394db30d7cce7a4db319041453bfa306b566a87e84b213d81efb29,window_315,214.0,224.0,driving_regime_cluster,-3.9651948621658692,provisional_unverified,0,3.9651948621658692
667a6e15a4394db30d7cce7a4db319041453bfa306b566a87e84b213d81efb29,window_316,216.0,226.0,driving_regime_cluster,-4.081343283397795,provisional_unverified,0,4.081343283397795
667a6e15a4394db30d7cce7a4db319041453bfa306b566a87e84b213d81efb29,window_317,218.0,228.0,driving_regime_cluster,-4.018914738165267,provisional_unverified,0,4.018914738165267
67460352e955edbaf8a0e73406f2aa4726aa14abea0a93abbe0484dccf14d5c3,window_318,0.0,10.0,driving_regime_cluster,-2.9244215517592136,provisional_unverified,0,2.9244215517592136
67460352e955edbaf8a0e73406f2aa4726aa14abea0a93abbe0484dccf14d5c3,window_319,2.0,12.0,driving_regime_cluster,-4.463354426802322,provisional_unverified,0,4.463354426802322
67460352e955edbaf8a0e73406f2aa4726aa14abea0a93abbe0484dccf14d5c3,window_320,4.0,14.0,driving_regime_cluster,-4.630594864836787,provisional_unverified,0,4.630594864836787
67460352e955edbaf8a0e73406f2aa4726aa14abea0a93abbe0484dccf14d5c3,window_321,6.0,16.0,driving_regime_cluster,-4.343151913172387,provisional_unverified,0,4.343151913172387
67460352e955edbaf8a0e73406f2aa4726aa14abea0a93abbe0484dccf14d5c3,window_322,8.0,18.0,driving_regime_cluster,-4.524776810695405,provisional_unverified,0,4.524776810695405
67460352e955edbaf8a0e73406f2aa4726aa14abea0a93abbe0484dccf14d5c3,window_323,10.0,20.0,driving_regime_cluster,-24.063828607643252,provisional_unverified,1,24.063828607643252
67460352e955edbaf8a0e73406f2aa4726aa14abea0a93abbe0484dccf14d5c3,window_324,12.0,22.0,driving_regime_cluster,-24.07701620487421,provisional_unverified,1,24.07701620487421
67460352e955edbaf8a0e73406f2aa4726aa14abea0a93abbe0484dccf14d5c3,window_325,14.0,24.0,driving_regime_cluster,-24.045454033861226,provisional_unverified,1,24.045454033861226
67460352e955edbaf8a0e73406f2aa4726aa14abea0a93abbe0484dccf14d5c3,window_326,16.0,26.0,driving_regime_cluster,-23.95622152471233,provisional_unverified,1,23.95622152471233
67460352e955edbaf8a0e73406f2aa4726aa14abea0a93abbe0484dccf14d5c3,window_327,18.0,28.0,driving_regime_cluster,-24.0980192765312,provisional_unverified,1,24.0980192765312
67460352e955edbaf8a0e73406f2aa4726aa14abea0a93abbe0484dccf14d5c3,window_328,20.0,30.0,driving_regime_cluster,-3.2631122811107605,provisional_unverified,0,3.2631122811107605
67460352e955edbaf8a0e73406f2aa4726aa14abea0a93abbe0484dccf14d5c3,window_329,22.0,32.0,driving_regime_cluster,-2.311195873319566,provisional_unverified,0,2.311195873319566
67460352e955edbaf8a0e73406f2aa4726aa14abea0a93abbe0484dccf14d5c3,window_330,24.0,34.0,driving_regime_cluster,-2.20359844596442,provisional_unverified,0,2.20359844596442
67460352e955edbaf8a0e73406f2aa4726aa14abea0a93abbe0484dccf14d5c3,window_331,26.0,36.0,driving_regime_cluster,-1.9752648062480211,provisional_unverified,0,1.9752648062480211
67460352e955edbaf8a0e73406f2aa4726aa14abea0a93abbe0484dccf14d5c3,window_332,28.0,38.0,driving_regime_cluster,-4.906893247010631,provisional_unverified,0,4.906893247010631
6939b3836a088e9113eb3bffcf362bed963a71bbd9012ecb56dc61e6d500da39,window_333,0.0,10.0,driving_regime_cluster,-3.8416684827857206,provisional_unverified,0,3.8416684827857206
6939b3836a088e9113eb3bffcf362bed963a71bbd9012ecb56dc61e6d500da39,window_334,2.0,12.0,driving_regime_cluster,-4.305684078576086,provisional_unverified,0,4.305684078576086
6939b3836a088e9113eb3bffcf362bed963a71bbd9012ecb56dc61e6d500da39,window_335,4.0,14.0,driving_regime_cluster,-4.399694049237866,provisional_unverified,0,4.399694049237866
6939b3836a088e9113eb3bffcf362bed963a71bbd9012ecb56dc61e6d500da39,window_336,6.0,16.0,driving_regime_cluster,-4.104574657014605,provisional_unverified,0,4.104574657014605
6939b3836a088e9113eb3bffcf362bed963a71bbd9012ecb56dc61e6d500da39,window_337,8.0,18.0,driving_regime_cluster,-3.418683550799669,provisional_unverified,0,3.418683550799669
6939b3836a088e9113eb3bffcf362bed963a71bbd9012ecb56dc61e6d500da39,window_338,10.0,20.0,driving_regime_cluster,-3.9933899484905586,provisional_unverified,0,3.9933899484905586
6939b3836a088e9113eb3bffcf362bed963a71bbd9012ecb56dc61e6d500da39,window_339,12.0,22.0,driving_regime_cluster,-19.21184295905087,provisional_unverified,0,19.21184295905087
6939b3836a088e9113eb3bffcf362bed963a71bbd9012ecb56dc61e6d500da39,window_340,14.0,24.0,driving_regime_cluster,-24.40241886524091,provisional_unverified,0,24.40241886524091
6939b3836a088e9113eb3bffcf362bed963a71bbd9012ecb56dc61e6d500da39,window_341,16.0,26.0,driving_regime_cluster,-25.462948210747438,provisional_unverified,0,25.462948210747438
6939b3836a088e9113eb3bffcf362bed963a71bbd9012ecb56dc61e6d500da39,window_342,18.0,28.0,driving_regime_cluster,-11.68233754807444,provisional_unverified,0,11.68233754807444
6939b3836a088e9113eb3bffcf362bed963a71bbd9012ecb56dc61e6d500da39,window_343,20.0,30.0,driving_regime_cluster,-6.757820625484551,provisional_unverified,0,6.757820625484551
6939b3836a088e9113eb3bffcf362bed963a71bbd9012ecb56dc61e6d500da39,window_344,22.0,32.0,driving_regime_cluster,-4.969426849511365,provisional_unverified,0,4.969426849511365
6939b3836a088e9113eb3bffcf362bed963a71bbd9012ecb56dc61e6d500da39,window_345,24.0,34.0,driving_regime_cluster,-4.503318597101764,provisional_unverified,0,4.503318597101764
6939b3836a088e9113eb3bffcf362bed963a71bbd9012ecb56dc61e6d500da39,window_346,26.0,36.0,driving_regime_cluster,-4.0409842472677795,provisional_unverified,0,4.0409842472677795
6939b3836a088e9113eb3bffcf362bed963a71bbd9012ecb56dc61e6d500da39,window_347,28.0,38.0,driving_regime_cluster,-2.603962787756017,provisional_unverified,0,2.603962787756017
6939b3836a088e9113eb3bffcf362bed963a71bbd9012ecb56dc61e6d500da39,window_348,30.0,40.0,driving_regime_cluster,-3.4513205427930447,provisional_unverified,0,3.4513205427930447
6939b3836a088e9113eb3bffcf362bed963a71bbd9012ecb56dc61e6d500da39,window_349,32.0,42.0,driving_regime_cluster,-3.718500147571743,provisional_unverified,0,3.718500147571743
6939b3836a088e9113eb3bffcf362bed963a71bbd9012ecb56dc61e6d500da39,window_350,34.0,44.0,driving_regime_cluster,-3.823630148855192,provisional_unverified,0,3.823630148855192
6939b3836a088e9113eb3bffcf362bed963a71bbd9012ecb56dc61e6d500da39,window_351,36.0,46.0,driving_regime_cluster,-3.8246514726286875,provisional_unverified,0,3.8246514726286875
6939b3836a088e9113eb3bffcf362bed963a71bbd9012ecb56dc61e6d500da39,window_352,38.0,48.0,driving_regime_cluster,-3.5051379173117203,provisional_unverified,0,3.5051379173117203
6939b3836a088e9113eb3bffcf362bed963a71bbd9012ecb56dc61e6d500da39,window_353,40.0,50.0,driving_regime_cluster,-3.2850870453452505,provisional_unverified,0,3.2850870453452505
6939b3836a088e9113eb3bffcf362bed963a71bbd9012ecb56dc61e6d500da39,window_354,42.0,52.0,driving_regime_cluster,-3.285757245040921,provisional_unverified,0,3.285757245040921
6939b3836a088e9113eb3bffcf362bed963a71bbd9012ecb56dc61e6d500da39,window_355,44.0,54.0,driving_regime_cluster,-3.287963796135843,provisional_unverified,0,3.287963796135843
6939b3836a088e9113eb3bffcf362bed963a71bbd9012ecb56dc61e6d500da39,window_356,46.0,56.0,driving_regime_cluster,-3.1053057823161296,provisional_unverified,0,3.1053057823161296
6939b3836a088e9113eb3bffcf362bed963a71bbd9012ecb56dc61e6d500da39,window_357,48.0,58.0,driving_regime_cluster,-2.919790398792983,provisional_unverified,0,2.919790398792983
6939b3836a088e9113eb3bffcf362bed963a71bbd9012ecb56dc61e6d500da39,window_358,50.0,60.0,driving_regime_cluster,-2.910650944739752,provisional_unverified,0,2.910650944739752
6939b3836a088e9113eb3bffcf362bed963a71bbd9012ecb56dc61e6d500da39,window_359,52.0,62.0,driving_regime_cluster,-2.6554742734113694,provisional_unverified,0,2.6554742734113694
6939b3836a088e9113eb3bffcf362bed963a71bbd9012ecb56dc61e6d500da39,window_360,54.0,64.0,driving_regime_cluster,-2.673279243662484,provisional_unverified,0,2.673279243662484
6faa006353747cbeb4e6d2e90954728110cb94fabfcd41e319270d4cde22f117,window_361,0.0,10.0,driving_regime_cluster,-2.9596789263120225,provisional_unverified,0,2.9596789263120225
6faa006353747cbeb4e6d2e90954728110cb94fabfcd41e319270d4cde22f117,window_362,2.0,12.0,driving_regime_cluster,-3.4045668978314505,provisional_unverified,0,3.4045668978314505
6faa006353747cbeb4e6d2e90954728110cb94fabfcd41e319270d4cde22f117,window_363,4.0,14.0,driving_regime_cluster,-4.86031468559848,provisional_unverified,0,4.86031468559848
6faa006353747cbeb4e6d2e90954728110cb94fabfcd41e319270d4cde22f117,window_364,6.0,16.0,driving_regime_cluster,-4.922493110232873,provisional_unverified,0,4.922493110232873
6faa006353747cbeb4e6d2e90954728110cb94fabfcd41e319270d4cde22f117,window_365,8.0,18.0,driving_regime_cluster,-4.688845477227188,provisional_unverified,0,4.688845477227188
6faa006353747cbeb4e6d2e90954728110cb94fabfcd41e319270d4cde22f117,window_366,10.0,20.0,driving_regime_cluster,-4.171932609868988,provisional_unverified,0,4.171932609868988
6faa006353747cbeb4e6d2e90954728110cb94fabfcd41e319270d4cde22f117,window_367,12.0,22.0,driving_regime_cluster,-3.701408752977764,provisional_unverified,0,3.701408752977764
6faa006353747cbeb4e6d2e90954728110cb94fabfcd41e319270d4cde22f117,window_368,14.0,24.0,driving_regime_cluster,-2.3478014872238093,provisional_unverified,0,2.3478014872238093
6faa006353747cbeb4e6d2e90954728110cb94fabfcd41e319270d4cde22f117,window_369,16.0,26.0,driving_regime_cluster,-2.335134920359046,provisional_unverified,0,2.335134920359046
6faa006353747cbeb4e6d2e90954728110cb94fabfcd41e319270d4cde22f117,window_370,18.0,28.0,driving_regime_cluster,-2.339679300389852,provisional_unverified,0,2.339679300389852
6faa006353747cbeb4e6d2e90954728110cb94fabfcd41e319270d4cde22f117,window_371,20.0,30.0,driving_regime_cluster,-2.207986234917343,provisional_unverified,0,2.207986234917343
6faa006353747cbeb4e6d2e90954728110cb94fabfcd41e319270d4cde22f117,window_372,22.0,32.0,driving_regime_cluster,-2.872545983565935,provisional_unverified,0,2.872545983565935
6faa006353747cbeb4e6d2e90954728110cb94fabfcd41e319270d4cde22f117,window_373,24.0,34.0,driving_regime_cluster,-2.7210823723356556,provisional_unverified,0,2.7210823723356556
6faa006353747cbeb4e6d2e90954728110cb94fabfcd41e319270d4cde22f117,window_374,26.0,36.0,driving_regime_cluster,-2.3400957361209,provisional_unverified,0,2.3400957361209
6faa006353747cbeb4e6d2e90954728110cb94fabfcd41e319270d4cde22f117,window_375,28.0,38.0,driving_regime_cluster,-2.146755867138604,provisional_unverified,0,2.146755867138604
6faa006353747cbeb4e6d2e90954728110cb94fabfcd41e319270d4cde22f117,window_376,30.0,40.0,driving_regime_cluster,-2.428713740054177,provisional_unverified,0,2.428713740054177
6faa006353747cbeb4e6d2e90954728110cb94fabfcd41e319270d4cde22f117,window_377,32.0,42.0,driving_regime_cluster,-2.6822461099295696,provisional_unverified,0,2.6822461099295696
6faa006353747cbeb4e6d2e90954728110cb94fabfcd41e319270d4cde22f117,window_378,34.0,44.0,driving_regime_cluster,-2.719518882720094,provisional_unverified,0,2.719518882720094
6faa006353747cbeb4e6d2e90954728110cb94fabfcd41e319270d4cde22f117,window_379,36.0,46.0,driving_regime_cluster,-2.7893193215369663,provisional_unverified,0,2.7893193215369663
6faa006353747cbeb4e6d2e90954728110cb94fabfcd41e319270d4cde22f117,window_380,38.0,48.0,driving_regime_cluster,-2.8365006188224293,provisional_unverified,0,2.8365006188224293
6faa006353747cbeb4e6d2e90954728110cb94fabfcd41e319270d4cde22f117,window_381,40.0,50.0,driving_regime_cluster,-3.1293437268045214,provisional_unverified,0,3.1293437268045214
6faa006353747cbeb4e6d2e90954728110cb94fabfcd41e319270d4cde22f117,window_382,42.0,52.0,driving_regime_cluster,-2.74603825790253,provisional_unverified,0,2.74603825790253
6faa006353747cbeb4e6d2e90954728110cb94fabfcd41e319270d4cde22f117,window_383,44.0,54.0,driving_regime_cluster,-3.7230373316698926,provisional_unverified,0,3.7230373316698926
6faa006353747cbeb4e6d2e90954728110cb94fabfcd41e319270d4cde22f117,window_384,46.0,56.0,driving_regime_cluster,-16.795527626594552,provisional_unverified,0,16.795527626594552
6faa006353747cbeb4e6d2e90954728110cb94fabfcd41e319270d4cde22f117,window_385,48.0,58.0,driving_regime_cluster,-16.80981830902605,provisional_unverified,0,16.80981830902605
6faa006353747cbeb4e6d2e90954728110cb94fabfcd41e319270d4cde22f117,window_386,50.0,60.0,driving_regime_cluster,-16.679737965448584,provisional_unverified,0,16.679737965448584
6faa006353747cbeb4e6d2e90954728110cb94fabfcd41e319270d4cde22f117,window_387,52.0,62.0,driving_regime_cluster,-16.56485461095673,provisional_unverified,0,16.56485461095673
6faa006353747cbeb4e6d2e90954728110cb94fabfcd41e319270d4cde22f117,window_388,54.0,64.0,driving_regime_cluster,-16.31483838430319,provisional_unverified,0,16.31483838430319
6faa006353747cbeb4e6d2e90954728110cb94fabfcd41e319270d4cde22f117,window_389,56.0,66.0,driving_regime_cluster,-4.367031971830695,provisional_unverified,0,4.367031971830695
6faa006353747cbeb4e6d2e90954728110cb94fabfcd41e319270d4cde22f117,window_390,58.0,68.0,driving_regime_cluster,-7.0918053631314555,provisional_unverified,0,7.0918053631314555
6faa006353747cbeb4e6d2e90954728110cb94fabfcd41e319270d4cde22f117,window_391,60.0,70.0,driving_regime_cluster,-6.954482091968009,provisional_unverified,0,6.954482091968009
6faa006353747cbeb4e6d2e90954728110cb94fabfcd41e319270d4cde22f117,window_392,62.0,72.0,driving_regime_cluster,-7.2021779604910865,provisional_unverified,0,7.2021779604910865
6faa006353747cbeb4e6d2e90954728110cb94fabfcd41e319270d4cde22f117,window_393,64.0,74.0,driving_regime_cluster,-7.286355752077814,provisional_unverified,0,7.286355752077814
6faa006353747cbeb4e6d2e90954728110cb94fabfcd41e319270d4cde22f117,window_394,66.0,76.0,driving_regime_cluster,-7.185939025008181,provisional_unverified,0,7.185939025008181
6faa006353747cbeb4e6d2e90954728110cb94fabfcd41e319270d4cde22f117,window_395,68.0,78.0,driving_regime_cluster,-2.5363715985515563,provisional_unverified,0,2.5363715985515563
6faa006353747cbeb4e6d2e90954728110cb94fabfcd41e319270d4cde22f117,window_396,70.0,80.0,driving_regime_cluster,-2.5606038422199617,provisional_unverified,0,2.5606038422199617
6faa006353747cbeb4e6d2e90954728110cb94fabfcd41e319270d4cde22f117,window_397,72.0,82.0,driving_regime_cluster,-2.209010880332418,provisional_unverified,0,2.209010880332418
6faa006353747cbeb4e6d2e90954728110cb94fabfcd41e319270d4cde22f117,window_398,74.0,84.0,driving_regime_cluster,-2.086811070490059,provisional_unverified,0,2.086811070490059
6faa006353747cbeb4e6d2e90954728110cb94fabfcd41e319270d4cde22f117,window_399,76.0,86.0,driving_regime_cluster,-2.3291453609872756,provisional_unverified,0,2.3291453609872756
6faa006353747cbeb4e6d2e90954728110cb94fabfcd41e319270d4cde22f117,window_400,78.0,88.0,driving_regime_cluster,-2.437359562899268,provisional_unverified,0,2.437359562899268
953f71ef131b4c5ce7211560abcbafbfe0079e72cf2190c2908d3ff00cf5db12,window_401,0.0,10.0,driving_regime_cluster,-3.6718224497111587,provisional_unverified,0,3.6718224497111587
953f71ef131b4c5ce7211560abcbafbfe0079e72cf2190c2908d3ff00cf5db12,window_402,2.0,12.0,driving_regime_cluster,-3.6743073925745464,provisional_unverified,0,3.6743073925745464
953f71ef131b4c5ce7211560abcbafbfe0079e72cf2190c2908d3ff00cf5db12,window_403,4.0,14.0,driving_regime_cluster,-3.638030862088501,provisional_unverified,0,3.638030862088501
953f71ef131b4c5ce7211560abcbafbfe0079e72cf2190c2908d3ff00cf5db12,window_404,6.0,16.0,driving_regime_cluster,-3.6435785497187236,provisional_unverified,0,3.6435785497187236
953f71ef131b4c5ce7211560abcbafbfe0079e72cf2190c2908d3ff00cf5db12,window_405,8.0,18.0,driving_regime_cluster,-3.627114366413933,provisional_unverified,0,3.627114366413933
953f71ef131b4c5ce7211560abcbafbfe0079e72cf2190c2908d3ff00cf5db12,window_406,10.0,20.0,driving_regime_cluster,-3.630669504397861,provisional_unverified,0,3.630669504397861
953f71ef131b4c5ce7211560abcbafbfe0079e72cf2190c2908d3ff00cf5db12,window_407,12.0,22.0,driving_regime_cluster,-3.6351491217679195,provisional_unverified,0,3.6351491217679195
953f71ef131b4c5ce7211560abcbafbfe0079e72cf2190c2908d3ff00cf5db12,window_408,14.0,24.0,driving_regime_cluster,-3.636115668251045,provisional_unverified,0,3.636115668251045
953f71ef131b4c5ce7211560abcbafbfe0079e72cf2190c2908d3ff00cf5db12,window_409,16.0,26.0,driving_regime_cluster,-3.6347675998942166,provisional_unverified,0,3.6347675998942166
953f71ef131b4c5ce7211560abcbafbfe0079e72cf2190c2908d3ff00cf5db12,window_410,18.0,28.0,driving_regime_cluster,-3.6349715838361365,provisional_unverified,0,3.6349715838361365
953f71ef131b4c5ce7211560abcbafbfe0079e72cf2190c2908d3ff00cf5db12,window_411,20.0,30.0,driving_regime_cluster,-3.6333275377870566,provisional_unverified,0,3.6333275377870566
953f71ef131b4c5ce7211560abcbafbfe0079e72cf2190c2908d3ff00cf5db12,window_412,22.0,32.0,driving_regime_cluster,-3.6415681770590567,provisional_unverified,0,3.6415681770590567
953f71ef131b4c5ce7211560abcbafbfe0079e72cf2190c2908d3ff00cf5db12,window_413,24.0,34.0,driving_regime_cluster,-3.6449370455881622,provisional_unverified,0,3.6449370455881622
953f71ef131b4c5ce7211560abcbafbfe0079e72cf2190c2908d3ff00cf5db12,window_414,26.0,36.0,driving_regime_cluster,-3.64512096719833,provisional_unverified,0,3.64512096719833
953f71ef131b4c5ce7211560abcbafbfe0079e72cf2190c2908d3ff00cf5db12,window_415,28.0,38.0,driving_regime_cluster,-3.6575975084750776,provisional_unverified,0,3.6575975084750776
953f71ef131b4c5ce7211560abcbafbfe0079e72cf2190c2908d3ff00cf5db12,window_416,30.0,40.0,driving_regime_cluster,-3.6634432228362326,provisional_unverified,0,3.6634432228362326
953f71ef131b4c5ce7211560abcbafbfe0079e72cf2190c2908d3ff00cf5db12,window_417,32.0,42.0,driving_regime_cluster,-3.665595337472693,provisional_unverified,0,3.665595337472693
953f71ef131b4c5ce7211560abcbafbfe0079e72cf2190c2908d3ff00cf5db12,window_418,34.0,44.0,driving_regime_cluster,-3.659242011889973,provisional_unverified,0,3.659242011889973
953f71ef131b4c5ce7211560abcbafbfe0079e72cf2190c2908d3ff00cf5db12,window_419,36.0,46.0,driving_regime_cluster,-3.6549457493376245,provisional_unverified,0,3.6549457493376245
953f71ef131b4c5ce7211560abcbafbfe0079e72cf2190c2908d3ff00cf5db12,window_420,38.0,48.0,driving_regime_cluster,-3.630988622117345,provisional_unverified,0,3.630988622117345
953f71ef131b4c5ce7211560abcbafbfe0079e72cf2190c2908d3ff00cf5db12,window_421,40.0,50.0,driving_regime_cluster,-3.6359411802793664,provisional_unverified,0,3.6359411802793664
953f71ef131b4c5ce7211560abcbafbfe0079e72cf2190c2908d3ff00cf5db12,window_422,42.0,52.0,driving_regime_cluster,-3.6402139979992265,provisional_unverified,0,3.6402139979992265
953f71ef131b4c5ce7211560abcbafbfe0079e72cf2190c2908d3ff00cf5db12,window_423,44.0,54.0,driving_regime_cluster,-3.6485405747302733,provisional_unverified,0,3.6485405747302733
953f71ef131b4c5ce7211560abcbafbfe0079e72cf2190c2908d3ff00cf5db12,window_424,46.0,56.0,driving_regime_cluster,-3.653299273866964,provisional_unverified,0,3.653299273866964
953f71ef131b4c5ce7211560abcbafbfe0079e72cf2190c2908d3ff00cf5db12,window_425,48.0,58.0,driving_regime_cluster,-3.6484221233402514,provisional_unverified,0,3.6484221233402514
953f71ef131b4c5ce7211560abcbafbfe0079e72cf2190c2908d3ff00cf5db12,window_426,50.0,60.0,driving_regime_cluster,-3.6371427025825716,provisional_unverified,0,3.6371427025825716
953f71ef131b4c5ce7211560abcbafbfe0079e72cf2190c2908d3ff00cf5db12,window_427,52.0,62.0,driving_regime_cluster,-3.6289397655304665,provisional_unverified,0,3.6289397655304665
953f71ef131b4c5ce7211560abcbafbfe0079e72cf2190c2908d3ff00cf5db12,window_428,54.0,64.0,driving_regime_cluster,-3.62828850397263,provisional_unverified,0,3.62828850397263
953f71ef131b4c5ce7211560abcbafbfe0079e72cf2190c2908d3ff00cf5db12,window_429,56.0,66.0,driving_regime_cluster,-3.6184964078908917,provisional_unverified,0,3.6184964078908917
953f71ef131b4c5ce7211560abcbafbfe0079e72cf2190c2908d3ff00cf5db12,window_430,58.0,68.0,driving_regime_cluster,-3.625069386086907,provisional_unverified,0,3.625069386086907
953f71ef131b4c5ce7211560abcbafbfe0079e72cf2190c2908d3ff00cf5db12,window_431,60.0,70.0,driving_regime_cluster,-3.6306088598793513,provisional_unverified,0,3.6306088598793513
953f71ef131b4c5ce7211560abcbafbfe0079e72cf2190c2908d3ff00cf5db12,window_432,62.0,72.0,driving_regime_cluster,-3.6230876473013858,provisional_unverified,0,3.6230876473013858
953f71ef131b4c5ce7211560abcbafbfe0079e72cf2190c2908d3ff00cf5db12,window_433,64.0,74.0,driving_regime_cluster,-3.6309708304651087,provisional_unverified,0,3.6309708304651087
953f71ef131b4c5ce7211560abcbafbfe0079e72cf2190c2908d3ff00cf5db12,window_434,66.0,76.0,driving_regime_cluster,-3.636465606075892,provisional_unverified,0,3.636465606075892
953f71ef131b4c5ce7211560abcbafbfe0079e72cf2190c2908d3ff00cf5db12,window_435,68.0,78.0,driving_regime_cluster,-3.6379394716740587,provisional_unverified,0,3.6379394716740587
953f71ef131b4c5ce7211560abcbafbfe0079e72cf2190c2908d3ff00cf5db12,window_436,70.0,80.0,driving_regime_cluster,-3.6371022060164173,provisional_unverified,0,3.6371022060164173
953f71ef131b4c5ce7211560abcbafbfe0079e72cf2190c2908d3ff00cf5db12,window_437,72.0,82.0,driving_regime_cluster,-3.6476653573208417,provisional_unverified,0,3.6476653573208417
953f71ef131b4c5ce7211560abcbafbfe0079e72cf2190c2908d3ff00cf5db12,window_438,74.0,84.0,driving_regime_cluster,-3.645941380770926,provisional_unverified,0,3.645941380770926
953f71ef131b4c5ce7211560abcbafbfe0079e72cf2190c2908d3ff00cf5db12,window_439,76.0,86.0,driving_regime_cluster,-3.6380585701411463,provisional_unverified,0,3.6380585701411463
953f71ef131b4c5ce7211560abcbafbfe0079e72cf2190c2908d3ff00cf5db12,window_440,78.0,88.0,driving_regime_cluster,-3.6367304356875354,provisional_unverified,0,3.6367304356875354
c5c639ca1fa3038e565a432a960cb53f6ce533ad9612d27f229f6527fcf0edac,window_441,0.0,10.0,driving_regime_cluster,-3.657981682819566,provisional_unverified,0,3.657981682819566
c5c639ca1fa3038e565a432a960cb53f6ce533ad9612d27f229f6527fcf0edac,window_442,2.0,12.0,driving_regime_cluster,-3.6539969132063868,provisional_unverified,0,3.6539969132063868
c5c639ca1fa3038e565a432a960cb53f6ce533ad9612d27f229f6527fcf0edac,window_443,4.0,14.0,driving_regime_cluster,-3.654520834483475,provisional_unverified,0,3.654520834483475
c5c639ca1fa3038e565a432a960cb53f6ce533ad9612d27f229f6527fcf0edac,window_444,6.0,16.0,driving_regime_cluster,-3.6537008462425895,provisional_unverified,0,3.6537008462425895
c5c639ca1fa3038e565a432a960cb53f6ce533ad9612d27f229f6527fcf0edac,window_445,8.0,18.0,driving_regime_cluster,-3.6549866646176685,provisional_unverified,0,3.6549866646176685
c5c639ca1fa3038e565a432a960cb53f6ce533ad9612d27f229f6527fcf0edac,window_446,10.0,20.0,driving_regime_cluster,-3.6494764847981305,provisional_unverified,0,3.6494764847981305
c5c639ca1fa3038e565a432a960cb53f6ce533ad9612d27f229f6527fcf0edac,window_447,12.0,22.0,driving_regime_cluster,-3.6489363810044866,provisional_unverified,0,3.6489363810044866
c5c639ca1fa3038e565a432a960cb53f6ce533ad9612d27f229f6527fcf0edac,window_448,14.0,24.0,driving_regime_cluster,-3.6564098937548226,provisional_unverified,0,3.6564098937548226
c5c639ca1fa3038e565a432a960cb53f6ce533ad9612d27f229f6527fcf0edac,window_449,16.0,26.0,driving_regime_cluster,-3.6646070592618463,provisional_unverified,0,3.6646070592618463
c5c639ca1fa3038e565a432a960cb53f6ce533ad9612d27f229f6527fcf0edac,window_450,18.0,28.0,driving_regime_cluster,-3.6656415747474007,provisional_unverified,0,3.6656415747474007
c5c639ca1fa3038e565a432a960cb53f6ce533ad9612d27f229f6527fcf0edac,window_451,20.0,30.0,driving_regime_cluster,-3.6690397339197585,provisional_unverified,0,3.6690397339197585
c5c639ca1fa3038e565a432a960cb53f6ce533ad9612d27f229f6527fcf0edac,window_452,22.0,32.0,driving_regime_cluster,-3.6590853707564586,provisional_unverified,0,3.6590853707564586
e57d3de89d6f2a3165aa05beee7b611f60923e090254337c1b48f744c78db52d,window_453,0.0,10.0,driving_regime_cluster,-5.042765768545814,provisional_unverified,0,5.042765768545814
e57d3de89d6f2a3165aa05beee7b611f60923e090254337c1b48f744c78db52d,window_454,2.0,12.0,driving_regime_cluster,-4.973448608295438,provisional_unverified,0,4.973448608295438
e57d3de89d6f2a3165aa05beee7b611f60923e090254337c1b48f744c78db52d,window_455,4.0,14.0,driving_regime_cluster,-5.271735430209255,provisional_unverified,0,5.271735430209255
e57d3de89d6f2a3165aa05beee7b611f60923e090254337c1b48f744c78db52d,window_456,6.0,16.0,driving_regime_cluster,-4.950031902881438,provisional_unverified,0,4.950031902881438
e57d3de89d6f2a3165aa05beee7b611f60923e090254337c1b48f744c78db52d,window_457,8.0,18.0,driving_regime_cluster,-4.490211121227477,provisional_unverified,0,4.490211121227477
e57d3de89d6f2a3165aa05beee7b611f60923e090254337c1b48f744c78db52d,window_458,10.0,20.0,driving_regime_cluster,-7.466478777638456,provisional_unverified,0,7.466478777638456
e57d3de89d6f2a3165aa05beee7b611f60923e090254337c1b48f744c78db52d,window_459,12.0,22.0,driving_regime_cluster,-8.276866880316952,provisional_unverified,0,8.276866880316952
e57d3de89d6f2a3165aa05beee7b611f60923e090254337c1b48f744c78db52d,window_460,14.0,24.0,driving_regime_cluster,-7.066080248459706,provisional_unverified,0,7.066080248459706
e57d3de89d6f2a3165aa05beee7b611f60923e090254337c1b48f744c78db52d,window_461,16.0,26.0,driving_regime_cluster,-4.152487180036792,provisional_unverified,0,4.152487180036792
e57d3de89d6f2a3165aa05beee7b611f60923e090254337c1b48f744c78db52d,window_462,18.0,28.0,driving_regime_cluster,-5.274005385718468,provisional_unverified,0,5.274005385718468
e57d3de89d6f2a3165aa05beee7b611f60923e090254337c1b48f744c78db52d,window_463,20.0,30.0,driving_regime_cluster,-3.3474583971947283,provisional_unverified,0,3.3474583971947283
e57d3de89d6f2a3165aa05beee7b611f60923e090254337c1b48f744c78db52d,window_464,22.0,32.0,driving_regime_cluster,-3.195181509460286,provisional_unverified,0,3.195181509460286
e57d3de89d6f2a3165aa05beee7b611f60923e090254337c1b48f744c78db52d,window_465,24.0,34.0,driving_regime_cluster,-6.165323196159197,provisional_unverified,0,6.165323196159197
e57d3de89d6f2a3165aa05beee7b611f60923e090254337c1b48f744c78db52d,window_466,26.0,36.0,driving_regime_cluster,-6.171290159381182,provisional_unverified,0,6.171290159381182
e57d3de89d6f2a3165aa05beee7b611f60923e090254337c1b48f744c78db52d,window_467,28.0,38.0,driving_regime_cluster,-5.733158458081308,provisional_unverified,0,5.733158458081308
e57d3de89d6f2a3165aa05beee7b611f60923e090254337c1b48f744c78db52d,window_468,30.0,40.0,driving_regime_cluster,-5.734734660156813,provisional_unverified,0,5.734734660156813
e57d3de89d6f2a3165aa05beee7b611f60923e090254337c1b48f744c78db52d,window_469,32.0,42.0,driving_regime_cluster,-5.874663547112099,provisional_unverified,0,5.874663547112099
e57d3de89d6f2a3165aa05beee7b611f60923e090254337c1b48f744c78db52d,window_470,34.0,44.0,driving_regime_cluster,-2.820519953572557,provisional_unverified,0,2.820519953572557
e57d3de89d6f2a3165aa05beee7b611f60923e090254337c1b48f744c78db52d,window_471,36.0,46.0,driving_regime_cluster,-3.1588226158673227,provisional_unverified,0,3.1588226158673227
e57d3de89d6f2a3165aa05beee7b611f60923e090254337c1b48f744c78db52d,window_472,38.0,48.0,driving_regime_cluster,-3.3449147822427614,provisional_unverified,0,3.3449147822427614
e57d3de89d6f2a3165aa05beee7b611f60923e090254337c1b48f744c78db52d,window_473,40.0,50.0,driving_regime_cluster,-3.6029322422304597,provisional_unverified,0,3.6029322422304597
e57d3de89d6f2a3165aa05beee7b611f60923e090254337c1b48f744c78db52d,window_474,42.0,52.0,driving_regime_cluster,-3.8159506966711487,provisional_unverified,0,3.8159506966711487
e57d3de89d6f2a3165aa05beee7b611f60923e090254337c1b48f744c78db52d,window_475,44.0,54.0,driving_regime_cluster,-3.8270402432349697,provisional_unverified,0,3.8270402432349697
e57d3de89d6f2a3165aa05beee7b611f60923e090254337c1b48f744c78db52d,window_476,46.0,56.0,driving_regime_cluster,-3.827858839427407,provisional_unverified,0,3.827858839427407
f26c5b91a912f9e98e0205e2518d5b3de0314b04b69c3bc6d0148fa8ea3e842b,window_477,0.0,10.0,driving_regime_cluster,-3.374689227034678,provisional_unverified,0,3.374689227034678
f26c5b91a912f9e98e0205e2518d5b3de0314b04b69c3bc6d0148fa8ea3e842b,window_478,2.0,12.0,driving_regime_cluster,-3.4821478018465504,provisional_unverified,0,3.4821478018465504
f26c5b91a912f9e98e0205e2518d5b3de0314b04b69c3bc6d0148fa8ea3e842b,window_479,4.0,14.0,driving_regime_cluster,-2.614484423968339,provisional_unverified,0,2.614484423968339
f26c5b91a912f9e98e0205e2518d5b3de0314b04b69c3bc6d0148fa8ea3e842b,window_480,6.0,16.0,driving_regime_cluster,-4.944972350869691,provisional_unverified,0,4.944972350869691
f26c5b91a912f9e98e0205e2518d5b3de0314b04b69c3bc6d0148fa8ea3e842b,window_481,8.0,18.0,driving_regime_cluster,-3.089580038399504,provisional_unverified,0,3.089580038399504
f26c5b91a912f9e98e0205e2518d5b3de0314b04b69c3bc6d0148fa8ea3e842b,window_482,10.0,20.0,driving_regime_cluster,-3.730902329241249,provisional_unverified,0,3.730902329241249
f26c5b91a912f9e98e0205e2518d5b3de0314b04b69c3bc6d0148fa8ea3e842b,window_483,12.0,22.0,driving_regime_cluster,-2.6493232500755575,provisional_unverified,0,2.6493232500755575
f8a2dfe19bc591bed40778fcb493d9a34a3261518b2f4b416ba15a9402ec6dd7,window_484,0.0,10.0,driving_regime_cluster,-3.8435851737264755,provisional_unverified,0,3.8435851737264755
f8a2dfe19bc591bed40778fcb493d9a34a3261518b2f4b416ba15a9402ec6dd7,window_485,2.0,12.0,driving_regime_cluster,-3.8432146733714503,provisional_unverified,0,3.8432146733714503
f8a2dfe19bc591bed40778fcb493d9a34a3261518b2f4b416ba15a9402ec6dd7,window_486,4.0,14.0,driving_regime_cluster,-3.844913546090666,provisional_unverified,0,3.844913546090666
f8a2dfe19bc591bed40778fcb493d9a34a3261518b2f4b416ba15a9402ec6dd7,window_487,6.0,16.0,driving_regime_cluster,-3.149074323564427,provisional_unverified,0,3.149074323564427
f8a2dfe19bc591bed40778fcb493d9a34a3261518b2f4b416ba15a9402ec6dd7,window_488,8.0,18.0,driving_regime_cluster,-2.5741437572582613,provisional_unverified,0,2.5741437572582613
f8a2dfe19bc591bed40778fcb493d9a34a3261518b2f4b416ba15a9402ec6dd7,window_489,10.0,20.0,driving_regime_cluster,-2.5102071170018263,provisional_unverified,0,2.5102071170018263
f8a2dfe19bc591bed40778fcb493d9a34a3261518b2f4b416ba15a9402ec6dd7,window_490,12.0,22.0,driving_regime_cluster,-2.7788341169716957,provisional_unverified,0,2.7788341169716957
f8a2dfe19bc591bed40778fcb493d9a34a3261518b2f4b416ba15a9402ec6dd7,window_491,14.0,24.0,driving_regime_cluster,-2.7138937802591365,provisional_unverified,0,2.7138937802591365
f8a2dfe19bc591bed40778fcb493d9a34a3261518b2f4b416ba15a9402ec6dd7,window_492,16.0,26.0,driving_regime_cluster,-6.801298368241162,provisional_unverified,0,6.801298368241162
f8a2dfe19bc591bed40778fcb493d9a34a3261518b2f4b416ba15a9402ec6dd7,window_493,18.0,28.0,driving_regime_cluster,-6.790292891149989,provisional_unverified,0,6.790292891149989
f8a2dfe19bc591bed40778fcb493d9a34a3261518b2f4b416ba15a9402ec6dd7,window_494,20.0,30.0,driving_regime_cluster,-7.65525946315713,provisional_unverified,0,7.65525946315713
f8a2dfe19bc591bed40778fcb493d9a34a3261518b2f4b416ba15a9402ec6dd7,window_495,22.0,32.0,driving_regime_cluster,-6.447906153245253,provisional_unverified,0,6.447906153245253
f8a2dfe19bc591bed40778fcb493d9a34a3261518b2f4b416ba15a9402ec6dd7,window_496,24.0,34.0,driving_regime_cluster,-6.728604052489776,provisional_unverified,0,6.728604052489776
f8a2dfe19bc591bed40778fcb493d9a34a3261518b2f4b416ba15a9402ec6dd7,window_497,26.0,36.0,driving_regime_cluster,-2.9234353946481932,provisional_unverified,0,2.9234353946481932
f8a2dfe19bc591bed40778fcb493d9a34a3261518b2f4b416ba15a9402ec6dd7,window_498,28.0,38.0,driving_regime_cluster,-3.005528235780998,provisional_unverified,0,3.005528235780998
f8a2dfe19bc591bed40778fcb493d9a34a3261518b2f4b416ba15a9402ec6dd7,window_499,30.0,40.0,driving_regime_cluster,-3.48752022289975,provisional_unverified,0,3.48752022289975
