recording_id,segment_id,start_s,end_s,prediction_kind,score,label_status,pca_reconstruction_error
07173121b1534f1eadb8b127005d4eff70872388074c2bbe0c93061527d89f40,window_0,0.0,10.0,autoencoder_reconstruction_error,0.5173072265144222,provisional_unverified,0.30629167479847524
07173121b1534f1eadb8b127005d4eff70872388074c2bbe0c93061527d89f40,window_1,2.0,12.0,autoencoder_reconstruction_error,0.3302331030471865,provisional_unverified,0.31229509903988767
07173121b1534f1eadb8b127005d4eff70872388074c2bbe0c93061527d89f40,window_2,4.0,14.0,autoencoder_reconstruction_error,0.37986513095490304,provisional_unverified,0.23757088499550502
07173121b1534f1eadb8b127005d4eff70872388074c2bbe0c93061527d89f40,window_3,6.0,16.0,autoencoder_reconstruction_error,0.30169884321118345,provisional_unverified,0.20436232184830283
07173121b1534f1eadb8b127005d4eff70872388074c2bbe0c93061527d89f40,window_4,8.0,18.0,autoencoder_reconstruction_error,0.29010569118354124,provisional_unverified,0.27032741577346703
07173121b1534f1eadb8b127005d4eff70872388074c2bbe0c93061527d89f40,window_5,10.0,20.0,autoencoder_reconstruction_error,0.28428753047520444,provisional_unverified,0.23574259676869816
07173121b1534f1eadb8b127005d4eff70872388074c2bbe0c93061527d89f40,window_6,12.0,22.0,autoencoder_reconstruction_error,0.2227128670232829,provisional_unverified,0.22566953684444194
1a8433bf1168531d6f7c2deb5c37b27de5ddf1d9f65316416ecbf000289fd40a,window_7,0.0,10.0,autoencoder_reconstruction_error,0.2389461716048827,provisional_unverified,0.1319457701249606
1a8433bf1168531d6f7c2deb5c37b27de5ddf1d9f65316416ecbf000289fd40a,window_8,2.0,12.0,autoencoder_reconstruction_error,0.2560271159586181,provisional_unverified,0.22165562137077818
1a8433bf1168531d6f7c2deb5c37b27de5ddf1d9f65316416ecbf000289fd40a,window_9,4.0,14.0,autoencoder_reconstruction_error,0.179878049745433,provisional_unverified,0.12180180522953694
1a8433bf1168531d6f7c2deb5c37b27de5ddf1d9f65316416ecbf000289fd40a,window_10,6.0,16.0,autoencoder_reconstruction_error,0.17360907123891797,provisional_unverified,0.10609960306272055
1a8433bf1168531d6f7c2deb5c37b27de5ddf1d9f65316416ecbf000289fd40a,window_11,8.0,18.0,autoencoder_reconstruction_error,0.24087350452621029,provisional_unverified,0.19413188656072244
1a8433bf1168531d6f7c2deb5c37b27de5ddf1d9f65316416ecbf000289fd40a,window_12,10.0,20.0,autoencoder_reconstruction_error,0.22742371138012374,provisional_unverified,0.18785815773810643
1a8433bf1168531d6f7c2deb5c37b27de5ddf1d9f65316416ecbf000289fd40a,window_13,12.0,22.0,autoencoder_reconstruction_error,0.2680013891723809,provisional_unverified,0.17001125834727973
1cca7c275163fc193899535ebb0c13f26676e8568d3c8adac48dbcc224812b0c,window_14,0.0,10.0,autoencoder_reconstruction_error,0.014927463478091289,provisional_unverified,0.013332087558419185
1cca7c275163fc193899535ebb0c13f26676e8568d3c8adac48dbcc224812b0c,window_15,2.0,12.0,autoencoder_reconstruction_error,0.02210165887732235,provisional_unverified,0.019339841547114243
1cca7c275163fc193899535ebb0c13f26676e8568d3c8adac48dbcc224812b0c,window_16,4.0,14.0,autoencoder_reconstruction_error,0.0239874725688073,provisional_unverified,0.023256350264188215
1cca7c275163fc193899535ebb0c13f26676e8568d3c8adac48dbcc224812b0c,window_17,6.0,16.0,autoencoder_reconstruction_error,0.03164962825159241,provisional_unverified,0.028227705323623523
1cca7c275163fc193899535ebb0c13f26676e8568d3c8adac48dbcc224812b0c,window_18,8.0,18.0,autoencoder_reconstruction_error,0.03931049908460925,provisional_unverified,0.034337528059898426
1cca7c275163fc193899535ebb0c13f26676e8568d3c8adac48dbcc224812b0c,window_19,10.0,20.0,autoencoder_reconstruction_error,0.027153666447770425,provisional_unverified,0.022650011547197046
1cca7c275163fc193899535ebb0c13f26676e8568d3c8adac48dbcc224812b0c,window_20,12.0,22.0,autoencoder_reconstruction_error,0.0176871377692401,provisional_unverified,0.014748328777452623
1cca7c275163fc193899535ebb0c13f26676e8568d3c8adac48dbcc224812b0c,window_21,14.0,24.0,autoencoder_reconstruction_error,0.011564867650835774,provisional_unverified,0.01030677027312348
1cca7c275163fc193899535ebb0c13f26676e8568d3c8adac48dbcc224812b0c,window_22,16.0,26.0,autoencoder_reconstruction_error,0.015574511173108693,provisional_unverified,0.010997232575395597
1cca7c275163fc193899535ebb0c13f26676e8568d3c8adac48dbcc224812b0c,window_23,18.0,28.0,autoencoder_reconstruction_error,0.015162414255232619,provisional_unverified,0.011828088831724898
1cca7c275163fc193899535ebb0c13f26676e8568d3c8adac48dbcc224812b0c,window_24,20.0,30.0,autoencoder_reconstruction_error,0.01786469373518997,provisional_unverified,0.012295004155588927
1cca7c275163fc193899535ebb0c13f26676e8568d3c8adac48dbcc224812b0c,window_25,22.0,32.0,autoencoder_reconstruction_error,0.016065292349200528,provisional_unverified,0.013055842676366723
1cca7c275163fc193899535ebb0c13f26676e8568d3c8adac48dbcc224812b0c,window_26,24.0,34.0,autoencoder_reconstruction_error,0.015804203838618223,provisional_unverified,0.012614722496149323
1cca7c275163fc193899535ebb0c13f26676e8568d3c8adac48dbcc224812b0c,window_27,26.0,36.0,autoencoder_reconstruction_error,0.016723434710391952,provisional_unverified,0.01356283820690388
1cca7c275163fc193899535ebb0c13f26676e8568d3c8adac48dbcc224812b0c,window_28,28.0,38.0,autoencoder_reconstruction_error,0.018742063136223272,provisional_unverified,0.014928639810447925
200a690cbeb5a4d9f415d6a933e60aa13a0cf5ee5c03c71731d7739c8ecbda5e,window_29,0.0,10.0,autoencoder_reconstruction_error,0.0009516935923846736,provisional_unverified,0.002846611673462354
200a690cbeb5a4d9f415d6a933e60aa13a0cf5ee5c03c71731d7739c8ecbda5e,window_30,2.0,12.0,autoencoder_reconstruction_error,0.0011510061598931614,provisional_unverified,0.0028063376620256655
200a690cbeb5a4d9f415d6a933e60aa13a0cf5ee5c03c71731d7739c8ecbda5e,window_31,4.0,14.0,autoencoder_reconstruction_error,0.15314944726748617,provisional_unverified,0.13112592994539604
200a690cbeb5a4d9f415d6a933e60aa13a0cf5ee5c03c71731d7739c8ecbda5e,window_32,6.0,16.0,autoencoder_reconstruction_error,0.1924342021957209,provisional_unverified,0.16413480869999128
200a690cbeb5a4d9f415d6a933e60aa13a0cf5ee5c03c71731d7739c8ecbda5e,window_33,8.0,18.0,autoencoder_reconstruction_error,0.17381893872778945,provisional_unverified,0.16596953504218118
200a690cbeb5a4d9f415d6a933e60aa13a0cf5ee5c03c71731d7739c8ecbda5e,window_34,10.0,20.0,autoencoder_reconstruction_error,0.2235149034534236,provisional_unverified,0.17595606866990693
200a690cbeb5a4d9f415d6a933e60aa13a0cf5ee5c03c71731d7739c8ecbda5e,window_35,12.0,22.0,autoencoder_reconstruction_error,0.21834946625027832,provisional_unverified,0.17861772400174594
200a690cbeb5a4d9f415d6a933e60aa13a0cf5ee5c03c71731d7739c8ecbda5e,window_36,14.0,24.0,autoencoder_reconstruction_error,0.01006118702100543,provisional_unverified,0.01078825682716793
200a690cbeb5a4d9f415d6a933e60aa13a0cf5ee5c03c71731d7739c8ecbda5e,window_37,16.0,26.0,autoencoder_reconstruction_error,0.0013576215051972233,provisional_unverified,0.0030234068027495506
200a690cbeb5a4d9f415d6a933e60aa13a0cf5ee5c03c71731d7739c8ecbda5e,window_38,18.0,28.0,autoencoder_reconstruction_error,0.13779054997813114,provisional_unverified,0.07969697081532226
200a690cbeb5a4d9f415d6a933e60aa13a0cf5ee5c03c71731d7739c8ecbda5e,window_39,20.0,30.0,autoencoder_reconstruction_error,0.24843565076013274,provisional_unverified,0.24298136639829704
200a690cbeb5a4d9f415d6a933e60aa13a0cf5ee5c03c71731d7739c8ecbda5e,window_40,22.0,32.0,autoencoder_reconstruction_error,0.24773355632427718,provisional_unverified,0.24733927791932367
200a690cbeb5a4d9f415d6a933e60aa13a0cf5ee5c03c71731d7739c8ecbda5e,window_41,24.0,34.0,autoencoder_reconstruction_error,0.24811706532234884,provisional_unverified,0.25041332758931467
200a690cbeb5a4d9f415d6a933e60aa13a0cf5ee5c03c71731d7739c8ecbda5e,window_42,26.0,36.0,autoencoder_reconstruction_error,0.35151885033326813,provisional_unverified,0.25514626579377603
200a690cbeb5a4d9f415d6a933e60aa13a0cf5ee5c03c71731d7739c8ecbda5e,window_43,28.0,38.0,autoencoder_reconstruction_error,0.4045958219739784,provisional_unverified,0.265786486691695
200a690cbeb5a4d9f415d6a933e60aa13a0cf5ee5c03c71731d7739c8ecbda5e,window_44,30.0,40.0,autoencoder_reconstruction_error,0.09602665030495618,provisional_unverified,0.08077079741438155
200a690cbeb5a4d9f415d6a933e60aa13a0cf5ee5c03c71731d7739c8ecbda5e,window_45,32.0,42.0,autoencoder_reconstruction_error,0.098082858318213,provisional_unverified,0.09173297321202036
200a690cbeb5a4d9f415d6a933e60aa13a0cf5ee5c03c71731d7739c8ecbda5e,window_46,34.0,44.0,autoencoder_reconstruction_error,0.1556760634595401,provisional_unverified,0.13215923066133228
200a690cbeb5a4d9f415d6a933e60aa13a0cf5ee5c03c71731d7739c8ecbda5e,window_47,36.0,46.0,autoencoder_reconstruction_error,0.18980464737786962,provisional_unverified,0.14117040488028748
200a690cbeb5a4d9f415d6a933e60aa13a0cf5ee5c03c71731d7739c8ecbda5e,window_48,38.0,48.0,autoencoder_reconstruction_error,0.1454271747175458,provisional_unverified,0.09076773300319613
200a690cbeb5a4d9f415d6a933e60aa13a0cf5ee5c03c71731d7739c8ecbda5e,window_49,40.0,50.0,autoencoder_reconstruction_error,0.1479921956806143,provisional_unverified,0.1263661811005558
200a690cbeb5a4d9f415d6a933e60aa13a0cf5ee5c03c71731d7739c8ecbda5e,window_50,42.0,52.0,autoencoder_reconstruction_error,0.13880885293823533,provisional_unverified,0.11486334601531499
200a690cbeb5a4d9f415d6a933e60aa13a0cf5ee5c03c71731d7739c8ecbda5e,window_51,44.0,54.0,autoencoder_reconstruction_error,0.12039827291100763,provisional_unverified,0.12965398313096732
200a690cbeb5a4d9f415d6a933e60aa13a0cf5ee5c03c71731d7739c8ecbda5e,window_52,46.0,56.0,autoencoder_reconstruction_error,0.11831542426853232,provisional_unverified,0.08780808302846037
25aa01e1dcbaea32c062e01b0f782c938c34163fc58af14087dfe2f77906c06e,window_53,0.0,10.0,autoencoder_reconstruction_error,0.0008615042720585993,provisional_unverified,0.003001372511507676
25aa01e1dcbaea32c062e01b0f782c938c34163fc58af14087dfe2f77906c06e,window_54,2.0,12.0,autoencoder_reconstruction_error,0.0008561455314303546,provisional_unverified,0.002999172074944054
25aa01e1dcbaea32c062e01b0f782c938c34163fc58af14087dfe2f77906c06e,window_55,4.0,14.0,autoencoder_reconstruction_error,0.05659048883050764,provisional_unverified,0.05300859112395932
25aa01e1dcbaea32c062e01b0f782c938c34163fc58af14087dfe2f77906c06e,window_56,6.0,16.0,autoencoder_reconstruction_error,0.16709968231363542,provisional_unverified,0.10746980986203063
25aa01e1dcbaea32c062e01b0f782c938c34163fc58af14087dfe2f77906c06e,window_57,8.0,18.0,autoencoder_reconstruction_error,0.14493342058779776,provisional_unverified,0.13380348534774744
25aa01e1dcbaea32c062e01b0f782c938c34163fc58af14087dfe2f77906c06e,window_58,10.0,20.0,autoencoder_reconstruction_error,0.3326088771494229,provisional_unverified,0.31604733720040834
25aa01e1dcbaea32c062e01b0f782c938c34163fc58af14087dfe2f77906c06e,window_59,12.0,22.0,autoencoder_reconstruction_error,0.3325977830914149,provisional_unverified,0.34742918174602333
25aa01e1dcbaea32c062e01b0f782c938c34163fc58af14087dfe2f77906c06e,window_60,14.0,24.0,autoencoder_reconstruction_error,0.4079654697785532,provisional_unverified,0.32608430267763816
25aa01e1dcbaea32c062e01b0f782c938c34163fc58af14087dfe2f77906c06e,window_61,16.0,26.0,autoencoder_reconstruction_error,0.4921250271873308,provisional_unverified,0.23052069602679862
25aa01e1dcbaea32c062e01b0f782c938c34163fc58af14087dfe2f77906c06e,window_62,18.0,28.0,autoencoder_reconstruction_error,0.08127826640232824,provisional_unverified,0.06709712672736601
25aa01e1dcbaea32c062e01b0f782c938c34163fc58af14087dfe2f77906c06e,window_63,20.0,30.0,autoencoder_reconstruction_error,0.13810428235455413,provisional_unverified,0.08064853469024726
25aa01e1dcbaea32c062e01b0f782c938c34163fc58af14087dfe2f77906c06e,window_64,22.0,32.0,autoencoder_reconstruction_error,0.1778239041189617,provisional_unverified,0.09129397391917805
25aa01e1dcbaea32c062e01b0f782c938c34163fc58af14087dfe2f77906c06e,window_65,24.0,34.0,autoencoder_reconstruction_error,0.2192439211598614,provisional_unverified,0.155174239195219
25aa01e1dcbaea32c062e01b0f782c938c34163fc58af14087dfe2f77906c06e,window_66,26.0,36.0,autoencoder_reconstruction_error,0.198029794046538,provisional_unverified,0.13399045077730795
25aa01e1dcbaea32c062e01b0f782c938c34163fc58af14087dfe2f77906c06e,window_67,28.0,38.0,autoencoder_reconstruction_error,0.19164425458934767,provisional_unverified,0.12127089554230919
25aa01e1dcbaea32c062e01b0f782c938c34163fc58af14087dfe2f77906c06e,window_68,30.0,40.0,autoencoder_reconstruction_error,0.18560410526581597,provisional_unverified,0.11863721326119828
25aa01e1dcbaea32c062e01b0f782c938c34163fc58af14087dfe2f77906c06e,window_69,32.0,42.0,autoencoder_reconstruction_error,0.08547327090340841,provisional_unverified,0.09990680904543803
25aa01e1dcbaea32c062e01b0f782c938c34163fc58af14087dfe2f77906c06e,window_70,34.0,44.0,autoencoder_reconstruction_error,0.040222731755975155,provisional_unverified,0.05089578985907531
25aa01e1dcbaea32c062e01b0f782c938c34163fc58af14087dfe2f77906c06e,window_71,36.0,46.0,autoencoder_reconstruction_error,0.0294902772484392,provisional_unverified,0.028438130858495662
25aa01e1dcbaea32c062e01b0f782c938c34163fc58af14087dfe2f77906c06e,window_72,38.0,48.0,autoencoder_reconstruction_error,0.02656019662254554,provisional_unverified,0.024118444400109972
25aa01e1dcbaea32c062e01b0f782c938c34163fc58af14087dfe2f77906c06e,window_73,40.0,50.0,autoencoder_reconstruction_error,0.030342060188350298,provisional_unverified,0.026141080195047066
25aa01e1dcbaea32c062e01b0f782c938c34163fc58af14087dfe2f77906c06e,window_74,42.0,52.0,autoencoder_reconstruction_error,0.025381369717745832,provisional_unverified,0.021714997978769527
25aa01e1dcbaea32c062e01b0f782c938c34163fc58af14087dfe2f77906c06e,window_75,44.0,54.0,autoencoder_reconstruction_error,0.009183150868099,provisional_unverified,0.010328413927667462
25aa01e1dcbaea32c062e01b0f782c938c34163fc58af14087dfe2f77906c06e,window_76,46.0,56.0,autoencoder_reconstruction_error,0.0029420149528748773,provisional_unverified,0.004396650031984289
25aa01e1dcbaea32c062e01b0f782c938c34163fc58af14087dfe2f77906c06e,window_77,48.0,58.0,autoencoder_reconstruction_error,0.0008312160849249472,provisional_unverified,0.002950695374080918
25aa01e1dcbaea32c062e01b0f782c938c34163fc58af14087dfe2f77906c06e,window_78,50.0,60.0,autoencoder_reconstruction_error,0.0008612038574509031,provisional_unverified,0.003003243001641916
25aa01e1dcbaea32c062e01b0f782c938c34163fc58af14087dfe2f77906c06e,window_79,52.0,62.0,autoencoder_reconstruction_error,0.0008650563622371301,provisional_unverified,0.003007037511155995
25aa01e1dcbaea32c062e01b0f782c938c34163fc58af14087dfe2f77906c06e,window_80,54.0,64.0,autoencoder_reconstruction_error,0.0008622845841087816,provisional_unverified,0.0030073261800057398
25aa01e1dcbaea32c062e01b0f782c938c34163fc58af14087dfe2f77906c06e,window_81,56.0,66.0,autoencoder_reconstruction_error,0.0008618392786309912,provisional_unverified,0.0030277538276068557
25aa01e1dcbaea32c062e01b0f782c938c34163fc58af14087dfe2f77906c06e,window_82,58.0,68.0,autoencoder_reconstruction_error,0.007575553702617814,provisional_unverified,0.010767600140762883
25aa01e1dcbaea32c062e01b0f782c938c34163fc58af14087dfe2f77906c06e,window_83,60.0,70.0,autoencoder_reconstruction_error,0.012135643160512284,provisional_unverified,0.01622625745316169
25aa01e1dcbaea32c062e01b0f782c938c34163fc58af14087dfe2f77906c06e,window_84,62.0,72.0,autoencoder_reconstruction_error,0.01422341777660577,provisional_unverified,0.01773650167686268
2f775054c4e7bb342cf49e0ee66406e82353c274c103fc7f7d6a93ea329aea86,window_85,0.0,10.0,autoencoder_reconstruction_error,0.06599520627394843,provisional_unverified,0.05125377744708874
2f775054c4e7bb342cf49e0ee66406e82353c274c103fc7f7d6a93ea329aea86,window_86,2.0,12.0,autoencoder_reconstruction_error,0.22540632300815952,provisional_unverified,0.12358662971307115
2f775054c4e7bb342cf49e0ee66406e82353c274c103fc7f7d6a93ea329aea86,window_87,4.0,14.0,autoencoder_reconstruction_error,0.25502744655537607,provisional_unverified,0.13803714982352153
2f775054c4e7bb342cf49e0ee66406e82353c274c103fc7f7d6a93ea329aea86,window_88,6.0,16.0,autoencoder_reconstruction_error,0.29566272399926236,provisional_unverified,0.18622483013470048
2f775054c4e7bb342cf49e0ee66406e82353c274c103fc7f7d6a93ea329aea86,window_89,8.0,18.0,autoencoder_reconstruction_error,0.3021924420840717,provisional_unverified,0.15757844145135605
2f775054c4e7bb342cf49e0ee66406e82353c274c103fc7f7d6a93ea329aea86,window_90,10.0,20.0,autoencoder_reconstruction_error,0.334668585594177,provisional_unverified,0.20124634510056602
2f775054c4e7bb342cf49e0ee66406e82353c274c103fc7f7d6a93ea329aea86,window_91,12.0,22.0,autoencoder_reconstruction_error,0.259230073764042,provisional_unverified,0.1941368469341694
2f775054c4e7bb342cf49e0ee66406e82353c274c103fc7f7d6a93ea329aea86,window_92,14.0,24.0,autoencoder_reconstruction_error,0.2671026961479512,provisional_unverified,0.19695371025743974
2f775054c4e7bb342cf49e0ee66406e82353c274c103fc7f7d6a93ea329aea86,window_93,16.0,26.0,autoencoder_reconstruction_error,0.202987389474155,provisional_unverified,0.12085505279019357
382db1f8ede73f956341d7b461790125339762ec9d7cc96480f20aefe04d77e1,window_94,0.0,10.0,autoencoder_reconstruction_error,0.002278446731047328,provisional_unverified,0.004148792837981056
382db1f8ede73f956341d7b461790125339762ec9d7cc96480f20aefe04d77e1,window_95,2.0,12.0,autoencoder_reconstruction_error,0.0021418808033071947,provisional_unverified,0.004087116029351989
382db1f8ede73f956341d7b461790125339762ec9d7cc96480f20aefe04d77e1,window_96,4.0,14.0,autoencoder_reconstruction_error,0.002189016331483158,provisional_unverified,0.003948793011026925
382db1f8ede73f956341d7b461790125339762ec9d7cc96480f20aefe04d77e1,window_97,6.0,16.0,autoencoder_reconstruction_error,0.002132116311854009,provisional_unverified,0.003922165978745739
382db1f8ede73f956341d7b461790125339762ec9d7cc96480f20aefe04d77e1,window_98,8.0,18.0,autoencoder_reconstruction_error,0.0023280317135069956,provisional_unverified,0.004178826091155482
382db1f8ede73f956341d7b461790125339762ec9d7cc96480f20aefe04d77e1,window_99,10.0,20.0,autoencoder_reconstruction_error,0.002312042680873466,provisional_unverified,0.004005172168723325
382db1f8ede73f956341d7b461790125339762ec9d7cc96480f20aefe04d77e1,window_100,12.0,22.0,autoencoder_reconstruction_error,0.0022170038245105175,provisional_unverified,0.004017296142312056
382db1f8ede73f956341d7b461790125339762ec9d7cc96480f20aefe04d77e1,window_101,14.0,24.0,autoencoder_reconstruction_error,0.0023718283568370806,provisional_unverified,0.004055777708920194
382db1f8ede73f956341d7b461790125339762ec9d7cc96480f20aefe04d77e1,window_102,16.0,26.0,autoencoder_reconstruction_error,0.0022972676449796044,provisional_unverified,0.004222169628363648
382db1f8ede73f956341d7b461790125339762ec9d7cc96480f20aefe04d77e1,window_103,18.0,28.0,autoencoder_reconstruction_error,0.0021241182231780615,provisional_unverified,0.004025325413724788
382db1f8ede73f956341d7b461790125339762ec9d7cc96480f20aefe04d77e1,window_104,20.0,30.0,autoencoder_reconstruction_error,0.0022170065025103537,provisional_unverified,0.00413750779923317
382db1f8ede73f956341d7b461790125339762ec9d7cc96480f20aefe04d77e1,window_105,22.0,32.0,autoencoder_reconstruction_error,0.002213406791347319,provisional_unverified,0.0039977733172146986
382db1f8ede73f956341d7b461790125339762ec9d7cc96480f20aefe04d77e1,window_106,24.0,34.0,autoencoder_reconstruction_error,0.002082074842049998,provisional_unverified,0.004123048246489158
382db1f8ede73f956341d7b461790125339762ec9d7cc96480f20aefe04d77e1,window_107,26.0,36.0,autoencoder_reconstruction_error,0.002103114628499901,provisional_unverified,0.003964159719727105
382db1f8ede73f956341d7b461790125339762ec9d7cc96480f20aefe04d77e1,window_108,28.0,38.0,autoencoder_reconstruction_error,0.0019767801788055034,provisional_unverified,0.004045880112753894
382db1f8ede73f956341d7b461790125339762ec9d7cc96480f20aefe04d77e1,window_109,30.0,40.0,autoencoder_reconstruction_error,0.0020924555870541796,provisional_unverified,0.004027283104867892
382db1f8ede73f956341d7b461790125339762ec9d7cc96480f20aefe04d77e1,window_110,32.0,42.0,autoencoder_reconstruction_error,0.0018245699648993066,provisional_unverified,0.003943732477205155
382db1f8ede73f956341d7b461790125339762ec9d7cc96480f20aefe04d77e1,window_111,34.0,44.0,autoencoder_reconstruction_error,0.0020340303905870033,provisional_unverified,0.003915001888417332
382db1f8ede73f956341d7b461790125339762ec9d7cc96480f20aefe04d77e1,window_112,36.0,46.0,autoencoder_reconstruction_error,0.0021766244944302427,provisional_unverified,0.004162317336972542
382db1f8ede73f956341d7b461790125339762ec9d7cc96480f20aefe04d77e1,window_113,38.0,48.0,autoencoder_reconstruction_error,0.0020525793845826592,provisional_unverified,0.0040139323350270985
382db1f8ede73f956341d7b461790125339762ec9d7cc96480f20aefe04d77e1,window_114,40.0,50.0,autoencoder_reconstruction_error,0.0021297204449269936,provisional_unverified,0.003941599731864602
382db1f8ede73f956341d7b461790125339762ec9d7cc96480f20aefe04d77e1,window_115,42.0,52.0,autoencoder_reconstruction_error,0.0020804087398258444,provisional_unverified,0.003947415185499587
382db1f8ede73f956341d7b461790125339762ec9d7cc96480f20aefe04d77e1,window_116,44.0,54.0,autoencoder_reconstruction_error,0.0020589470747412048,provisional_unverified,0.003991780768563594
382db1f8ede73f956341d7b461790125339762ec9d7cc96480f20aefe04d77e1,window_117,46.0,56.0,autoencoder_reconstruction_error,0.002028030613401539,provisional_unverified,0.0040725709994952905
4c8d0190b666e26315ce16c862ca2e968d576e14537487162bbd73b9a47d0c07,window_118,0.0,10.0,autoencoder_reconstruction_error,0.20176633160689572,provisional_unverified,0.14547012677485305
4c8d0190b666e26315ce16c862ca2e968d576e14537487162bbd73b9a47d0c07,window_119,2.0,12.0,autoencoder_reconstruction_error,0.16169868205585147,provisional_unverified,0.16184724653988788
4c8d0190b666e26315ce16c862ca2e968d576e14537487162bbd73b9a47d0c07,window_120,4.0,14.0,autoencoder_reconstruction_error,0.18887176922943644,provisional_unverified,0.17281526837454858
4c8d0190b666e26315ce16c862ca2e968d576e14537487162bbd73b9a47d0c07,window_121,6.0,16.0,autoencoder_reconstruction_error,0.167286519636179,provisional_unverified,0.15888537608294978
4c8d0190b666e26315ce16c862ca2e968d576e14537487162bbd73b9a47d0c07,window_122,8.0,18.0,autoencoder_reconstruction_error,0.3577647696216167,provisional_unverified,0.36965211413472115
4c8d0190b666e26315ce16c862ca2e968d576e14537487162bbd73b9a47d0c07,window_123,10.0,20.0,autoencoder_reconstruction_error,0.33720184680510784,provisional_unverified,0.3171714502796839
4c8d0190b666e26315ce16c862ca2e968d576e14537487162bbd73b9a47d0c07,window_124,12.0,22.0,autoencoder_reconstruction_error,0.3377752419786257,provisional_unverified,0.2629275039592294
554af5ad576c1c1d069356649e3bd1e2699a5801f6a0fa703e0c50db726bae3b,window_125,0.0,10.0,autoencoder_reconstruction_error,0.0008603334526998623,provisional_unverified,0.003004940271906883
554af5ad576c1c1d069356649e3bd1e2699a5801f6a0fa703e0c50db726bae3b,window_126,2.0,12.0,autoencoder_reconstruction_error,0.0008570769648508806,provisional_unverified,0.003006569966560326
554af5ad576c1c1d069356649e3bd1e2699a5801f6a0fa703e0c50db726bae3b,window_127,4.0,14.0,autoencoder_reconstruction_error,0.0008595540893654003,provisional_unverified,0.003007325132398618
554af5ad576c1c1d069356649e3bd1e2699a5801f6a0fa703e0c50db726bae3b,window_128,6.0,16.0,autoencoder_reconstruction_error,0.0008597314655839065,provisional_unverified,0.003009788732497875
554af5ad576c1c1d069356649e3bd1e2699a5801f6a0fa703e0c50db726bae3b,window_129,8.0,18.0,autoencoder_reconstruction_error,0.0008611177643200136,provisional_unverified,0.0030173458066775527
564a12f3d813c10242613a907d2b4981e7296739ba9a560571b3547dab1daa7f,window_130,0.0,10.0,autoencoder_reconstruction_error,0.0029714886386219847,provisional_unverified,0.005923183619939258
564a12f3d813c10242613a907d2b4981e7296739ba9a560571b3547dab1daa7f,window_131,2.0,12.0,autoencoder_reconstruction_error,0.0030289922603792185,provisional_unverified,0.006106050782114764
564a12f3d813c10242613a907d2b4981e7296739ba9a560571b3547dab1daa7f,window_132,4.0,14.0,autoencoder_reconstruction_error,0.0031871481521114006,provisional_unverified,0.006301875760385874
564a12f3d813c10242613a907d2b4981e7296739ba9a560571b3547dab1daa7f,window_133,6.0,16.0,autoencoder_reconstruction_error,0.0029116148454747673,provisional_unverified,0.0060392773009506715
564a12f3d813c10242613a907d2b4981e7296739ba9a560571b3547dab1daa7f,window_134,8.0,18.0,autoencoder_reconstruction_error,0.0029740381627734376,provisional_unverified,0.006210010769493292
564a12f3d813c10242613a907d2b4981e7296739ba9a560571b3547dab1daa7f,window_135,10.0,20.0,autoencoder_reconstruction_error,0.0029288573174573685,provisional_unverified,0.006192071959274904
564a12f3d813c10242613a907d2b4981e7296739ba9a560571b3547dab1daa7f,window_136,12.0,22.0,autoencoder_reconstruction_error,0.002889036831769075,provisional_unverified,0.006206502584295075
564a12f3d813c10242613a907d2b4981e7296739ba9a560571b3547dab1daa7f,window_137,14.0,24.0,autoencoder_reconstruction_error,0.0026818346551565737,provisional_unverified,0.005859920339282102
564a12f3d813c10242613a907d2b4981e7296739ba9a560571b3547dab1daa7f,window_138,16.0,26.0,autoencoder_reconstruction_error,0.0026311646650080595,provisional_unverified,0.006043932424768297
564a12f3d813c10242613a907d2b4981e7296739ba9a560571b3547dab1daa7f,window_139,18.0,28.0,autoencoder_reconstruction_error,0.002519901493679153,provisional_unverified,0.005625319102580583
564a12f3d813c10242613a907d2b4981e7296739ba9a560571b3547dab1daa7f,window_140,20.0,30.0,autoencoder_reconstruction_error,0.0026597894456111115,provisional_unverified,0.005758827513923821
564a12f3d813c10242613a907d2b4981e7296739ba9a560571b3547dab1daa7f,window_141,22.0,32.0,autoencoder_reconstruction_error,0.0026507572560591263,provisional_unverified,0.005789696131158356
564a12f3d813c10242613a907d2b4981e7296739ba9a560571b3547dab1daa7f,window_142,24.0,34.0,autoencoder_reconstruction_error,0.002897703654785736,provisional_unverified,0.005926054410012456
564a12f3d813c10242613a907d2b4981e7296739ba9a560571b3547dab1daa7f,window_143,26.0,36.0,autoencoder_reconstruction_error,0.0027450554169619447,provisional_unverified,0.00580593258033598
564a12f3d813c10242613a907d2b4981e7296739ba9a560571b3547dab1daa7f,window_144,28.0,38.0,autoencoder_reconstruction_error,0.0033108050768197767,provisional_unverified,0.0060794238698150555
564a12f3d813c10242613a907d2b4981e7296739ba9a560571b3547dab1daa7f,window_145,30.0,40.0,autoencoder_reconstruction_error,0.0030274126173489516,provisional_unverified,0.005966250575217702
564a12f3d813c10242613a907d2b4981e7296739ba9a560571b3547dab1daa7f,window_146,32.0,42.0,autoencoder_reconstruction_error,0.0029594302354352237,provisional_unverified,0.005980472806100433
564a12f3d813c10242613a907d2b4981e7296739ba9a560571b3547dab1daa7f,window_147,34.0,44.0,autoencoder_reconstruction_error,0.002902594078905616,provisional_unverified,0.005894232350057559
564a12f3d813c10242613a907d2b4981e7296739ba9a560571b3547dab1daa7f,window_148,36.0,46.0,autoencoder_reconstruction_error,0.0028551203459183877,provisional_unverified,0.005935968589005324
564a12f3d813c10242613a907d2b4981e7296739ba9a560571b3547dab1daa7f,window_149,38.0,48.0,autoencoder_reconstruction_error,0.0027367183877471065,provisional_unverified,0.005917928288771923
564a12f3d813c10242613a907d2b4981e7296739ba9a560571b3547dab1daa7f,window_150,40.0,50.0,autoencoder_reconstruction_error,0.0029609237567790585,provisional_unverified,0.006079790745912515
564a12f3d813c10242613a907d2b4981e7296739ba9a560571b3547dab1daa7f,window_151,42.0,52.0,autoencoder_reconstruction_error,0.003029603887829451,provisional_unverified,0.006343585947272137
564a12f3d813c10242613a907d2b4981e7296739ba9a560571b3547dab1daa7f,window_152,44.0,54.0,autoencoder_reconstruction_error,0.0030869705793572797,provisional_unverified,0.006283235569961211
564a12f3d813c10242613a907d2b4981e7296739ba9a560571b3547dab1daa7f,window_153,46.0,56.0,autoencoder_reconstruction_error,0.0031679233175440757,provisional_unverified,0.006336916779575633
5e9e04831922d971561f6ffb53b2c77744d905cca01dcc2fe043d10b2f63c613,window_154,0.0,10.0,autoencoder_reconstruction_error,0.244910016288764,provisional_unverified,0.21722538924058588
5e9e04831922d971561f6ffb53b2c77744d905cca01dcc2fe043d10b2f63c613,window_155,2.0,12.0,autoencoder_reconstruction_error,0.33374797667904726,provisional_unverified,0.2606828836015057
5e9e04831922d971561f6ffb53b2c77744d905cca01dcc2fe043d10b2f63c613,window_156,4.0,14.0,autoencoder_reconstruction_error,0.4614153501603074,provisional_unverified,0.2478576970863762
5e9e04831922d971561f6ffb53b2c77744d905cca01dcc2fe043d10b2f63c613,window_157,6.0,16.0,autoencoder_reconstruction_error,0.25513684678616727,provisional_unverified,0.24745890325457692
5e9e04831922d971561f6ffb53b2c77744d905cca01dcc2fe043d10b2f63c613,window_158,8.0,18.0,autoencoder_reconstruction_error,0.30715031606556464,provisional_unverified,0.23779588648375455
5e9e04831922d971561f6ffb53b2c77744d905cca01dcc2fe043d10b2f63c613,window_159,10.0,20.0,autoencoder_reconstruction_error,0.36852226367817026,provisional_unverified,0.29577716178309926
5e9e04831922d971561f6ffb53b2c77744d905cca01dcc2fe043d10b2f63c613,window_160,12.0,22.0,autoencoder_reconstruction_error,0.3745220875162682,provisional_unverified,0.3351951202346386
5e9e04831922d971561f6ffb53b2c77744d905cca01dcc2fe043d10b2f63c613,window_161,14.0,24.0,autoencoder_reconstruction_error,0.3030582389317549,provisional_unverified,0.24591949509742722
5e9e04831922d971561f6ffb53b2c77744d905cca01dcc2fe043d10b2f63c613,window_162,16.0,26.0,autoencoder_reconstruction_error,0.30568791241172705,provisional_unverified,0.2947537213936731
5e9e04831922d971561f6ffb53b2c77744d905cca01dcc2fe043d10b2f63c613,window_163,18.0,28.0,autoencoder_reconstruction_error,0.1878922445773476,provisional_unverified,0.2155982190008202
5e9e04831922d971561f6ffb53b2c77744d905cca01dcc2fe043d10b2f63c613,window_164,20.0,30.0,autoencoder_reconstruction_error,0.17812887060579158,provisional_unverified,0.15998487087343943
5e9e04831922d971561f6ffb53b2c77744d905cca01dcc2fe043d10b2f63c613,window_165,22.0,32.0,autoencoder_reconstruction_error,0.12330000628560209,provisional_unverified,0.10231185890793486
5e9e04831922d971561f6ffb53b2c77744d905cca01dcc2fe043d10b2f63c613,window_166,24.0,34.0,autoencoder_reconstruction_error,0.10763985974600965,provisional_unverified,0.07715021634689812
5e9e04831922d971561f6ffb53b2c77744d905cca01dcc2fe043d10b2f63c613,window_167,26.0,36.0,autoencoder_reconstruction_error,0.206202747015663,provisional_unverified,0.14073793764277884
5e9e04831922d971561f6ffb53b2c77744d905cca01dcc2fe043d10b2f63c613,window_168,28.0,38.0,autoencoder_reconstruction_error,0.26639162463748883,provisional_unverified,0.16547001042554832
5e9e04831922d971561f6ffb53b2c77744d905cca01dcc2fe043d10b2f63c613,window_169,30.0,40.0,autoencoder_reconstruction_error,0.2296057813061854,provisional_unverified,0.1573234020761899
629d7d57091b71c5c0c2c6f42218702e454b4ae60e20636885741c7c22fe1bb4,window_170,0.0,10.0,autoencoder_reconstruction_error,0.056804723347842714,provisional_unverified,0.05487136295480046
629d7d57091b71c5c0c2c6f42218702e454b4ae60e20636885741c7c22fe1bb4,window_171,2.0,12.0,autoencoder_reconstruction_error,0.11488779054250015,provisional_unverified,0.07527042669146494
629d7d57091b71c5c0c2c6f42218702e454b4ae60e20636885741c7c22fe1bb4,window_172,4.0,14.0,autoencoder_reconstruction_error,0.09673151990337142,provisional_unverified,0.09152014515454947
629d7d57091b71c5c0c2c6f42218702e454b4ae60e20636885741c7c22fe1bb4,window_173,6.0,16.0,autoencoder_reconstruction_error,0.11183107908916298,provisional_unverified,0.11398609605869488
629d7d57091b71c5c0c2c6f42218702e454b4ae60e20636885741c7c22fe1bb4,window_174,8.0,18.0,autoencoder_reconstruction_error,0.14953956357689863,provisional_unverified,0.15148933442681511
629d7d57091b71c5c0c2c6f42218702e454b4ae60e20636885741c7c22fe1bb4,window_175,10.0,20.0,autoencoder_reconstruction_error,0.13226161120165092,provisional_unverified,0.09430866411079501
629d7d57091b71c5c0c2c6f42218702e454b4ae60e20636885741c7c22fe1bb4,window_176,12.0,22.0,autoencoder_reconstruction_error,0.06747392427092697,provisional_unverified,0.058405839679408135
629d7d57091b71c5c0c2c6f42218702e454b4ae60e20636885741c7c22fe1bb4,window_177,14.0,24.0,autoencoder_reconstruction_error,0.07577363608469825,provisional_unverified,0.07242542434205985
629d7d57091b71c5c0c2c6f42218702e454b4ae60e20636885741c7c22fe1bb4,window_178,16.0,26.0,autoencoder_reconstruction_error,0.06756638517971751,provisional_unverified,0.06738582847135031
629d7d57091b71c5c0c2c6f42218702e454b4ae60e20636885741c7c22fe1bb4,window_179,18.0,28.0,autoencoder_reconstruction_error,0.02890946695101836,provisional_unverified,0.028278756252249307
629d7d57091b71c5c0c2c6f42218702e454b4ae60e20636885741c7c22fe1bb4,window_180,20.0,30.0,autoencoder_reconstruction_error,0.00804229277613359,provisional_unverified,0.00890450726420443
629d7d57091b71c5c0c2c6f42218702e454b4ae60e20636885741c7c22fe1bb4,window_181,22.0,32.0,autoencoder_reconstruction_error,0.0012363550463211955,provisional_unverified,0.0027954406444457344
629d7d57091b71c5c0c2c6f42218702e454b4ae60e20636885741c7c22fe1bb4,window_182,24.0,34.0,autoencoder_reconstruction_error,0.0009552881535652778,provisional_unverified,0.002845622826791506
629d7d57091b71c5c0c2c6f42218702e454b4ae60e20636885741c7c22fe1bb4,window_183,26.0,36.0,autoencoder_reconstruction_error,0.0009549989581967361,provisional_unverified,0.002846779157631798
629d7d57091b71c5c0c2c6f42218702e454b4ae60e20636885741c7c22fe1bb4,window_184,28.0,38.0,autoencoder_reconstruction_error,0.0009516934576158642,provisional_unverified,0.0028448271021182365
629d7d57091b71c5c0c2c6f42218702e454b4ae60e20636885741c7c22fe1bb4,window_185,30.0,40.0,autoencoder_reconstruction_error,0.05546272396250643,provisional_unverified,0.034019727828528294
629d7d57091b71c5c0c2c6f42218702e454b4ae60e20636885741c7c22fe1bb4,window_186,32.0,42.0,autoencoder_reconstruction_error,0.05052514957788998,provisional_unverified,0.047193912123206054
629d7d57091b71c5c0c2c6f42218702e454b4ae60e20636885741c7c22fe1bb4,window_187,34.0,44.0,autoencoder_reconstruction_error,0.14287349184040601,provisional_unverified,0.08476698639653281
629d7d57091b71c5c0c2c6f42218702e454b4ae60e20636885741c7c22fe1bb4,window_188,36.0,46.0,autoencoder_reconstruction_error,0.14250485583183123,provisional_unverified,0.11821071423183097
629d7d57091b71c5c0c2c6f42218702e454b4ae60e20636885741c7c22fe1bb4,window_189,38.0,48.0,autoencoder_reconstruction_error,0.18435170471411835,provisional_unverified,0.15186819357316125
629d7d57091b71c5c0c2c6f42218702e454b4ae60e20636885741c7c22fe1bb4,window_190,40.0,50.0,autoencoder_reconstruction_error,0.16652803021593085,provisional_unverified,0.13569201513510146
629d7d57091b71c5c0c2c6f42218702e454b4ae60e20636885741c7c22fe1bb4,window_191,42.0,52.0,autoencoder_reconstruction_error,0.23927188447020237,provisional_unverified,0.21266785134541435
629d7d57091b71c5c0c2c6f42218702e454b4ae60e20636885741c7c22fe1bb4,window_192,44.0,54.0,autoencoder_reconstruction_error,0.21097843691205725,provisional_unverified,0.18157072299638619
629d7d57091b71c5c0c2c6f42218702e454b4ae60e20636885741c7c22fe1bb4,window_193,46.0,56.0,autoencoder_reconstruction_error,0.2035120878738501,provisional_unverified,0.18742031046258792
629d7d57091b71c5c0c2c6f42218702e454b4ae60e20636885741c7c22fe1bb4,window_194,48.0,58.0,autoencoder_reconstruction_error,0.16499049001731533,provisional_unverified,0.15971126137764974
629d7d57091b71c5c0c2c6f42218702e454b4ae60e20636885741c7c22fe1bb4,window_195,50.0,60.0,autoencoder_reconstruction_error,0.1460548928533918,provisional_unverified,0.15290555646191992
629d7d57091b71c5c0c2c6f42218702e454b4ae60e20636885741c7c22fe1bb4,window_196,52.0,62.0,autoencoder_reconstruction_error,0.09818776706952886,provisional_unverified,0.08594210555839157
629d7d57091b71c5c0c2c6f42218702e454b4ae60e20636885741c7c22fe1bb4,window_197,54.0,64.0,autoencoder_reconstruction_error,0.028671204524330817,provisional_unverified,0.025168739518259847
629d7d57091b71c5c0c2c6f42218702e454b4ae60e20636885741c7c22fe1bb4,window_198,56.0,66.0,autoencoder_reconstruction_error,0.021426481811099154,provisional_unverified,0.019622857422778774
629d7d57091b71c5c0c2c6f42218702e454b4ae60e20636885741c7c22fe1bb4,window_199,58.0,68.0,autoencoder_reconstruction_error,0.016422354917417094,provisional_unverified,0.017274045196840053
629d7d57091b71c5c0c2c6f42218702e454b4ae60e20636885741c7c22fe1bb4,window_200,60.0,70.0,autoencoder_reconstruction_error,0.015034755275392612,provisional_unverified,0.013463732926391189
629d7d57091b71c5c0c2c6f42218702e454b4ae60e20636885741c7c22fe1bb4,window_201,62.0,72.0,autoencoder_reconstruction_error,0.0158319078114309,provisional_unverified,0.01023942575276931
629d7d57091b71c5c0c2c6f42218702e454b4ae60e20636885741c7c22fe1bb4,window_202,64.0,74.0,autoencoder_reconstruction_error,0.011391857434313332,provisional_unverified,0.01244234539556313
629d7d57091b71c5c0c2c6f42218702e454b4ae60e20636885741c7c22fe1bb4,window_203,66.0,76.0,autoencoder_reconstruction_error,0.010202344871979387,provisional_unverified,0.010625815459771256
629d7d57091b71c5c0c2c6f42218702e454b4ae60e20636885741c7c22fe1bb4,window_204,68.0,78.0,autoencoder_reconstruction_error,0.009002583998674653,provisional_unverified,0.009253709854279809
629d7d57091b71c5c0c2c6f42218702e454b4ae60e20636885741c7c22fe1bb4,window_205,70.0,80.0,autoencoder_reconstruction_error,0.010116947278327324,provisional_unverified,0.009881685588204923
629d7d57091b71c5c0c2c6f42218702e454b4ae60e20636885741c7c22fe1bb4,window_206,72.0,82.0,autoencoder_reconstruction_error,0.010568924904369335,provisional_unverified,0.01018625165851924
629d7d57091b71c5c0c2c6f42218702e454b4ae60e20636885741c7c22fe1bb4,window_207,74.0,84.0,autoencoder_reconstruction_error,0.007581291436744868,provisional_unverified,0.00874909303292971
667a6e15a4394db30d7cce7a4db319041453bfa306b566a87e84b213d81efb29,window_208,0.0,10.0,autoencoder_reconstruction_error,0.6304541134508668,provisional_unverified,0.4905901582134967
667a6e15a4394db30d7cce7a4db319041453bfa306b566a87e84b213d81efb29,window_209,2.0,12.0,autoencoder_reconstruction_error,0.7541199746175367,provisional_unverified,0.5835889516323876
667a6e15a4394db30d7cce7a4db319041453bfa306b566a87e84b213d81efb29,window_210,4.0,14.0,autoencoder_reconstruction_error,0.5487200318888275,provisional_unverified,0.49813682587921937
667a6e15a4394db30d7cce7a4db319041453bfa306b566a87e84b213d81efb29,window_211,6.0,16.0,autoencoder_reconstruction_error,0.44082042239536706,provisional_unverified,0.4248815914542267
667a6e15a4394db30d7cce7a4db319041453bfa306b566a87e84b213d81efb29,window_212,8.0,18.0,autoencoder_reconstruction_error,0.37993060290856634,provisional_unverified,0.331830470158287
667a6e15a4394db30d7cce7a4db319041453bfa306b566a87e84b213d81efb29,window_213,10.0,20.0,autoencoder_reconstruction_error,0.1885761794461264,provisional_unverified,0.17103142473652633
667a6e15a4394db30d7cce7a4db319041453bfa306b566a87e84b213d81efb29,window_214,12.0,22.0,autoencoder_reconstruction_error,0.0941974147353459,provisional_unverified,0.07722537462395133
667a6e15a4394db30d7cce7a4db319041453bfa306b566a87e84b213d81efb29,window_215,14.0,24.0,autoencoder_reconstruction_error,0.0631356913127384,provisional_unverified,0.053888254001899526
667a6e15a4394db30d7cce7a4db319041453bfa306b566a87e84b213d81efb29,window_216,16.0,26.0,autoencoder_reconstruction_error,0.010656865487742542,provisional_unverified,0.010533828598300989
667a6e15a4394db30d7cce7a4db319041453bfa306b566a87e84b213d81efb29,window_217,18.0,28.0,autoencoder_reconstruction_error,0.004746321899215779,provisional_unverified,0.005374342477156608
667a6e15a4394db30d7cce7a4db319041453bfa306b566a87e84b213d81efb29,window_218,20.0,30.0,autoencoder_reconstruction_error,0.001962685169758052,provisional_unverified,0.0033452218547799836
667a6e15a4394db30d7cce7a4db319041453bfa306b566a87e84b213d81efb29,window_219,22.0,32.0,autoencoder_reconstruction_error,0.0021073769692903912,provisional_unverified,0.002843478636960951
667a6e15a4394db30d7cce7a4db319041453bfa306b566a87e84b213d81efb29,window_220,24.0,34.0,autoencoder_reconstruction_error,0.011720983138884505,provisional_unverified,0.009843951612591802
667a6e15a4394db30d7cce7a4db319041453bfa306b566a87e84b213d81efb29,window_221,26.0,36.0,autoencoder_reconstruction_error,0.01809266794106805,provisional_unverified,0.015855345735645628
667a6e15a4394db30d7cce7a4db319041453bfa306b566a87e84b213d81efb29,window_222,28.0,38.0,autoencoder_reconstruction_error,0.025774834069153627,provisional_unverified,0.025543965768403468
667a6e15a4394db30d7cce7a4db319041453bfa306b566a87e84b213d81efb29,window_223,30.0,40.0,autoencoder_reconstruction_error,0.1006648010533718,provisional_unverified,0.061103908407512605
667a6e15a4394db30d7cce7a4db319041453bfa306b566a87e84b213d81efb29,window_224,32.0,42.0,autoencoder_reconstruction_error,0.16691444753791543,provisional_unverified,0.13793260624703635
667a6e15a4394db30d7cce7a4db319041453bfa306b566a87e84b213d81efb29,window_225,34.0,44.0,autoencoder_reconstruction_error,0.5410730609181582,provisional_unverified,0.23630484966504878
667a6e15a4394db30d7cce7a4db319041453bfa306b566a87e84b213d81efb29,window_226,36.0,46.0,autoencoder_reconstruction_error,0.7869166583586775,provisional_unverified,0.32715296160631513
667a6e15a4394db30d7cce7a4db319041453bfa306b566a87e84b213d81efb29,window_227,38.0,48.0,autoencoder_reconstruction_error,0.6459100737658827,provisional_unverified,0.37148590930040426
667a6e15a4394db30d7cce7a4db319041453bfa306b566a87e84b213d81efb29,window_228,40.0,50.0,autoencoder_reconstruction_error,0.6522082242792816,provisional_unverified,0.37078988745211056
667a6e15a4394db30d7cce7a4db319041453bfa306b566a87e84b213d81efb29,window_229,42.0,52.0,autoencoder_reconstruction_error,0.5352572546392502,provisional_unverified,0.32501087593449174
667a6e15a4394db30d7cce7a4db319041453bfa306b566a87e84b213d81efb29,window_230,44.0,54.0,autoencoder_reconstruction_error,0.6619132703657458,provisional_unverified,0.5111792909201726
667a6e15a4394db30d7cce7a4db319041453bfa306b566a87e84b213d81efb29,window_231,46.0,56.0,autoencoder_reconstruction_error,0.2968505708840379,provisional_unverified,0.32973358133826103
667a6e15a4394db30d7cce7a4db319041453bfa306b566a87e84b213d81efb29,window_232,48.0,58.0,autoencoder_reconstruction_error,0.4619115720185703,provisional_unverified,0.350759927568083
667a6e15a4394db30d7cce7a4db319041453bfa306b566a87e84b213d81efb29,window_233,50.0,60.0,autoencoder_reconstruction_error,0.6091881004058327,provisional_unverified,0.4757563856184204
667a6e15a4394db30d7cce7a4db319041453bfa306b566a87e84b213d81efb29,window_234,52.0,62.0,autoencoder_reconstruction_error,0.4527134059722457,provisional_unverified,0.3490290864290082
667a6e15a4394db30d7cce7a4db319041453bfa306b566a87e84b213d81efb29,window_235,54.0,64.0,autoencoder_reconstruction_error,0.6471812222913175,provisional_unverified,0.39602182509787826
667a6e15a4394db30d7cce7a4db319041453bfa306b566a87e84b213d81efb29,window_236,56.0,66.0,autoencoder_reconstruction_error,0.7067790584699367,provisional_unverified,0.3567730411123203
667a6e15a4394db30d7cce7a4db319041453bfa306b566a87e84b213d81efb29,window_237,58.0,68.0,autoencoder_reconstruction_error,0.661628420801387,provisional_unverified,0.5144357841429404
667a6e15a4394db30d7cce7a4db319041453bfa306b566a87e84b213d81efb29,window_238,60.0,70.0,autoencoder_reconstruction_error,0.5314400589673749,provisional_unverified,0.439911023707471
667a6e15a4394db30d7cce7a4db319041453bfa306b566a87e84b213d81efb29,window_239,62.0,72.0,autoencoder_reconstruction_error,0.45967637028697705,provisional_unverified,0.40160215452761333
667a6e15a4394db30d7cce7a4db319041453bfa306b566a87e84b213d81efb29,window_240,64.0,74.0,autoencoder_reconstruction_error,0.4208467549474551,provisional_unverified,0.31214936426787376
667a6e15a4394db30d7cce7a4db319041453bfa306b566a87e84b213d81efb29,window_241,66.0,76.0,autoencoder_reconstruction_error,0.335756519470024,provisional_unverified,0.2644930204663866
667a6e15a4394db30d7cce7a4db319041453bfa306b566a87e84b213d81efb29,window_242,68.0,78.0,autoencoder_reconstruction_error,0.24444482271282336,provisional_unverified,0.17774905110086228
667a6e15a4394db30d7cce7a4db319041453bfa306b566a87e84b213d81efb29,window_243,70.0,80.0,autoencoder_reconstruction_error,0.15978127157621766,provisional_unverified,0.13898181284871883
667a6e15a4394db30d7cce7a4db319041453bfa306b566a87e84b213d81efb29,window_244,72.0,82.0,autoencoder_reconstruction_error,0.191014327892489,provisional_unverified,0.13644874607872193
667a6e15a4394db30d7cce7a4db319041453bfa306b566a87e84b213d81efb29,window_245,74.0,84.0,autoencoder_reconstruction_error,0.2212729721660586,provisional_unverified,0.16637255564463846
667a6e15a4394db30d7cce7a4db319041453bfa306b566a87e84b213d81efb29,window_246,76.0,86.0,autoencoder_reconstruction_error,0.30687698536003094,provisional_unverified,0.2649023317258621
667a6e15a4394db30d7cce7a4db319041453bfa306b566a87e84b213d81efb29,window_247,78.0,88.0,autoencoder_reconstruction_error,0.3318020160006516,provisional_unverified,0.31400292987196654
667a6e15a4394db30d7cce7a4db319041453bfa306b566a87e84b213d81efb29,window_248,80.0,90.0,autoencoder_reconstruction_error,0.36923027251487267,provisional_unverified,0.32127486602322924
667a6e15a4394db30d7cce7a4db319041453bfa306b566a87e84b213d81efb29,window_249,82.0,92.0,autoencoder_reconstruction_error,0.3495307015374364,provisional_unverified,0.3637365406143195
667a6e15a4394db30d7cce7a4db319041453bfa306b566a87e84b213d81efb29,window_250,84.0,94.0,autoencoder_reconstruction_error,0.37031702016427015,provisional_unverified,0.31688852124435907
667a6e15a4394db30d7cce7a4db319041453bfa306b566a87e84b213d81efb29,window_251,86.0,96.0,autoencoder_reconstruction_error,0.4220750533532332,provisional_unverified,0.3248457214729491
667a6e15a4394db30d7cce7a4db319041453bfa306b566a87e84b213d81efb29,window_252,88.0,98.0,autoencoder_reconstruction_error,0.3124685513434293,provisional_unverified,0.27641564156751214
667a6e15a4394db30d7cce7a4db319041453bfa306b566a87e84b213d81efb29,window_253,90.0,100.0,autoencoder_reconstruction_error,0.3358158427955186,provisional_unverified,0.2541330644607883
667a6e15a4394db30d7cce7a4db319041453bfa306b566a87e84b213d81efb29,window_254,92.0,102.0,autoencoder_reconstruction_error,0.3546191566689097,provisional_unverified,0.2806145152196758
667a6e15a4394db30d7cce7a4db319041453bfa306b566a87e84b213d81efb29,window_255,94.0,104.0,autoencoder_reconstruction_error,0.2736955695639854,provisional_unverified,0.22529952519409535
667a6e15a4394db30d7cce7a4db319041453bfa306b566a87e84b213d81efb29,window_256,96.0,106.0,autoencoder_reconstruction_error,0.1587039019362361,provisional_unverified,0.15368890662577184
667a6e15a4394db30d7cce7a4db319041453bfa306b566a87e84b213d81efb29,window_257,98.0,108.0,autoencoder_reconstruction_error,0.19736997021354752,provisional_unverified,0.15670793735171978
667a6e15a4394db30d7cce7a4db319041453bfa306b566a87e84b213d81efb29,window_258,100.0,110.0,autoencoder_reconstruction_error,0.1777301974651122,provisional_unverified,0.11852169461974593
667a6e15a4394db30d7cce7a4db319041453bfa306b566a87e84b213d81efb29,window_259,102.0,112.0,autoencoder_reconstruction_error,0.00871756501391122,provisional_unverified,0.00880598288955675
667a6e15a4394db30d7cce7a4db319041453bfa306b566a87e84b213d81efb29,window_260,104.0,114.0,autoencoder_reconstruction_error,0.0054361866072271114,provisional_unverified,0.00631542309314606
667a6e15a4394db30d7cce7a4db319041453bfa306b566a87e84b213d81efb29,window_261,106.0,116.0,autoencoder_reconstruction_error,0.002195702322157396,provisional_unverified,0.003496281951993185
667a6e15a4394db30d7cce7a4db319041453bfa306b566a87e84b213d81efb29,window_262,108.0,118.0,autoencoder_reconstruction_error,0.0009069268213938144,provisional_unverified,0.002620249277436158
667a6e15a4394db30d7cce7a4db319041453bfa306b566a87e84b213d81efb29,window_263,110.0,120.0,autoencoder_reconstruction_error,0.0009030011502587442,provisional_unverified,0.0028974230532246704
667a6e15a4394db30d7cce7a4db319041453bfa306b566a87e84b213d81efb29,window_264,112.0,122.0,autoencoder_reconstruction_error,0.0009726742893950896,provisional_unverified,0.00296594088424748
667a6e15a4394db30d7cce7a4db319041453bfa306b566a87e84b213d81efb29,window_265,114.0,124.0,autoencoder_reconstruction_error,0.0009863197354907157,provisional_unverified,0.002918446420624363
667a6e15a4394db30d7cce7a4db319041453bfa306b566a87e84b213d81efb29,window_266,116.0,126.0,autoencoder_reconstruction_error,0.0009929138398905124,provisional_unverified,0.0028047899244898174
667a6e15a4394db30d7cce7a4db319041453bfa306b566a87e84b213d81efb29,window_267,118.0,128.0,autoencoder_reconstruction_error,0.004429927736501676,provisional_unverified,0.004733622980473303
667a6e15a4394db30d7cce7a4db319041453bfa306b566a87e84b213d81efb29,window_268,120.0,130.0,autoencoder_reconstruction_error,0.022576804802042515,provisional_unverified,0.017742476660014862
667a6e15a4394db30d7cce7a4db319041453bfa306b566a87e84b213d81efb29,window_269,122.0,132.0,autoencoder_reconstruction_error,0.06571951448060562,provisional_unverified,0.06146486772338677
667a6e15a4394db30d7cce7a4db319041453bfa306b566a87e84b213d81efb29,window_270,124.0,134.0,autoencoder_reconstruction_error,0.16922339361882444,provisional_unverified,0.11124601253712933
667a6e15a4394db30d7cce7a4db319041453bfa306b566a87e84b213d81efb29,window_271,126.0,136.0,autoencoder_reconstruction_error,0.1708106908636806,provisional_unverified,0.1577445147300109
667a6e15a4394db30d7cce7a4db319041453bfa306b566a87e84b213d81efb29,window_272,128.0,138.0,autoencoder_reconstruction_error,0.6840816699716532,provisional_unverified,0.45919630278914414
667a6e15a4394db30d7cce7a4db319041453bfa306b566a87e84b213d81efb29,window_273,130.0,140.0,autoencoder_reconstruction_error,0.5437318164427277,provisional_unverified,0.31159363071161694
667a6e15a4394db30d7cce7a4db319041453bfa306b566a87e84b213d81efb29,window_274,132.0,142.0,autoencoder_reconstruction_error,0.49784862014309567,provisional_unverified,0.41584398324239696
667a6e15a4394db30d7cce7a4db319041453bfa306b566a87e84b213d81efb29,window_275,134.0,144.0,autoencoder_reconstruction_error,0.6131234154452977,provisional_unverified,0.4547505228083925
667a6e15a4394db30d7cce7a4db319041453bfa306b566a87e84b213d81efb29,window_276,136.0,146.0,autoencoder_reconstruction_error,0.7520021791158428,provisional_unverified,0.4682023428564658
667a6e15a4394db30d7cce7a4db319041453bfa306b566a87e84b213d81efb29,window_277,138.0,148.0,autoencoder_reconstruction_error,0.40464077898686046,provisional_unverified,0.3942590501135001
667a6e15a4394db30d7cce7a4db319041453bfa306b566a87e84b213d81efb29,window_278,140.0,150.0,autoencoder_reconstruction_error,0.5893076039108697,provisional_unverified,0.5482282253721199
667a6e15a4394db30d7cce7a4db319041453bfa306b566a87e84b213d81efb29,window_279,142.0,152.0,autoencoder_reconstruction_error,0.6220820620474744,provisional_unverified,0.5160696377948141
667a6e15a4394db30d7cce7a4db319041453bfa306b566a87e84b213d81efb29,window_280,144.0,154.0,autoencoder_reconstruction_error,0.5373397546322335,provisional_unverified,0.40930172027031825
667a6e15a4394db30d7cce7a4db319041453bfa306b566a87e84b213d81efb29,window_281,146.0,156.0,autoencoder_reconstruction_error,0.5903706307697938,provisional_unverified,0.4469798926823363
667a6e15a4394db30d7cce7a4db319041453bfa306b566a87e84b213d81efb29,window_282,148.0,158.0,autoencoder_reconstruction_error,0.5029752435424147,provisional_unverified,0.42395380346995776
667a6e15a4394db30d7cce7a4db319041453bfa306b566a87e84b213d81efb29,window_283,150.0,160.0,autoencoder_reconstruction_error,0.18404854348129482,provisional_unverified,0.15837519856507964
667a6e15a4394db30d7cce7a4db319041453bfa306b566a87e84b213d81efb29,window_284,152.0,162.0,autoencoder_reconstruction_error,0.202952709277728,provisional_unverified,0.16902518694382754
667a6e15a4394db30d7cce7a4db319041453bfa306b566a87e84b213d81efb29,window_285,154.0,164.0,autoencoder_reconstruction_error,0.39448053745791195,provisional_unverified,0.3132379656216764
667a6e15a4394db30d7cce7a4db319041453bfa306b566a87e84b213d81efb29,window_286,156.0,166.0,autoencoder_reconstruction_error,0.48116620183421366,provisional_unverified,0.42529035585922226
667a6e15a4394db30d7cce7a4db319041453bfa306b566a87e84b213d81efb29,window_287,158.0,168.0,autoencoder_reconstruction_error,0.6177864008941799,provisional_unverified,0.6083262463943281
667a6e15a4394db30d7cce7a4db319041453bfa306b566a87e84b213d81efb29,window_288,160.0,170.0,autoencoder_reconstruction_error,0.8318856012139236,provisional_unverified,0.6895778105273148
667a6e15a4394db30d7cce7a4db319041453bfa306b566a87e84b213d81efb29,window_289,162.0,172.0,autoencoder_reconstruction_error,0.9092730349329677,provisional_unverified,0.7101072814712079
667a6e15a4394db30d7cce7a4db319041453bfa306b566a87e84b213d81efb29,window_290,164.0,174.0,autoencoder_reconstruction_error,0.6280377130234747,provisional_unverified,0.4808696698061814
667a6e15a4394db30d7cce7a4db319041453bfa306b566a87e84b213d81efb29,window_291,166.0,176.0,autoencoder_reconstruction_error,0.5756285418737668,provisional_unverified,0.359118849584271
667a6e15a4394db30d7cce7a4db319041453bfa306b566a87e84b213d81efb29,window_292,168.0,178.0,autoencoder_reconstruction_error,0.31528469200176623,provisional_unverified,0.303799883749543
667a6e15a4394db30d7cce7a4db319041453bfa306b566a87e84b213d81efb29,window_293,170.0,180.0,autoencoder_reconstruction_error,0.386964839233544,provisional_unverified,0.31201979658634144
667a6e15a4394db30d7cce7a4db319041453bfa306b566a87e84b213d81efb29,window_294,172.0,182.0,autoencoder_reconstruction_error,0.23358365923245838,provisional_unverified,0.2199488480389901
667a6e15a4394db30d7cce7a4db319041453bfa306b566a87e84b213d81efb29,window_295,174.0,184.0,autoencoder_reconstruction_error,0.3185297164204183,provisional_unverified,0.2930045991973424
667a6e15a4394db30d7cce7a4db319041453bfa306b566a87e84b213d81efb29,window_296,176.0,186.0,autoencoder_reconstruction_error,0.27419705443496106,provisional_unverified,0.25657039491889505
667a6e15a4394db30d7cce7a4db319041453bfa306b566a87e84b213d81efb29,window_297,178.0,188.0,autoencoder_reconstruction_error,0.27119977129272194,provisional_unverified,0.2368805599505903
667a6e15a4394db30d7cce7a4db319041453bfa306b566a87e84b213d81efb29,window_298,180.0,190.0,autoencoder_reconstruction_error,0.24415447197833554,provisional_unverified,0.20268514725020467
667a6e15a4394db30d7cce7a4db319041453bfa306b566a87e84b213d81efb29,window_299,182.0,192.0,autoencoder_reconstruction_error,0.24950339279665895,provisional_unverified,0.23023949479493208
667a6e15a4394db30d7cce7a4db319041453bfa306b566a87e84b213d81efb29,window_300,184.0,194.0,autoencoder_reconstruction_error,0.3904631233855403,provisional_unverified,0.2803421924316055
667a6e15a4394db30d7cce7a4db319041453bfa306b566a87e84b213d81efb29,window_301,186.0,196.0,autoencoder_reconstruction_error,0.4636794346647368,provisional_unverified,0.4230421502472877
667a6e15a4394db30d7cce7a4db319041453bfa306b566a87e84b213d81efb29,window_302,188.0,198.0,autoencoder_reconstruction_error,0.5949238560416715,provisional_unverified,0.5214744306335856
667a6e15a4394db30d7cce7a4db319041453bfa306b566a87e84b213d81efb29,window_303,190.0,200.0,autoencoder_reconstruction_error,0.740122157627454,provisional_unverified,0.49239883211901975
667a6e15a4394db30d7cce7a4db319041453bfa306b566a87e84b213d81efb29,window_304,192.0,202.0,autoencoder_reconstruction_error,0.6923521028978875,provisional_unverified,0.6245932487062136
667a6e15a4394db30d7cce7a4db319041453bfa306b566a87e84b213d81efb29,window_305,194.0,204.0,autoencoder_reconstruction_error,0.6460371086393489,provisional_unverified,0.42793823858492996
667a6e15a4394db30d7cce7a4db319041453bfa306b566a87e84b213d81efb29,window_306,196.0,206.0,autoencoder_reconstruction_error,0.46215001135177813,provisional_unverified,0.35678309543444736
667a6e15a4394db30d7cce7a4db319041453bfa306b566a87e84b213d81efb29,window_307,198.0,208.0,autoencoder_reconstruction_error,0.3860840318633175,provisional_unverified,0.2849754008173644
667a6e15a4394db30d7cce7a4db319041453bfa306b566a87e84b213d81efb29,window_308,200.0,210.0,autoencoder_reconstruction_error,0.2084537720353701,provisional_unverified,0.1697615534510694
667a6e15a4394db30d7cce7a4db319041453bfa306b566a87e84b213d81efb29,window_309,202.0,212.0,autoencoder_reconstruction_error,0.19401784525218052,provisional_unverified,0.16074799653955935
667a6e15a4394db30d7cce7a4db319041453bfa306b566a87e84b213d81efb29,window_310,204.0,214.0,autoencoder_reconstruction_error,0.15169467449864865,provisional_unverified,0.1336777501294166
667a6e15a4394db30d7cce7a4db319041453bfa306b566a87e84b213d81efb29,window_311,206.0,216.0,autoencoder_reconstruction_error,0.22182846618639113,provisional_unverified,0.16770383481324236
667a6e15a4394db30d7cce7a4db319041453bfa306b566a87e84b213d81efb29,window_312,208.0,218.0,autoencoder_reconstruction_error,0.1340742805291303,provisional_unverified,0.12449656680636789
667a6e15a4394db30d7cce7a4db319041453bfa306b566a87e84b213d81efb29,window_313,210.0,220.0,autoencoder_reconstruction_error,0.10319678699801463,provisional_unverified,0.0862599929759439
667a6e15a4394db30d7cce7a4db319041453bfa306b566a87e84b213d81efb29,window_314,212.0,222.0,autoencoder_reconstruction_error,0.37877685965703206,provisional_unverified,0.34935618734945795
667a6e15a4394db30d7cce7a4db319041453bfa306b566a87e84b213d81efb29,window_315,214.0,224.0,autoencoder_reconstruction_error,0.37725486124301005,provisional_unverified,0.29734991694791896
667a6e15a4394db30d7cce7a4db319041453bfa306b566a87e84b213d81efb29,window_316,216.0,226.0,autoencoder_reconstruction_error,0.3222935312068097,provisional_unverified,0.22862698185524633
667a6e15a4394db30d7cce7a4db319041453bfa306b566a87e84b213d81efb29,window_317,218.0,228.0,autoencoder_reconstruction_error,0.3384345152507985,provisional_unverified,0.2329467557812514
67460352e955edbaf8a0e73406f2aa4726aa14abea0a93abbe0484dccf14d5c3,window_318,0.0,10.0,autoencoder_reconstruction_error,0.14502792508633583,provisional_unverified,0.07705251145122655
67460352e955edbaf8a0e73406f2aa4726aa14abea0a93abbe0484dccf14d5c3,window_319,2.0,12.0,autoencoder_reconstruction_error,0.43257607935655595,provisional_unverified,0.2642286594088169
67460352e955edbaf8a0e73406f2aa4726aa14abea0a93abbe0484dccf14d5c3,window_320,4.0,14.0,autoencoder_reconstruction_error,0.3361551121966673,provisional_unverified,0.22770304417893142
67460352e955edbaf8a0e73406f2aa4726aa14abea0a93abbe0484dccf14d5c3,window_321,6.0,16.0,autoencoder_reconstruction_error,0.27538090843031665,provisional_unverified,0.2459263260834236
67460352e955edbaf8a0e73406f2aa4726aa14abea0a93abbe0484dccf14d5c3,window_322,8.0,18.0,autoencoder_reconstruction_error,0.44281826298372445,provisional_unverified,0.2912446562333393
67460352e955edbaf8a0e73406f2aa4726aa14abea0a93abbe0484dccf14d5c3,window_323,10.0,20.0,autoencoder_reconstruction_error,0.6139294498751426,provisional_unverified,0.32218347234385236
67460352e955edbaf8a0e73406f2aa4726aa14abea0a93abbe0484dccf14d5c3,window_324,12.0,22.0,autoencoder_reconstruction_error,0.5141909478221678,provisional_unverified,0.355536718897953
67460352e955edbaf8a0e73406f2aa4726aa14abea0a93abbe0484dccf14d5c3,window_325,14.0,24.0,autoencoder_reconstruction_error,0.6540247993666495,provisional_unverified,0.2700444289399224
67460352e955edbaf8a0e73406f2aa4726aa14abea0a93abbe0484dccf14d5c3,window_326,16.0,26.0,autoencoder_reconstruction_error,0.6653818168930216,provisional_unverified,0.26353803288248745
67460352e955edbaf8a0e73406f2aa4726aa14abea0a93abbe0484dccf14d5c3,window_327,18.0,28.0,autoencoder_reconstruction_error,0.6539033748491879,provisional_unverified,0.5150125892247097
67460352e955edbaf8a0e73406f2aa4726aa14abea0a93abbe0484dccf14d5c3,window_328,20.0,30.0,autoencoder_reconstruction_error,0.29714639895576683,provisional_unverified,0.155448583377484
67460352e955edbaf8a0e73406f2aa4726aa14abea0a93abbe0484dccf14d5c3,window_329,22.0,32.0,autoencoder_reconstruction_error,0.07234878370656,provisional_unverified,0.06860494164435878
67460352e955edbaf8a0e73406f2aa4726aa14abea0a93abbe0484dccf14d5c3,window_330,24.0,34.0,autoencoder_reconstruction_error,0.05198133356278204,provisional_unverified,0.04833541507558398
67460352e955edbaf8a0e73406f2aa4726aa14abea0a93abbe0484dccf14d5c3,window_331,26.0,36.0,autoencoder_reconstruction_error,0.11467700993663986,provisional_unverified,0.06228122820799012
67460352e955edbaf8a0e73406f2aa4726aa14abea0a93abbe0484dccf14d5c3,window_332,28.0,38.0,autoencoder_reconstruction_error,0.11257396341065552,provisional_unverified,0.08878062608205357
6939b3836a088e9113eb3bffcf362bed963a71bbd9012ecb56dc61e6d500da39,window_333,0.0,10.0,autoencoder_reconstruction_error,0.3878155077474102,provisional_unverified,0.30855499732022923
6939b3836a088e9113eb3bffcf362bed963a71bbd9012ecb56dc61e6d500da39,window_334,2.0,12.0,autoencoder_reconstruction_error,0.45861194895368335,provisional_unverified,0.3324460081517667
6939b3836a088e9113eb3bffcf362bed963a71bbd9012ecb56dc61e6d500da39,window_335,4.0,14.0,autoencoder_reconstruction_error,0.46919769990431437,provisional_unverified,0.38253267805028185
6939b3836a088e9113eb3bffcf362bed963a71bbd9012ecb56dc61e6d500da39,window_336,6.0,16.0,autoencoder_reconstruction_error,0.5358071426636813,provisional_unverified,0.4611764885422576
6939b3836a088e9113eb3bffcf362bed963a71bbd9012ecb56dc61e6d500da39,window_337,8.0,18.0,autoencoder_reconstruction_error,0.3349125614540325,provisional_unverified,0.24587286754299165
6939b3836a088e9113eb3bffcf362bed963a71bbd9012ecb56dc61e6d500da39,window_338,10.0,20.0,autoencoder_reconstruction_error,0.2323367978098016,provisional_unverified,0.18050550610476807
6939b3836a088e9113eb3bffcf362bed963a71bbd9012ecb56dc61e6d500da39,window_339,12.0,22.0,autoencoder_reconstruction_error,0.22878783480178885,provisional_unverified,0.12262701967934628
6939b3836a088e9113eb3bffcf362bed963a71bbd9012ecb56dc61e6d500da39,window_340,14.0,24.0,autoencoder_reconstruction_error,0.2797811012272267,provisional_unverified,0.09534255799396779
6939b3836a088e9113eb3bffcf362bed963a71bbd9012ecb56dc61e6d500da39,window_341,16.0,26.0,autoencoder_reconstruction_error,0.3987925723247221,provisional_unverified,0.340208207404024
6939b3836a088e9113eb3bffcf362bed963a71bbd9012ecb56dc61e6d500da39,window_342,18.0,28.0,autoencoder_reconstruction_error,0.6245431425379475,provisional_unverified,0.5587709513190737
6939b3836a088e9113eb3bffcf362bed963a71bbd9012ecb56dc61e6d500da39,window_343,20.0,30.0,autoencoder_reconstruction_error,0.60693194878759,provisional_unverified,0.47633930763525717
6939b3836a088e9113eb3bffcf362bed963a71bbd9012ecb56dc61e6d500da39,window_344,22.0,32.0,autoencoder_reconstruction_error,0.5180997599691259,provisional_unverified,0.38434265020477404
6939b3836a088e9113eb3bffcf362bed963a71bbd9012ecb56dc61e6d500da39,window_345,24.0,34.0,autoencoder_reconstruction_error,0.4386431570581205,provisional_unverified,0.36506615821041144
6939b3836a088e9113eb3bffcf362bed963a71bbd9012ecb56dc61e6d500da39,window_346,26.0,36.0,autoencoder_reconstruction_error,0.4145627301216786,provisional_unverified,0.2854354389943012
6939b3836a088e9113eb3bffcf362bed963a71bbd9012ecb56dc61e6d500da39,window_347,28.0,38.0,autoencoder_reconstruction_error,0.05933038511127111,provisional_unverified,0.0538436347737066
6939b3836a088e9113eb3bffcf362bed963a71bbd9012ecb56dc61e6d500da39,window_348,30.0,40.0,autoencoder_reconstruction_error,0.003335868322085973,provisional_unverified,0.004468179897942815
6939b3836a088e9113eb3bffcf362bed963a71bbd9012ecb56dc61e6d500da39,window_349,32.0,42.0,autoencoder_reconstruction_error,0.0009007227815098378,provisional_unverified,0.002664386822527179
6939b3836a088e9113eb3bffcf362bed963a71bbd9012ecb56dc61e6d500da39,window_350,34.0,44.0,autoencoder_reconstruction_error,0.0009519730431400015,provisional_unverified,0.002845852685667297
6939b3836a088e9113eb3bffcf362bed963a71bbd9012ecb56dc61e6d500da39,window_351,36.0,46.0,autoencoder_reconstruction_error,0.0009566988178227899,provisional_unverified,0.0028434558272184356
6939b3836a088e9113eb3bffcf362bed963a71bbd9012ecb56dc61e6d500da39,window_352,38.0,48.0,autoencoder_reconstruction_error,0.011150417121260265,provisional_unverified,0.009309888405224868
6939b3836a088e9113eb3bffcf362bed963a71bbd9012ecb56dc61e6d500da39,window_353,40.0,50.0,autoencoder_reconstruction_error,0.025480367566438438,provisional_unverified,0.01649340705286884
6939b3836a088e9113eb3bffcf362bed963a71bbd9012ecb56dc61e6d500da39,window_354,42.0,52.0,autoencoder_reconstruction_error,0.024683145597576988,provisional_unverified,0.017429713299508657
6939b3836a088e9113eb3bffcf362bed963a71bbd9012ecb56dc61e6d500da39,window_355,44.0,54.0,autoencoder_reconstruction_error,0.025743394552356778,provisional_unverified,0.017169252033582195
6939b3836a088e9113eb3bffcf362bed963a71bbd9012ecb56dc61e6d500da39,window_356,46.0,56.0,autoencoder_reconstruction_error,0.042174578293820424,provisional_unverified,0.029803591062638014
6939b3836a088e9113eb3bffcf362bed963a71bbd9012ecb56dc61e6d500da39,window_357,48.0,58.0,autoencoder_reconstruction_error,0.04225994144927261,provisional_unverified,0.033495910198263264
6939b3836a088e9113eb3bffcf362bed963a71bbd9012ecb56dc61e6d500da39,window_358,50.0,60.0,autoencoder_reconstruction_error,0.031302446048736075,provisional_unverified,0.028771581663051125
6939b3836a088e9113eb3bffcf362bed963a71bbd9012ecb56dc61e6d500da39,window_359,52.0,62.0,autoencoder_reconstruction_error,0.0386335966633495,provisional_unverified,0.033166623167314106
6939b3836a088e9113eb3bffcf362bed963a71bbd9012ecb56dc61e6d500da39,window_360,54.0,64.0,autoencoder_reconstruction_error,0.052838617284083456,provisional_unverified,0.03635822379846931
6faa006353747cbeb4e6d2e90954728110cb94fabfcd41e319270d4cde22f117,window_361,0.0,10.0,autoencoder_reconstruction_error,0.1259831294194099,provisional_unverified,0.10068269424058891
6faa006353747cbeb4e6d2e90954728110cb94fabfcd41e319270d4cde22f117,window_362,2.0,12.0,autoencoder_reconstruction_error,0.13552972068639277,provisional_unverified,0.09576840366216988
6faa006353747cbeb4e6d2e90954728110cb94fabfcd41e319270d4cde22f117,window_363,4.0,14.0,autoencoder_reconstruction_error,0.4949475522941768,provisional_unverified,0.290112471738024
6faa006353747cbeb4e6d2e90954728110cb94fabfcd41e319270d4cde22f117,window_364,6.0,16.0,autoencoder_reconstruction_error,0.4098939944690654,provisional_unverified,0.3571509080713129
6faa006353747cbeb4e6d2e90954728110cb94fabfcd41e319270d4cde22f117,window_365,8.0,18.0,autoencoder_reconstruction_error,0.5364783778924402,provisional_unverified,0.42158861096439737
6faa006353747cbeb4e6d2e90954728110cb94fabfcd41e319270d4cde22f117,window_366,10.0,20.0,autoencoder_reconstruction_error,0.5157570277919146,provisional_unverified,0.39272229784005214
6faa006353747cbeb4e6d2e90954728110cb94fabfcd41e319270d4cde22f117,window_367,12.0,22.0,autoencoder_reconstruction_error,0.5729492006211755,provisional_unverified,0.3818674226584711
6faa006353747cbeb4e6d2e90954728110cb94fabfcd41e319270d4cde22f117,window_368,14.0,24.0,autoencoder_reconstruction_error,0.15771698741957413,provisional_unverified,0.11330946411883161
6faa006353747cbeb4e6d2e90954728110cb94fabfcd41e319270d4cde22f117,window_369,16.0,26.0,autoencoder_reconstruction_error,0.23679807767340236,provisional_unverified,0.22256462144794104
6faa006353747cbeb4e6d2e90954728110cb94fabfcd41e319270d4cde22f117,window_370,18.0,28.0,autoencoder_reconstruction_error,0.22350916260723055,provisional_unverified,0.1742593477361863
6faa006353747cbeb4e6d2e90954728110cb94fabfcd41e319270d4cde22f117,window_371,20.0,30.0,autoencoder_reconstruction_error,0.27858849557953913,provisional_unverified,0.2053975406685198
6faa006353747cbeb4e6d2e90954728110cb94fabfcd41e319270d4cde22f117,window_372,22.0,32.0,autoencoder_reconstruction_error,0.336732424861725,provisional_unverified,0.2593617614740268
6faa006353747cbeb4e6d2e90954728110cb94fabfcd41e319270d4cde22f117,window_373,24.0,34.0,autoencoder_reconstruction_error,0.16346940395718734,provisional_unverified,0.12259175237685464
6faa006353747cbeb4e6d2e90954728110cb94fabfcd41e319270d4cde22f117,window_374,26.0,36.0,autoencoder_reconstruction_error,0.13224781102413483,provisional_unverified,0.08720006698982928
6faa006353747cbeb4e6d2e90954728110cb94fabfcd41e319270d4cde22f117,window_375,28.0,38.0,autoencoder_reconstruction_error,0.08594308394680832,provisional_unverified,0.08262532525904419
6faa006353747cbeb4e6d2e90954728110cb94fabfcd41e319270d4cde22f117,window_376,30.0,40.0,autoencoder_reconstruction_error,0.056371503501459246,provisional_unverified,0.031752630513898226
6faa006353747cbeb4e6d2e90954728110cb94fabfcd41e319270d4cde22f117,window_377,32.0,42.0,autoencoder_reconstruction_error,0.019982465825737754,provisional_unverified,0.01970640100565653
6faa006353747cbeb4e6d2e90954728110cb94fabfcd41e319270d4cde22f117,window_378,34.0,44.0,autoencoder_reconstruction_error,0.01736170401281859,provisional_unverified,0.014163338890918812
6faa006353747cbeb4e6d2e90954728110cb94fabfcd41e319270d4cde22f117,window_379,36.0,46.0,autoencoder_reconstruction_error,0.01660927278916872,provisional_unverified,0.016598267454020953
6faa006353747cbeb4e6d2e90954728110cb94fabfcd41e319270d4cde22f117,window_380,38.0,48.0,autoencoder_reconstruction_error,0.014712808502905553,provisional_unverified,0.015415917338522031
6faa006353747cbeb4e6d2e90954728110cb94fabfcd41e319270d4cde22f117,window_381,40.0,50.0,autoencoder_reconstruction_error,0.007991770141752907,provisional_unverified,0.0086226243446362
6faa006353747cbeb4e6d2e90954728110cb94fabfcd41e319270d4cde22f117,window_382,42.0,52.0,autoencoder_reconstruction_error,0.14789958055726482,provisional_unverified,0.11030907247318487
6faa006353747cbeb4e6d2e90954728110cb94fabfcd41e319270d4cde22f117,window_383,44.0,54.0,autoencoder_reconstruction_error,0.13825553044649333,provisional_unverified,0.0957189183244909
6faa006353747cbeb4e6d2e90954728110cb94fabfcd41e319270d4cde22f117,window_384,46.0,56.0,autoencoder_reconstruction_error,0.5415986844236764,provisional_unverified,0.3674373318676334
6faa006353747cbeb4e6d2e90954728110cb94fabfcd41e319270d4cde22f117,window_385,48.0,58.0,autoencoder_reconstruction_error,0.4552189811983949,provisional_unverified,0.34117301818806994
6faa006353747cbeb4e6d2e90954728110cb94fabfcd41e319270d4cde22f117,window_386,50.0,60.0,autoencoder_reconstruction_error,0.43076695951601834,provisional_unverified,0.3505796474187398
6faa006353747cbeb4e6d2e90954728110cb94fabfcd41e319270d4cde22f117,window_387,52.0,62.0,autoencoder_reconstruction_error,0.3627292276915093,provisional_unverified,0.31473637027044815
6faa006353747cbeb4e6d2e90954728110cb94fabfcd41e319270d4cde22f117,window_388,54.0,64.0,autoencoder_reconstruction_error,0.6113819973745112,provisional_unverified,0.28880492591342344
6faa006353747cbeb4e6d2e90954728110cb94fabfcd41e319270d4cde22f117,window_389,56.0,66.0,autoencoder_reconstruction_error,0.08577140640988701,provisional_unverified,0.08343271970685366
6faa006353747cbeb4e6d2e90954728110cb94fabfcd41e319270d4cde22f117,window_390,58.0,68.0,autoencoder_reconstruction_error,0.05261039514925217,provisional_unverified,0.03506444390273174
6faa006353747cbeb4e6d2e90954728110cb94fabfcd41e319270d4cde22f117,window_391,60.0,70.0,autoencoder_reconstruction_error,0.08631743476458527,provisional_unverified,0.058251545460744736
6faa006353747cbeb4e6d2e90954728110cb94fabfcd41e319270d4cde22f117,window_392,62.0,72.0,autoencoder_reconstruction_error,0.07701929244927673,provisional_unverified,0.06570326438182994
6faa006353747cbeb4e6d2e90954728110cb94fabfcd41e319270d4cde22f117,window_393,64.0,74.0,autoencoder_reconstruction_error,0.036597416662724966,provisional_unverified,0.031029103002196936
6faa006353747cbeb4e6d2e90954728110cb94fabfcd41e319270d4cde22f117,window_394,66.0,76.0,autoencoder_reconstruction_error,0.054681792355923645,provisional_unverified,0.057088059136359934
6faa006353747cbeb4e6d2e90954728110cb94fabfcd41e319270d4cde22f117,window_395,68.0,78.0,autoencoder_reconstruction_error,0.050313092655528684,provisional_unverified,0.04671805410685319
6faa006353747cbeb4e6d2e90954728110cb94fabfcd41e319270d4cde22f117,window_396,70.0,80.0,autoencoder_reconstruction_error,0.04569124580700417,provisional_unverified,0.04983571921951768
6faa006353747cbeb4e6d2e90954728110cb94fabfcd41e319270d4cde22f117,window_397,72.0,82.0,autoencoder_reconstruction_error,0.04183907407344841,provisional_unverified,0.0376789988317147
6faa006353747cbeb4e6d2e90954728110cb94fabfcd41e319270d4cde22f117,window_398,74.0,84.0,autoencoder_reconstruction_error,0.041988842095079235,provisional_unverified,0.03060938383863307
6faa006353747cbeb4e6d2e90954728110cb94fabfcd41e319270d4cde22f117,window_399,76.0,86.0,autoencoder_reconstruction_error,0.01759044166852228,provisional_unverified,0.022184551670689428
6faa006353747cbeb4e6d2e90954728110cb94fabfcd41e319270d4cde22f117,window_400,78.0,88.0,autoencoder_reconstruction_error,0.01598474924518594,provisional_unverified,0.01713847046518192
953f71ef131b4c5ce7211560abcbafbfe0079e72cf2190c2908d3ff00cf5db12,window_401,0.0,10.0,autoencoder_reconstruction_error,0.0020454490842417316,provisional_unverified,0.004069282509019991
953f71ef131b4c5ce7211560abcbafbfe0079e72cf2190c2908d3ff00cf5db12,window_402,2.0,12.0,autoencoder_reconstruction_error,0.0021941016478891143,provisional_unverified,0.004137325990904953
953f71ef131b4c5ce7211560abcbafbfe0079e72cf2190c2908d3ff00cf5db12,window_403,4.0,14.0,autoencoder_reconstruction_error,0.0018972961644931766,provisional_unverified,0.0038658986800836318
953f71ef131b4c5ce7211560abcbafbfe0079e72cf2190c2908d3ff00cf5db12,window_404,6.0,16.0,autoencoder_reconstruction_error,0.0017996065127948641,provisional_unverified,0.00386833200113734
953f71ef131b4c5ce7211560abcbafbfe0079e72cf2190c2908d3ff00cf5db12,window_405,8.0,18.0,autoencoder_reconstruction_error,0.0019388159374984493,provisional_unverified,0.0038436017885807184
953f71ef131b4c5ce7211560abcbafbfe0079e72cf2190c2908d3ff00cf5db12,window_406,10.0,20.0,autoencoder_reconstruction_error,0.0017308728512329587,provisional_unverified,0.0037600365166634763
953f71ef131b4c5ce7211560abcbafbfe0079e72cf2190c2908d3ff00cf5db12,window_407,12.0,22.0,autoencoder_reconstruction_error,0.0019184316950191407,provisional_unverified,0.0038149398251030348
953f71ef131b4c5ce7211560abcbafbfe0079e72cf2190c2908d3ff00cf5db12,window_408,14.0,24.0,autoencoder_reconstruction_error,0.0018327606480675724,provisional_unverified,0.003900891420392079
953f71ef131b4c5ce7211560abcbafbfe0079e72cf2190c2908d3ff00cf5db12,window_409,16.0,26.0,autoencoder_reconstruction_error,0.0020336634770642893,provisional_unverified,0.0038806911944186248
953f71ef131b4c5ce7211560abcbafbfe0079e72cf2190c2908d3ff00cf5db12,window_410,18.0,28.0,autoencoder_reconstruction_error,0.002065837730219099,provisional_unverified,0.003976988841711353
953f71ef131b4c5ce7211560abcbafbfe0079e72cf2190c2908d3ff00cf5db12,window_411,20.0,30.0,autoencoder_reconstruction_error,0.002222823765889238,provisional_unverified,0.003969385010290969
953f71ef131b4c5ce7211560abcbafbfe0079e72cf2190c2908d3ff00cf5db12,window_412,22.0,32.0,autoencoder_reconstruction_error,0.0020942034590982934,provisional_unverified,0.004006898281441535
953f71ef131b4c5ce7211560abcbafbfe0079e72cf2190c2908d3ff00cf5db12,window_413,24.0,34.0,autoencoder_reconstruction_error,0.0021838768761749654,provisional_unverified,0.004001082973962062
953f71ef131b4c5ce7211560abcbafbfe0079e72cf2190c2908d3ff00cf5db12,window_414,26.0,36.0,autoencoder_reconstruction_error,0.002304258134759408,provisional_unverified,0.004050243772832178
953f71ef131b4c5ce7211560abcbafbfe0079e72cf2190c2908d3ff00cf5db12,window_415,28.0,38.0,autoencoder_reconstruction_error,0.0023134169044324083,provisional_unverified,0.004179544823619762
953f71ef131b4c5ce7211560abcbafbfe0079e72cf2190c2908d3ff00cf5db12,window_416,30.0,40.0,autoencoder_reconstruction_error,0.002448510191631029,provisional_unverified,0.004362856199529694
953f71ef131b4c5ce7211560abcbafbfe0079e72cf2190c2908d3ff00cf5db12,window_417,32.0,42.0,autoencoder_reconstruction_error,0.002340485617594764,provisional_unverified,0.004222256706982983
953f71ef131b4c5ce7211560abcbafbfe0079e72cf2190c2908d3ff00cf5db12,window_418,34.0,44.0,autoencoder_reconstruction_error,0.0023524567364877846,provisional_unverified,0.004145095092120123
953f71ef131b4c5ce7211560abcbafbfe0079e72cf2190c2908d3ff00cf5db12,window_419,36.0,46.0,autoencoder_reconstruction_error,0.0023326800320127546,provisional_unverified,0.004247424292645965
953f71ef131b4c5ce7211560abcbafbfe0079e72cf2190c2908d3ff00cf5db12,window_420,38.0,48.0,autoencoder_reconstruction_error,0.0022462041590036457,provisional_unverified,0.004163814064473051
953f71ef131b4c5ce7211560abcbafbfe0079e72cf2190c2908d3ff00cf5db12,window_421,40.0,50.0,autoencoder_reconstruction_error,0.002133586335350596,provisional_unverified,0.004116397423866998
953f71ef131b4c5ce7211560abcbafbfe0079e72cf2190c2908d3ff00cf5db12,window_422,42.0,52.0,autoencoder_reconstruction_error,0.002267609086410477,provisional_unverified,0.0041883208850540775
953f71ef131b4c5ce7211560abcbafbfe0079e72cf2190c2908d3ff00cf5db12,window_423,44.0,54.0,autoencoder_reconstruction_error,0.0023333612768628277,provisional_unverified,0.004381809144372919
953f71ef131b4c5ce7211560abcbafbfe0079e72cf2190c2908d3ff00cf5db12,window_424,46.0,56.0,autoencoder_reconstruction_error,0.002377012618534788,provisional_unverified,0.00440810083144127
953f71ef131b4c5ce7211560abcbafbfe0079e72cf2190c2908d3ff00cf5db12,window_425,48.0,58.0,autoencoder_reconstruction_error,0.002338751580504455,provisional_unverified,0.004292575915715633
953f71ef131b4c5ce7211560abcbafbfe0079e72cf2190c2908d3ff00cf5db12,window_426,50.0,60.0,autoencoder_reconstruction_error,0.002431876839362548,provisional_unverified,0.0042415846678833385
953f71ef131b4c5ce7211560abcbafbfe0079e72cf2190c2908d3ff00cf5db12,window_427,52.0,62.0,autoencoder_reconstruction_error,0.002545927323187179,provisional_unverified,0.004363875321762448
953f71ef131b4c5ce7211560abcbafbfe0079e72cf2190c2908d3ff00cf5db12,window_428,54.0,64.0,autoencoder_reconstruction_error,0.0023091513865275103,provisional_unverified,0.0040406375432685835
953f71ef131b4c5ce7211560abcbafbfe0079e72cf2190c2908d3ff00cf5db12,window_429,56.0,66.0,autoencoder_reconstruction_error,0.0022568262788397854,provisional_unverified,0.003979977030703424
953f71ef131b4c5ce7211560abcbafbfe0079e72cf2190c2908d3ff00cf5db12,window_430,58.0,68.0,autoencoder_reconstruction_error,0.0021711263568067814,provisional_unverified,0.003987809888483244
953f71ef131b4c5ce7211560abcbafbfe0079e72cf2190c2908d3ff00cf5db12,window_431,60.0,70.0,autoencoder_reconstruction_error,0.0021180691857901946,provisional_unverified,0.00398998510431394
953f71ef131b4c5ce7211560abcbafbfe0079e72cf2190c2908d3ff00cf5db12,window_432,62.0,72.0,autoencoder_reconstruction_error,0.002067583828566835,provisional_unverified,0.003998903414009299
953f71ef131b4c5ce7211560abcbafbfe0079e72cf2190c2908d3ff00cf5db12,window_433,64.0,74.0,autoencoder_reconstruction_error,0.0023117031452489552,provisional_unverified,0.004231766706079376
953f71ef131b4c5ce7211560abcbafbfe0079e72cf2190c2908d3ff00cf5db12,window_434,66.0,76.0,autoencoder_reconstruction_error,0.0023245016570712248,provisional_unverified,0.004260680157459328
953f71ef131b4c5ce7211560abcbafbfe0079e72cf2190c2908d3ff00cf5db12,window_435,68.0,78.0,autoencoder_reconstruction_error,0.0023425653602920453,provisional_unverified,0.00418688001280617
953f71ef131b4c5ce7211560abcbafbfe0079e72cf2190c2908d3ff00cf5db12,window_436,70.0,80.0,autoencoder_reconstruction_error,0.0022137408614929842,provisional_unverified,0.004112319056199706
953f71ef131b4c5ce7211560abcbafbfe0079e72cf2190c2908d3ff00cf5db12,window_437,72.0,82.0,autoencoder_reconstruction_error,0.002363455320361556,provisional_unverified,0.00414504755521966
953f71ef131b4c5ce7211560abcbafbfe0079e72cf2190c2908d3ff00cf5db12,window_438,74.0,84.0,autoencoder_reconstruction_error,0.002086719099429447,provisional_unverified,0.003979465627966908
953f71ef131b4c5ce7211560abcbafbfe0079e72cf2190c2908d3ff00cf5db12,window_439,76.0,86.0,autoencoder_reconstruction_error,0.0018475554922513578,provisional_unverified,0.0038160804715647685
953f71ef131b4c5ce7211560abcbafbfe0079e72cf2190c2908d3ff00cf5db12,window_440,78.0,88.0,autoencoder_reconstruction_error,0.0019465918762293039,provisional_unverified,0.003803150065207951
c5c639ca1fa3038e565a432a960cb53f6ce533ad9612d27f229f6527fcf0edac,window_441,0.0,10.0,autoencoder_reconstruction_error,0.001755093979876977,provisional_unverified,0.0040965794134785434
c5c639ca1fa3038e565a432a960cb53f6ce533ad9612d27f229f6527fcf0edac,window_442,2.0,12.0,autoencoder_reconstruction_error,0.0016812460690108786,provisional_unverified,0.003915540522508835
c5c639ca1fa3038e565a432a960cb53f6ce533ad9612d27f229f6527fcf0edac,window_443,4.0,14.0,autoencoder_reconstruction_error,0.0017185578699620554,provisional_unverified,0.003999720076509323
c5c639ca1fa3038e565a432a960cb53f6ce533ad9612d27f229f6527fcf0edac,window_444,6.0,16.0,autoencoder_reconstruction_error,0.0017858876167709886,provisional_unverified,0.004089430065732594
c5c639ca1fa3038e565a432a960cb53f6ce533ad9612d27f229f6527fcf0edac,window_445,8.0,18.0,autoencoder_reconstruction_error,0.0018567312176971744,provisional_unverified,0.004096606839493507
c5c639ca1fa3038e565a432a960cb53f6ce533ad9612d27f229f6527fcf0edac,window_446,10.0,20.0,autoencoder_reconstruction_error,0.0019113046041234808,provisional_unverified,0.004245812125379157
c5c639ca1fa3038e565a432a960cb53f6ce533ad9612d27f229f6527fcf0edac,window_447,12.0,22.0,autoencoder_reconstruction_error,0.0018811292161920868,provisional_unverified,0.0042049721772121
c5c639ca1fa3038e565a432a960cb53f6ce533ad9612d27f229f6527fcf0edac,window_448,14.0,24.0,autoencoder_reconstruction_error,0.0018783243297715425,provisional_unverified,0.004083942663013017
c5c639ca1fa3038e565a432a960cb53f6ce533ad9612d27f229f6527fcf0edac,window_449,16.0,26.0,autoencoder_reconstruction_error,0.0018678184704992457,provisional_unverified,0.004162806791053198
c5c639ca1fa3038e565a432a960cb53f6ce533ad9612d27f229f6527fcf0edac,window_450,18.0,28.0,autoencoder_reconstruction_error,0.0018561002615707567,provisional_unverified,0.004305378109461007
c5c639ca1fa3038e565a432a960cb53f6ce533ad9612d27f229f6527fcf0edac,window_451,20.0,30.0,autoencoder_reconstruction_error,0.0018074310028712533,provisional_unverified,0.004350441660742914
c5c639ca1fa3038e565a432a960cb53f6ce533ad9612d27f229f6527fcf0edac,window_452,22.0,32.0,autoencoder_reconstruction_error,0.0018648616102192705,provisional_unverified,0.004181828889615305
e57d3de89d6f2a3165aa05beee7b611f60923e090254337c1b48f744c78db52d,window_453,0.0,10.0,autoencoder_reconstruction_error,0.7452210257699344,provisional_unverified,0.6921831120938072
e57d3de89d6f2a3165aa05beee7b611f60923e090254337c1b48f744c78db52d,window_454,2.0,12.0,autoencoder_reconstruction_error,0.9018293298203621,provisional_unverified,0.7464038325002871
e57d3de89d6f2a3165aa05beee7b611f60923e090254337c1b48f744c78db52d,window_455,4.0,14.0,autoencoder_reconstruction_error,0.9210344221790544,provisional_unverified,0.8927663282510249
e57d3de89d6f2a3165aa05beee7b611f60923e090254337c1b48f744c78db52d,window_456,6.0,16.0,autoencoder_reconstruction_error,0.7017629084990081,provisional_unverified,0.6354304735427811
e57d3de89d6f2a3165aa05beee7b611f60923e090254337c1b48f744c78db52d,window_457,8.0,18.0,autoencoder_reconstruction_error,0.5593367708773901,provisional_unverified,0.5197022479595453
e57d3de89d6f2a3165aa05beee7b611f60923e090254337c1b48f744c78db52d,window_458,10.0,20.0,autoencoder_reconstruction_error,0.5157778400826445,provisional_unverified,0.4101358276239423
e57d3de89d6f2a3165aa05beee7b611f60923e090254337c1b48f744c78db52d,window_459,12.0,22.0,autoencoder_reconstruction_error,0.39776789656360806,provisional_unverified,0.34243879712676323
e57d3de89d6f2a3165aa05beee7b611f60923e090254337c1b48f744c78db52d,window_460,14.0,24.0,autoencoder_reconstruction_error,0.28806043937687714,provisional_unverified,0.26178157421415155
e57d3de89d6f2a3165aa05beee7b611f60923e090254337c1b48f744c78db52d,window_461,16.0,26.0,autoencoder_reconstruction_error,0.23556154109256672,provisional_unverified,0.21748940997011534
e57d3de89d6f2a3165aa05beee7b611f60923e090254337c1b48f744c78db52d,window_462,18.0,28.0,autoencoder_reconstruction_error,0.3403849437030533,provisional_unverified,0.2324211883570361
e57d3de89d6f2a3165aa05beee7b611f60923e090254337c1b48f744c78db52d,window_463,20.0,30.0,autoencoder_reconstruction_error,0.3697803168627916,provisional_unverified,0.22618407280199018
e57d3de89d6f2a3165aa05beee7b611f60923e090254337c1b48f744c78db52d,window_464,22.0,32.0,autoencoder_reconstruction_error,0.2783373733467089,provisional_unverified,0.14658157482514417
e57d3de89d6f2a3165aa05beee7b611f60923e090254337c1b48f744c78db52d,window_465,24.0,34.0,autoencoder_reconstruction_error,0.3932508452447813,provisional_unverified,0.1270058587492719
e57d3de89d6f2a3165aa05beee7b611f60923e090254337c1b48f744c78db52d,window_466,26.0,36.0,autoencoder_reconstruction_error,0.28291479070134934,provisional_unverified,0.14339664307088926
e57d3de89d6f2a3165aa05beee7b611f60923e090254337c1b48f744c78db52d,window_467,28.0,38.0,autoencoder_reconstruction_error,0.20728659325764362,provisional_unverified,0.07897726096636616
e57d3de89d6f2a3165aa05beee7b611f60923e090254337c1b48f744c78db52d,window_468,30.0,40.0,autoencoder_reconstruction_error,0.14941729002211054,provisional_unverified,0.10358216527460314
e57d3de89d6f2a3165aa05beee7b611f60923e090254337c1b48f744c78db52d,window_469,32.0,42.0,autoencoder_reconstruction_error,0.09799437027929912,provisional_unverified,0.0664737365951823
e57d3de89d6f2a3165aa05beee7b611f60923e090254337c1b48f744c78db52d,window_470,34.0,44.0,autoencoder_reconstruction_error,0.024406753849089392,provisional_unverified,0.027311407694330377
e57d3de89d6f2a3165aa05beee7b611f60923e090254337c1b48f744c78db52d,window_471,36.0,46.0,autoencoder_reconstruction_error,0.012682791215823176,provisional_unverified,0.013692132261714762
e57d3de89d6f2a3165aa05beee7b611f60923e090254337c1b48f744c78db52d,window_472,38.0,48.0,autoencoder_reconstruction_error,0.0041359946888586355,provisional_unverified,0.005245006766190435
e57d3de89d6f2a3165aa05beee7b611f60923e090254337c1b48f744c78db52d,window_473,40.0,50.0,autoencoder_reconstruction_error,0.0009611662124875825,provisional_unverified,0.0027472176200328533
e57d3de89d6f2a3165aa05beee7b611f60923e090254337c1b48f744c78db52d,window_474,42.0,52.0,autoencoder_reconstruction_error,0.0009554116854871117,provisional_unverified,0.002842241938129611
e57d3de89d6f2a3165aa05beee7b611f60923e090254337c1b48f744c78db52d,window_475,44.0,54.0,autoencoder_reconstruction_error,0.0009502019899614792,provisional_unverified,0.0028453575021737017
e57d3de89d6f2a3165aa05beee7b611f60923e090254337c1b48f744c78db52d,window_476,46.0,56.0,autoencoder_reconstruction_error,0.0009473005979824523,provisional_unverified,0.00284921266506658
f26c5b91a912f9e98e0205e2518d5b3de0314b04b69c3bc6d0148fa8ea3e842b,window_477,0.0,10.0,autoencoder_reconstruction_error,0.199502822809018,provisional_unverified,0.0988466680544035
f26c5b91a912f9e98e0205e2518d5b3de0314b04b69c3bc6d0148fa8ea3e842b,window_478,2.0,12.0,autoencoder_reconstruction_error,0.20175389510215438,provisional_unverified,0.1314688014417941
f26c5b91a912f9e98e0205e2518d5b3de0314b04b69c3bc6d0148fa8ea3e842b,window_479,4.0,14.0,autoencoder_reconstruction_error,0.15428194648229868,provisional_unverified,0.15342817161226707
f26c5b91a912f9e98e0205e2518d5b3de0314b04b69c3bc6d0148fa8ea3e842b,window_480,6.0,16.0,autoencoder_reconstruction_error,0.15873145961760216,provisional_unverified,0.08891867504092177
f26c5b91a912f9e98e0205e2518d5b3de0314b04b69c3bc6d0148fa8ea3e842b,window_481,8.0,18.0,autoencoder_reconstruction_error,0.211564379104992,provisional_unverified,0.14800363854224435
f26c5b91a912f9e98e0205e2518d5b3de0314b04b69c3bc6d0148fa8ea3e842b,window_482,10.0,20.0,autoencoder_reconstruction_error,0.1557809220888181,provisional_unverified,0.15310147412250444
f26c5b91a912f9e98e0205e2518d5b3de0314b04b69c3bc6d0148fa8ea3e842b,window_483,12.0,22.0,autoencoder_reconstruction_error,0.18411109097851616,provisional_unverified,0.13273541948951006
f8a2dfe19bc591bed40778fcb493d9a34a3261518b2f4b416ba15a9402ec6dd7,window_484,0.0,10.0,autoencoder_reconstruction_error,0.0008615442288310304,provisional_unverified,0.0030121808362442446
f8a2dfe19bc591bed40778fcb493d9a34a3261518b2f4b416ba15a9402ec6dd7,window_485,2.0,12.0,autoencoder_reconstruction_error,0.0008578397404627903,provisional_unverified,0.003007662321990437
f8a2dfe19bc591bed40778fcb493d9a34a3261518b2f4b416ba15a9402ec6dd7,window_486,4.0,14.0,autoencoder_reconstruction_error,0.0008597287469175547,provisional_unverified,0.003013542422598932
f8a2dfe19bc591bed40778fcb493d9a34a3261518b2f4b416ba15a9402ec6dd7,window_487,6.0,16.0,autoencoder_reconstruction_error,0.0928581426711113,provisional_unverified,0.07728869997124788
f8a2dfe19bc591bed40778fcb493d9a34a3261518b2f4b416ba15a9402ec6dd7,window_488,8.0,18.0,autoencoder_reconstruction_error,0.09382785531530642,provisional_unverified,0.08107584393198183
f8a2dfe19bc591bed40778fcb493d9a34a3261518b2f4b416ba15a9402ec6dd7,window_489,10.0,20.0,autoencoder_reconstruction_error,0.1486317981725262,provisional_unverified,0.12576912799978748
f8a2dfe19bc591bed40778fcb493d9a34a3261518b2f4b416ba15a9402ec6dd7,window_490,12.0,22.0,autoencoder_reconstruction_error,0.11064062521235318,provisional_unverified,0.10734965762550408
f8a2dfe19bc591bed40778fcb493d9a34a3261518b2f4b416ba15a9402ec6dd7,window_491,14.0,24.0,autoencoder_reconstruction_error,0.3121081576953725,provisional_unverified,0.1904075930993155
f8a2dfe19bc591bed40778fcb493d9a34a3261518b2f4b416ba15a9402ec6dd7,window_492,16.0,26.0,autoencoder_reconstruction_error,0.2752188430826954,provisional_unverified,0.20371316209128174
f8a2dfe19bc591bed40778fcb493d9a34a3261518b2f4b416ba15a9402ec6dd7,window_493,18.0,28.0,autoencoder_reconstruction_error,0.16545426875566854,provisional_unverified,0.14177269740204776
f8a2dfe19bc591bed40778fcb493d9a34a3261518b2f4b416ba15a9402ec6dd7,window_494,20.0,30.0,autoencoder_reconstruction_error,0.172783486154368,provisional_unverified,0.15207030888783885
f8a2dfe19bc591bed40778fcb493d9a34a3261518b2f4b416ba15a9402ec6dd7,window_495,22.0,32.0,autoencoder_reconstruction_error,0.22264642945555008,provisional_unverified,0.16575047088894404
f8a2dfe19bc591bed40778fcb493d9a34a3261518b2f4b416ba15a9402ec6dd7,window_496,24.0,34.0,autoencoder_reconstruction_error,0.1628047457755721,provisional_unverified,0.0975829822095393
f8a2dfe19bc591bed40778fcb493d9a34a3261518b2f4b416ba15a9402ec6dd7,window_497,26.0,36.0,autoencoder_reconstruction_error,0.20052030556902176,provisional_unverified,0.15534960681329374
f8a2dfe19bc591bed40778fcb493d9a34a3261518b2f4b416ba15a9402ec6dd7,window_498,28.0,38.0,autoencoder_reconstruction_error,0.26343028847224004,provisional_unverified,0.17780690458503523
f8a2dfe19bc591bed40778fcb493d9a34a3261518b2f4b416ba15a9402ec6dd7,window_499,30.0,40.0,autoencoder_reconstruction_error,0.33361347651678364,provisional_unverified,0.2357065734378536
