recording_id,split,first_channel,second_channel,lag_samples,correlation,overlap_samples
07173121b1534f1eadb8b127005d4eff70872388074c2bbe0c93061527d89f40,train,Motor RPM [Rpm],MC Duty Cycle [%],-4.0,0.6299966118386455,216.0
07173121b1534f1eadb8b127005d4eff70872388074c2bbe0c93061527d89f40,train,Motor RPM [Rpm],AC Current,7.0,-0.5935579751770034,213.0
07173121b1534f1eadb8b127005d4eff70872388074c2bbe0c93061527d89f40,train,Motor RPM [Rpm],DC Current [A],7.0,-0.5800012674433936,213.0
07173121b1534f1eadb8b127005d4eff70872388074c2bbe0c93061527d89f40,train,Motor RPM [Rpm],Pack_Current,7.0,-0.5469434901135248,213.0
07173121b1534f1eadb8b127005d4eff70872388074c2bbe0c93061527d89f40,train,MC Duty Cycle [%],AC Current,0.0,0.8258294690735648,220.0
07173121b1534f1eadb8b127005d4eff70872388074c2bbe0c93061527d89f40,train,MC Duty Cycle [%],DC Current [A],0.0,0.8429697032658512,220.0
07173121b1534f1eadb8b127005d4eff70872388074c2bbe0c93061527d89f40,train,MC Duty Cycle [%],Pack_Current,0.0,0.8671024350004443,220.0
07173121b1534f1eadb8b127005d4eff70872388074c2bbe0c93061527d89f40,train,AC Current,DC Current [A],0.0,0.9828128912679427,220.0
07173121b1534f1eadb8b127005d4eff70872388074c2bbe0c93061527d89f40,train,AC Current,Pack_Current,0.0,0.9901802109249628,220.0
07173121b1534f1eadb8b127005d4eff70872388074c2bbe0c93061527d89f40,train,DC Current [A],Pack_Current,0.0,0.9882867453669029,220.0
1a8433bf1168531d6f7c2deb5c37b27de5ddf1d9f65316416ecbf000289fd40a,train,Motor RPM [Rpm],MC Duty Cycle [%],-3.0,0.8597253276261851,217.0
1a8433bf1168531d6f7c2deb5c37b27de5ddf1d9f65316416ecbf000289fd40a,train,Motor RPM [Rpm],AC Current,12.0,-0.6311647436676064,208.0
1a8433bf1168531d6f7c2deb5c37b27de5ddf1d9f65316416ecbf000289fd40a,train,Motor RPM [Rpm],DC Current [A],-10.0,0.5660035987984069,210.0
1a8433bf1168531d6f7c2deb5c37b27de5ddf1d9f65316416ecbf000289fd40a,train,Motor RPM [Rpm],Pack_Current,-10.0,0.580320041338594,210.0
1a8433bf1168531d6f7c2deb5c37b27de5ddf1d9f65316416ecbf000289fd40a,train,MC Duty Cycle [%],AC Current,0.0,0.5869869547851133,220.0
1a8433bf1168531d6f7c2deb5c37b27de5ddf1d9f65316416ecbf000289fd40a,train,MC Duty Cycle [%],DC Current [A],0.0,0.7261988299720301,220.0
1a8433bf1168531d6f7c2deb5c37b27de5ddf1d9f65316416ecbf000289fd40a,train,MC Duty Cycle [%],Pack_Current,0.0,0.7527532036513019,220.0
1a8433bf1168531d6f7c2deb5c37b27de5ddf1d9f65316416ecbf000289fd40a,train,AC Current,DC Current [A],0.0,0.9650537404886644,220.0
1a8433bf1168531d6f7c2deb5c37b27de5ddf1d9f65316416ecbf000289fd40a,train,AC Current,Pack_Current,0.0,0.9487001542244554,220.0
1a8433bf1168531d6f7c2deb5c37b27de5ddf1d9f65316416ecbf000289fd40a,train,DC Current [A],Pack_Current,0.0,0.9890053391630058,220.0
1cca7c275163fc193899535ebb0c13f26676e8568d3c8adac48dbcc224812b0c,train,Motor RPM [Rpm],MC Duty Cycle [%],-6.0,0.9479883946885037,374.0
1cca7c275163fc193899535ebb0c13f26676e8568d3c8adac48dbcc224812b0c,train,Motor RPM [Rpm],AC Current,-38.0,0.6883797943343465,342.0
1cca7c275163fc193899535ebb0c13f26676e8568d3c8adac48dbcc224812b0c,train,Motor RPM [Rpm],DC Current [A],-21.0,0.8894038861090966,359.0
1cca7c275163fc193899535ebb0c13f26676e8568d3c8adac48dbcc224812b0c,train,Motor RPM [Rpm],Pack_Current,-16.0,0.9261463485471177,364.0
1cca7c275163fc193899535ebb0c13f26676e8568d3c8adac48dbcc224812b0c,train,MC Duty Cycle [%],AC Current,-29.0,0.7309184865700367,351.0
1cca7c275163fc193899535ebb0c13f26676e8568d3c8adac48dbcc224812b0c,train,MC Duty Cycle [%],DC Current [A],-17.0,0.8785347013145602,363.0
1cca7c275163fc193899535ebb0c13f26676e8568d3c8adac48dbcc224812b0c,train,MC Duty Cycle [%],Pack_Current,-1.0,0.9001745480738721,379.0
1cca7c275163fc193899535ebb0c13f26676e8568d3c8adac48dbcc224812b0c,train,AC Current,DC Current [A],0.0,0.8302732611210757,380.0
1cca7c275163fc193899535ebb0c13f26676e8568d3c8adac48dbcc224812b0c,train,AC Current,Pack_Current,3.0,0.721984500692599,377.0
1cca7c275163fc193899535ebb0c13f26676e8568d3c8adac48dbcc224812b0c,train,DC Current [A],Pack_Current,0.0,0.9808969815871439,380.0
200a690cbeb5a4d9f415d6a933e60aa13a0cf5ee5c03c71731d7739c8ecbda5e,train,Motor RPM [Rpm],MC Duty Cycle [%],-5.0,0.9722932583396275,574.0
200a690cbeb5a4d9f415d6a933e60aa13a0cf5ee5c03c71731d7739c8ecbda5e,train,Motor RPM [Rpm],AC Current,-19.0,0.5138216309145344,560.0
200a690cbeb5a4d9f415d6a933e60aa13a0cf5ee5c03c71731d7739c8ecbda5e,train,Motor RPM [Rpm],DC Current [A],-16.0,0.5834565025601671,563.0
200a690cbeb5a4d9f415d6a933e60aa13a0cf5ee5c03c71731d7739c8ecbda5e,train,Motor RPM [Rpm],Pack_Current,-15.0,0.5692041871155726,564.0
200a690cbeb5a4d9f415d6a933e60aa13a0cf5ee5c03c71731d7739c8ecbda5e,train,MC Duty Cycle [%],AC Current,-11.0,0.5476702528276732,568.0
200a690cbeb5a4d9f415d6a933e60aa13a0cf5ee5c03c71731d7739c8ecbda5e,train,MC Duty Cycle [%],DC Current [A],0.0,0.6259040342677357,579.0
200a690cbeb5a4d9f415d6a933e60aa13a0cf5ee5c03c71731d7739c8ecbda5e,train,MC Duty Cycle [%],Pack_Current,0.0,0.6341175516203145,579.0
200a690cbeb5a4d9f415d6a933e60aa13a0cf5ee5c03c71731d7739c8ecbda5e,train,AC Current,DC Current [A],0.0,0.9216256460291403,579.0
200a690cbeb5a4d9f415d6a933e60aa13a0cf5ee5c03c71731d7739c8ecbda5e,train,AC Current,Pack_Current,0.0,0.8657403366064561,579.0
200a690cbeb5a4d9f415d6a933e60aa13a0cf5ee5c03c71731d7739c8ecbda5e,train,DC Current [A],Pack_Current,0.0,0.9809187551760377,579.0
25aa01e1dcbaea32c062e01b0f782c938c34163fc58af14087dfe2f77906c06e,train,Motor RPM [Rpm],MC Duty Cycle [%],-7.0,0.9695243137844856,731.0
25aa01e1dcbaea32c062e01b0f782c938c34163fc58af14087dfe2f77906c06e,train,Motor RPM [Rpm],AC Current,-24.0,0.7250275806984211,714.0
25aa01e1dcbaea32c062e01b0f782c938c34163fc58af14087dfe2f77906c06e,train,Motor RPM [Rpm],DC Current [A],-18.0,0.7219759460188511,720.0
25aa01e1dcbaea32c062e01b0f782c938c34163fc58af14087dfe2f77906c06e,train,Motor RPM [Rpm],Pack_Current,-16.0,0.6829271416016082,722.0
25aa01e1dcbaea32c062e01b0f782c938c34163fc58af14087dfe2f77906c06e,train,MC Duty Cycle [%],AC Current,-14.0,0.734807440023568,724.0
25aa01e1dcbaea32c062e01b0f782c938c34163fc58af14087dfe2f77906c06e,train,MC Duty Cycle [%],DC Current [A],-7.0,0.7461955762918409,731.0
25aa01e1dcbaea32c062e01b0f782c938c34163fc58af14087dfe2f77906c06e,train,MC Duty Cycle [%],Pack_Current,-5.0,0.7241572240012265,733.0
25aa01e1dcbaea32c062e01b0f782c938c34163fc58af14087dfe2f77906c06e,train,AC Current,DC Current [A],0.0,0.9388028447675045,738.0
25aa01e1dcbaea32c062e01b0f782c938c34163fc58af14087dfe2f77906c06e,train,AC Current,Pack_Current,1.0,0.8918038897356044,737.0
25aa01e1dcbaea32c062e01b0f782c938c34163fc58af14087dfe2f77906c06e,train,DC Current [A],Pack_Current,0.0,0.9813615314402722,738.0
2f775054c4e7bb342cf49e0ee66406e82353c274c103fc7f7d6a93ea329aea86,train,Motor RPM [Rpm],MC Duty Cycle [%],-2.0,0.9207173589115596,258.0
2f775054c4e7bb342cf49e0ee66406e82353c274c103fc7f7d6a93ea329aea86,train,Motor RPM [Rpm],AC Current,-8.0,0.5539406105460017,252.0
2f775054c4e7bb342cf49e0ee66406e82353c274c103fc7f7d6a93ea329aea86,train,Motor RPM [Rpm],DC Current [A],-7.0,0.667392247053901,253.0
2f775054c4e7bb342cf49e0ee66406e82353c274c103fc7f7d6a93ea329aea86,train,Motor RPM [Rpm],Pack_Current,-7.0,0.6713423326470086,253.0
2f775054c4e7bb342cf49e0ee66406e82353c274c103fc7f7d6a93ea329aea86,train,MC Duty Cycle [%],AC Current,-1.0,0.6760744665945532,259.0
2f775054c4e7bb342cf49e0ee66406e82353c274c103fc7f7d6a93ea329aea86,train,MC Duty Cycle [%],DC Current [A],0.0,0.8023967832622587,260.0
2f775054c4e7bb342cf49e0ee66406e82353c274c103fc7f7d6a93ea329aea86,train,MC Duty Cycle [%],Pack_Current,0.0,0.8118400498395614,260.0
2f775054c4e7bb342cf49e0ee66406e82353c274c103fc7f7d6a93ea329aea86,train,AC Current,DC Current [A],0.0,0.9695243677796821,260.0
2f775054c4e7bb342cf49e0ee66406e82353c274c103fc7f7d6a93ea329aea86,train,AC Current,Pack_Current,0.0,0.95919912754104,260.0
2f775054c4e7bb342cf49e0ee66406e82353c274c103fc7f7d6a93ea329aea86,train,DC Current [A],Pack_Current,0.0,0.9914897666135085,260.0
4c8d0190b666e26315ce16c862ca2e968d576e14537487162bbd73b9a47d0c07,train,Motor RPM [Rpm],MC Duty Cycle [%],-2.0,0.8551491091400099,218.0
4c8d0190b666e26315ce16c862ca2e968d576e14537487162bbd73b9a47d0c07,train,Motor RPM [Rpm],AC Current,-5.0,0.48435064934386707,215.0
4c8d0190b666e26315ce16c862ca2e968d576e14537487162bbd73b9a47d0c07,train,Motor RPM [Rpm],DC Current [A],-4.0,0.5185612080565071,216.0
4c8d0190b666e26315ce16c862ca2e968d576e14537487162bbd73b9a47d0c07,train,Motor RPM [Rpm],Pack_Current,-4.0,0.5184491493161754,216.0
4c8d0190b666e26315ce16c862ca2e968d576e14537487162bbd73b9a47d0c07,train,MC Duty Cycle [%],AC Current,0.0,0.8039780524563002,220.0
4c8d0190b666e26315ce16c862ca2e968d576e14537487162bbd73b9a47d0c07,train,MC Duty Cycle [%],DC Current [A],0.0,0.8256000446232181,220.0
4c8d0190b666e26315ce16c862ca2e968d576e14537487162bbd73b9a47d0c07,train,MC Duty Cycle [%],Pack_Current,0.0,0.8262199163283339,220.0
4c8d0190b666e26315ce16c862ca2e968d576e14537487162bbd73b9a47d0c07,train,AC Current,DC Current [A],0.0,0.9914754989633958,220.0
4c8d0190b666e26315ce16c862ca2e968d576e14537487162bbd73b9a47d0c07,train,AC Current,Pack_Current,0.0,0.9888335084647537,220.0
4c8d0190b666e26315ce16c862ca2e968d576e14537487162bbd73b9a47d0c07,train,DC Current [A],Pack_Current,0.0,0.9918387750281955,220.0
564a12f3d813c10242613a907d2b4981e7296739ba9a560571b3547dab1daa7f,train,Motor RPM [Rpm],MC Duty Cycle [%],-22.0,0.11332853133971596,557.0
5e9e04831922d971561f6ffb53b2c77744d905cca01dcc2fe043d10b2f63c613,train,Motor RPM [Rpm],MC Duty Cycle [%],-5.0,0.936528636568835,414.0
5e9e04831922d971561f6ffb53b2c77744d905cca01dcc2fe043d10b2f63c613,train,Motor RPM [Rpm],AC Current,23.0,-0.5768791536477831,396.0
5e9e04831922d971561f6ffb53b2c77744d905cca01dcc2fe043d10b2f63c613,train,Motor RPM [Rpm],DC Current [A],-10.0,0.45790136669512027,409.0
5e9e04831922d971561f6ffb53b2c77744d905cca01dcc2fe043d10b2f63c613,train,Motor RPM [Rpm],Pack_Current,-9.0,0.46826318362333436,410.0
5e9e04831922d971561f6ffb53b2c77744d905cca01dcc2fe043d10b2f63c613,train,MC Duty Cycle [%],AC Current,28.0,-0.5532443630793467,391.0
5e9e04831922d971561f6ffb53b2c77744d905cca01dcc2fe043d10b2f63c613,train,MC Duty Cycle [%],DC Current [A],0.0,0.6176203186784023,419.0
5e9e04831922d971561f6ffb53b2c77744d905cca01dcc2fe043d10b2f63c613,train,MC Duty Cycle [%],Pack_Current,0.0,0.6502881050556283,419.0
5e9e04831922d971561f6ffb53b2c77744d905cca01dcc2fe043d10b2f63c613,train,AC Current,DC Current [A],0.0,0.9214380333897996,419.0
5e9e04831922d971561f6ffb53b2c77744d905cca01dcc2fe043d10b2f63c613,train,AC Current,Pack_Current,0.0,0.8889459941609831,419.0
5e9e04831922d971561f6ffb53b2c77744d905cca01dcc2fe043d10b2f63c613,train,DC Current [A],Pack_Current,0.0,0.9897795685018306,419.0
629d7d57091b71c5c0c2c6f42218702e454b4ae60e20636885741c7c22fe1bb4,train,Motor RPM [Rpm],MC Duty Cycle [%],-4.0,0.9566322497541209,854.0
629d7d57091b71c5c0c2c6f42218702e454b4ae60e20636885741c7c22fe1bb4,train,Motor RPM [Rpm],AC Current,-14.0,0.5021388024201194,844.0
629d7d57091b71c5c0c2c6f42218702e454b4ae60e20636885741c7c22fe1bb4,train,Motor RPM [Rpm],DC Current [A],-10.0,0.5560996423350819,848.0
629d7d57091b71c5c0c2c6f42218702e454b4ae60e20636885741c7c22fe1bb4,train,Motor RPM [Rpm],Pack_Current,-9.0,0.5553238490515358,849.0
629d7d57091b71c5c0c2c6f42218702e454b4ae60e20636885741c7c22fe1bb4,train,MC Duty Cycle [%],AC Current,-4.0,0.54646049455082,854.0
629d7d57091b71c5c0c2c6f42218702e454b4ae60e20636885741c7c22fe1bb4,train,MC Duty Cycle [%],DC Current [A],0.0,0.6284066621987361,858.0
629d7d57091b71c5c0c2c6f42218702e454b4ae60e20636885741c7c22fe1bb4,train,MC Duty Cycle [%],Pack_Current,0.0,0.6326822502188154,858.0
629d7d57091b71c5c0c2c6f42218702e454b4ae60e20636885741c7c22fe1bb4,train,AC Current,DC Current [A],0.0,0.9281976620003395,858.0
629d7d57091b71c5c0c2c6f42218702e454b4ae60e20636885741c7c22fe1bb4,train,AC Current,Pack_Current,0.0,0.8914370172528735,858.0
629d7d57091b71c5c0c2c6f42218702e454b4ae60e20636885741c7c22fe1bb4,train,DC Current [A],Pack_Current,0.0,0.9938894190689995,858.0
667a6e15a4394db30d7cce7a4db319041453bfa306b566a87e84b213d81efb29,train,Motor RPM [Rpm],MC Duty Cycle [%],-1.0,0.958185186862275,2291.0
667a6e15a4394db30d7cce7a4db319041453bfa306b566a87e84b213d81efb29,train,Motor RPM [Rpm],AC Current,-5.0,0.5220179958448333,2287.0
667a6e15a4394db30d7cce7a4db319041453bfa306b566a87e84b213d81efb29,train,Motor RPM [Rpm],DC Current [A],-3.0,0.6469293489578299,2289.0
667a6e15a4394db30d7cce7a4db319041453bfa306b566a87e84b213d81efb29,train,Motor RPM [Rpm],Pack_Current,-2.0,0.6517013919041033,2290.0
667a6e15a4394db30d7cce7a4db319041453bfa306b566a87e84b213d81efb29,train,MC Duty Cycle [%],AC Current,0.0,0.6706292147796388,2292.0
667a6e15a4394db30d7cce7a4db319041453bfa306b566a87e84b213d81efb29,train,MC Duty Cycle [%],DC Current [A],0.0,0.7959429214776007,2292.0
667a6e15a4394db30d7cce7a4db319041453bfa306b566a87e84b213d81efb29,train,MC Duty Cycle [%],Pack_Current,0.0,0.804317616821571,2292.0
667a6e15a4394db30d7cce7a4db319041453bfa306b566a87e84b213d81efb29,train,AC Current,DC Current [A],0.0,0.9341577328180037,2292.0
667a6e15a4394db30d7cce7a4db319041453bfa306b566a87e84b213d81efb29,train,AC Current,Pack_Current,0.0,0.8957796197014837,2292.0
667a6e15a4394db30d7cce7a4db319041453bfa306b566a87e84b213d81efb29,train,DC Current [A],Pack_Current,0.0,0.9845638199943141,2292.0
67460352e955edbaf8a0e73406f2aa4726aa14abea0a93abbe0484dccf14d5c3,train,Motor RPM [Rpm],MC Duty Cycle [%],-4.0,0.9562643493899989,376.0
67460352e955edbaf8a0e73406f2aa4726aa14abea0a93abbe0484dccf14d5c3,train,Motor RPM [Rpm],AC Current,-14.0,0.5205672962846286,366.0
67460352e955edbaf8a0e73406f2aa4726aa14abea0a93abbe0484dccf14d5c3,train,Motor RPM [Rpm],DC Current [A],-10.0,0.6146972594226445,370.0
67460352e955edbaf8a0e73406f2aa4726aa14abea0a93abbe0484dccf14d5c3,train,Motor RPM [Rpm],Pack_Current,-9.0,0.609893677805452,371.0
67460352e955edbaf8a0e73406f2aa4726aa14abea0a93abbe0484dccf14d5c3,train,MC Duty Cycle [%],AC Current,-7.0,0.5962967397010226,373.0
67460352e955edbaf8a0e73406f2aa4726aa14abea0a93abbe0484dccf14d5c3,train,MC Duty Cycle [%],DC Current [A],0.0,0.708440098678298,380.0
67460352e955edbaf8a0e73406f2aa4726aa14abea0a93abbe0484dccf14d5c3,train,MC Duty Cycle [%],Pack_Current,0.0,0.7226017680534718,380.0
67460352e955edbaf8a0e73406f2aa4726aa14abea0a93abbe0484dccf14d5c3,train,AC Current,DC Current [A],0.0,0.9243807886001179,380.0
67460352e955edbaf8a0e73406f2aa4726aa14abea0a93abbe0484dccf14d5c3,train,AC Current,Pack_Current,0.0,0.8856503818853034,380.0
67460352e955edbaf8a0e73406f2aa4726aa14abea0a93abbe0484dccf14d5c3,train,DC Current [A],Pack_Current,0.0,0.9867035773932342,380.0
6939b3836a088e9113eb3bffcf362bed963a71bbd9012ecb56dc61e6d500da39,validation,Motor RPM [Rpm],MC Duty Cycle [%],-4.0,0.9564365734050845,654.0
6939b3836a088e9113eb3bffcf362bed963a71bbd9012ecb56dc61e6d500da39,validation,Motor RPM [Rpm],AC Current,-12.0,0.4967803049461308,646.0
6939b3836a088e9113eb3bffcf362bed963a71bbd9012ecb56dc61e6d500da39,validation,Motor RPM [Rpm],DC Current [A],-11.0,0.6071228953885657,647.0
6939b3836a088e9113eb3bffcf362bed963a71bbd9012ecb56dc61e6d500da39,validation,Motor RPM [Rpm],Pack_Current,-8.0,0.61767321796586,650.0
6939b3836a088e9113eb3bffcf362bed963a71bbd9012ecb56dc61e6d500da39,validation,MC Duty Cycle [%],AC Current,0.0,0.6368424539139295,658.0
6939b3836a088e9113eb3bffcf362bed963a71bbd9012ecb56dc61e6d500da39,validation,MC Duty Cycle [%],DC Current [A],0.0,0.7538392160669787,658.0
6939b3836a088e9113eb3bffcf362bed963a71bbd9012ecb56dc61e6d500da39,validation,MC Duty Cycle [%],Pack_Current,0.0,0.7657237215613244,658.0
6939b3836a088e9113eb3bffcf362bed963a71bbd9012ecb56dc61e6d500da39,validation,AC Current,DC Current [A],0.0,0.9425668994727765,658.0
6939b3836a088e9113eb3bffcf362bed963a71bbd9012ecb56dc61e6d500da39,validation,AC Current,Pack_Current,0.0,0.9159704940339146,658.0
6939b3836a088e9113eb3bffcf362bed963a71bbd9012ecb56dc61e6d500da39,validation,DC Current [A],Pack_Current,0.0,0.9921000587276525,658.0
6faa006353747cbeb4e6d2e90954728110cb94fabfcd41e319270d4cde22f117,validation,Motor RPM [Rpm],MC Duty Cycle [%],-7.0,0.9650426024788551,890.0
6faa006353747cbeb4e6d2e90954728110cb94fabfcd41e319270d4cde22f117,validation,Motor RPM [Rpm],AC Current,-25.0,0.6727346270043016,872.0
6faa006353747cbeb4e6d2e90954728110cb94fabfcd41e319270d4cde22f117,validation,Motor RPM [Rpm],DC Current [A],-19.0,0.6622398438004033,878.0
6faa006353747cbeb4e6d2e90954728110cb94fabfcd41e319270d4cde22f117,validation,Motor RPM [Rpm],Pack_Current,-18.0,0.6381780650361095,879.0
6faa006353747cbeb4e6d2e90954728110cb94fabfcd41e319270d4cde22f117,validation,MC Duty Cycle [%],AC Current,-15.0,0.7067790821762105,882.0
6faa006353747cbeb4e6d2e90954728110cb94fabfcd41e319270d4cde22f117,validation,MC Duty Cycle [%],DC Current [A],-8.0,0.7126758875397006,889.0
6faa006353747cbeb4e6d2e90954728110cb94fabfcd41e319270d4cde22f117,validation,MC Duty Cycle [%],Pack_Current,-8.0,0.6989196750684584,889.0
6faa006353747cbeb4e6d2e90954728110cb94fabfcd41e319270d4cde22f117,validation,AC Current,DC Current [A],0.0,0.9404267717454936,897.0
6faa006353747cbeb4e6d2e90954728110cb94fabfcd41e319270d4cde22f117,validation,AC Current,Pack_Current,0.0,0.891179789396253,897.0
6faa006353747cbeb4e6d2e90954728110cb94fabfcd41e319270d4cde22f117,validation,DC Current [A],Pack_Current,0.0,0.9773683167069982,897.0
e57d3de89d6f2a3165aa05beee7b611f60923e090254337c1b48f744c78db52d,test,Motor RPM [Rpm],MC Duty Cycle [%],-2.0,0.9599005349133152,577.0
e57d3de89d6f2a3165aa05beee7b611f60923e090254337c1b48f744c78db52d,test,Motor RPM [Rpm],AC Current,-50.0,0.5871045978624817,529.0
e57d3de89d6f2a3165aa05beee7b611f60923e090254337c1b48f744c78db52d,test,Motor RPM [Rpm],DC Current [A],-9.0,0.6397854515444518,570.0
e57d3de89d6f2a3165aa05beee7b611f60923e090254337c1b48f744c78db52d,test,Motor RPM [Rpm],Pack_Current,-8.0,0.6436863329386532,571.0
e57d3de89d6f2a3165aa05beee7b611f60923e090254337c1b48f744c78db52d,test,MC Duty Cycle [%],AC Current,-45.0,0.6028653754627413,534.0
e57d3de89d6f2a3165aa05beee7b611f60923e090254337c1b48f744c78db52d,test,MC Duty Cycle [%],DC Current [A],0.0,0.7633333473504089,579.0
e57d3de89d6f2a3165aa05beee7b611f60923e090254337c1b48f744c78db52d,test,MC Duty Cycle [%],Pack_Current,0.0,0.7739601049583783,579.0
e57d3de89d6f2a3165aa05beee7b611f60923e090254337c1b48f744c78db52d,test,AC Current,DC Current [A],0.0,0.9077331433900152,579.0
e57d3de89d6f2a3165aa05beee7b611f60923e090254337c1b48f744c78db52d,test,AC Current,Pack_Current,0.0,0.8654515355865722,579.0
e57d3de89d6f2a3165aa05beee7b611f60923e090254337c1b48f744c78db52d,test,DC Current [A],Pack_Current,0.0,0.9913905059844466,579.0
f26c5b91a912f9e98e0205e2518d5b3de0314b04b69c3bc6d0148fa8ea3e842b,test,Motor RPM [Rpm],MC Duty Cycle [%],-4.0,0.8439737222032706,216.0
f26c5b91a912f9e98e0205e2518d5b3de0314b04b69c3bc6d0148fa8ea3e842b,test,Motor RPM [Rpm],AC Current,10.0,-0.5516330763567819,210.0
f26c5b91a912f9e98e0205e2518d5b3de0314b04b69c3bc6d0148fa8ea3e842b,test,Motor RPM [Rpm],DC Current [A],-7.0,0.509058321517317,213.0
f26c5b91a912f9e98e0205e2518d5b3de0314b04b69c3bc6d0148fa8ea3e842b,test,Motor RPM [Rpm],Pack_Current,-7.0,0.5135485657311534,213.0
f26c5b91a912f9e98e0205e2518d5b3de0314b04b69c3bc6d0148fa8ea3e842b,test,MC Duty Cycle [%],AC Current,0.0,0.6812851771466347,220.0
f26c5b91a912f9e98e0205e2518d5b3de0314b04b69c3bc6d0148fa8ea3e842b,test,MC Duty Cycle [%],DC Current [A],0.0,0.7630144129245332,220.0
f26c5b91a912f9e98e0205e2518d5b3de0314b04b69c3bc6d0148fa8ea3e842b,test,MC Duty Cycle [%],Pack_Current,0.0,0.7701407374637991,220.0
f26c5b91a912f9e98e0205e2518d5b3de0314b04b69c3bc6d0148fa8ea3e842b,test,AC Current,DC Current [A],0.0,0.9836786176788219,220.0
f26c5b91a912f9e98e0205e2518d5b3de0314b04b69c3bc6d0148fa8ea3e842b,test,AC Current,Pack_Current,0.0,0.9746783358424553,220.0
f26c5b91a912f9e98e0205e2518d5b3de0314b04b69c3bc6d0148fa8ea3e842b,test,DC Current [A],Pack_Current,0.0,0.9922296119132593,220.0
f8a2dfe19bc591bed40778fcb493d9a34a3261518b2f4b416ba15a9402ec6dd7,test,Motor RPM [Rpm],MC Duty Cycle [%],-6.0,0.988996608568453,413.0
f8a2dfe19bc591bed40778fcb493d9a34a3261518b2f4b416ba15a9402ec6dd7,test,Motor RPM [Rpm],AC Current,-14.0,0.6269405957700412,405.0
f8a2dfe19bc591bed40778fcb493d9a34a3261518b2f4b416ba15a9402ec6dd7,test,Motor RPM [Rpm],DC Current [A],-11.0,0.7279630891085113,408.0
f8a2dfe19bc591bed40778fcb493d9a34a3261518b2f4b416ba15a9402ec6dd7,test,Motor RPM [Rpm],Pack_Current,-10.0,0.7309653443183173,409.0
f8a2dfe19bc591bed40778fcb493d9a34a3261518b2f4b416ba15a9402ec6dd7,test,MC Duty Cycle [%],AC Current,-5.0,0.6359656940085229,414.0
f8a2dfe19bc591bed40778fcb493d9a34a3261518b2f4b416ba15a9402ec6dd7,test,MC Duty Cycle [%],DC Current [A],0.0,0.7669706728682657,419.0
f8a2dfe19bc591bed40778fcb493d9a34a3261518b2f4b416ba15a9402ec6dd7,test,MC Duty Cycle [%],Pack_Current,0.0,0.7752751334322591,419.0
f8a2dfe19bc591bed40778fcb493d9a34a3261518b2f4b416ba15a9402ec6dd7,test,AC Current,DC Current [A],0.0,0.9236583826037501,419.0
f8a2dfe19bc591bed40778fcb493d9a34a3261518b2f4b416ba15a9402ec6dd7,test,AC Current,Pack_Current,0.0,0.890722781695789,419.0
f8a2dfe19bc591bed40778fcb493d9a34a3261518b2f4b416ba15a9402ec6dd7,test,DC Current [A],Pack_Current,0.0,0.9948047771011246,419.0
