recording_id,start_s,end_s,Embeddings,Autoencoder,Contrastive,Sequence,Unsupervised,split
07173121b1534f1eadb8b127005d4eff70872388074c2bbe0c93061527d89f40,0.0,10.0,0.683,0.098,0.585,0.13,0.334,train
07173121b1534f1eadb8b127005d4eff70872388074c2bbe0c93061527d89f40,2.0,12.0,0.372,0.232,0.629,0.304,0.756,train
07173121b1534f1eadb8b127005d4eff70872388074c2bbe0c93061527d89f40,4.0,14.0,0.767,0.176,0.271,0.296,0.796,train
07173121b1534f1eadb8b127005d4eff70872388074c2bbe0c93061527d89f40,6.0,16.0,0.737,0.254,0.581,0.3,0.19,train
07173121b1534f1eadb8b127005d4eff70872388074c2bbe0c93061527d89f40,8.0,18.0,0.676,0.262,0.05,0.322,0.242,train
07173121b1534f1eadb8b127005d4eff70872388074c2bbe0c93061527d89f40,10.0,20.0,0.609,0.266,0.129,0.314,0.776,train
07173121b1534f1eadb8b127005d4eff70872388074c2bbe0c93061527d89f40,12.0,22.0,0.545,0.342,0.463,0.398,0.816,train
1a8433bf1168531d6f7c2deb5c37b27de5ddf1d9f65316416ecbf000289fd40a,0.0,10.0,0.773,0.32,0.124,0.306,0.076,train
1a8433bf1168531d6f7c2deb5c37b27de5ddf1d9f65316416ecbf000289fd40a,2.0,12.0,0.717,0.296,0.063,0.288,0.084,train
1a8433bf1168531d6f7c2deb5c37b27de5ddf1d9f65316416ecbf000289fd40a,4.0,14.0,0.741,0.406,0.105,0.37,0.286,train
1a8433bf1168531d6f7c2deb5c37b27de5ddf1d9f65316416ecbf000289fd40a,6.0,16.0,0.653,0.416,0.048,0.376,0.106,train
1a8433bf1168531d6f7c2deb5c37b27de5ddf1d9f65316416ecbf000289fd40a,8.0,18.0,0.737,0.316,0.086,0.326,0.118,train
1a8433bf1168531d6f7c2deb5c37b27de5ddf1d9f65316416ecbf000289fd40a,10.0,20.0,0.68,0.334,0.02,0.368,0.126,train
1a8433bf1168531d6f7c2deb5c37b27de5ddf1d9f65316416ecbf000289fd40a,12.0,22.0,0.593,0.286,0.199,0.336,0.76,train
1cca7c275163fc193899535ebb0c13f26676e8568d3c8adac48dbcc224812b0c,0.0,10.0,0.235,0.674,0.761,0.654,0.706,train
1cca7c275163fc193899535ebb0c13f26676e8568d3c8adac48dbcc224812b0c,2.0,12.0,0.056,0.636,0.723,0.622,0.744,train
1cca7c275163fc193899535ebb0c13f26676e8568d3c8adac48dbcc224812b0c,4.0,14.0,0.093,0.632,0.699,0.614,0.802,train
1cca7c275163fc193899535ebb0c13f26676e8568d3c8adac48dbcc224812b0c,6.0,16.0,0.062,0.604,0.711,0.606,0.876,train
1cca7c275163fc193899535ebb0c13f26676e8568d3c8adac48dbcc224812b0c,8.0,18.0,0.054,0.598,0.624,0.608,0.72,train
1cca7c275163fc193899535ebb0c13f26676e8568d3c8adac48dbcc224812b0c,10.0,20.0,0.098,0.616,0.427,0.63,0.686,train
1cca7c275163fc193899535ebb0c13f26676e8568d3c8adac48dbcc224812b0c,12.0,22.0,0.113,0.648,0.212,0.66,0.68,train
1cca7c275163fc193899535ebb0c13f26676e8568d3c8adac48dbcc224812b0c,14.0,24.0,0.07,0.686,0.084,0.676,0.676,train
1cca7c275163fc193899535ebb0c13f26676e8568d3c8adac48dbcc224812b0c,16.0,26.0,0.044,0.668,0.056,0.682,0.786,train
1cca7c275163fc193899535ebb0c13f26676e8568d3c8adac48dbcc224812b0c,18.0,28.0,0.038,0.67,0.094,0.68,0.878,train
1cca7c275163fc193899535ebb0c13f26676e8568d3c8adac48dbcc224812b0c,20.0,30.0,0.058,0.646,0.092,0.684,0.87,train
1cca7c275163fc193899535ebb0c13f26676e8568d3c8adac48dbcc224812b0c,22.0,32.0,0.033,0.66,0.152,0.674,0.846,train
1cca7c275163fc193899535ebb0c13f26676e8568d3c8adac48dbcc224812b0c,24.0,34.0,0.026,0.666,0.292,0.668,0.79,train
1cca7c275163fc193899535ebb0c13f26676e8568d3c8adac48dbcc224812b0c,26.0,36.0,0.036,0.654,0.427,0.656,0.182,train
1cca7c275163fc193899535ebb0c13f26676e8568d3c8adac48dbcc224812b0c,28.0,38.0,0.041,0.642,0.516,0.64,0.32,train
200a690cbeb5a4d9f415d6a933e60aa13a0cf5ee5c03c71731d7739c8ecbda5e,0.0,10.0,0.965,0.958,0.943,0.97,0.41,train
200a690cbeb5a4d9f415d6a933e60aa13a0cf5ee5c03c71731d7739c8ecbda5e,2.0,12.0,0.786,0.938,0.764,0.95,0.486,train
200a690cbeb5a4d9f415d6a933e60aa13a0cf5ee5c03c71731d7739c8ecbda5e,4.0,14.0,0.01,0.456,0.186,0.39,0.814,train
200a690cbeb5a4d9f415d6a933e60aa13a0cf5ee5c03c71731d7739c8ecbda5e,6.0,16.0,0.016,0.384,0.25,0.356,0.842,train
200a690cbeb5a4d9f415d6a933e60aa13a0cf5ee5c03c71731d7739c8ecbda5e,8.0,18.0,0.022,0.414,0.21,0.36,0.838,train
200a690cbeb5a4d9f415d6a933e60aa13a0cf5ee5c03c71731d7739c8ecbda5e,10.0,20.0,0.02,0.338,0.224,0.358,0.834,train
200a690cbeb5a4d9f415d6a933e60aa13a0cf5ee5c03c71731d7739c8ecbda5e,12.0,22.0,0.012,0.352,0.299,0.364,0.83,train
200a690cbeb5a4d9f415d6a933e60aa13a0cf5ee5c03c71731d7739c8ecbda5e,14.0,24.0,0.261,0.7,0.6,0.732,0.766,train
200a690cbeb5a4d9f415d6a933e60aa13a0cf5ee5c03c71731d7739c8ecbda5e,16.0,26.0,0.762,0.934,0.752,0.946,0.66,train
200a690cbeb5a4d9f415d6a933e60aa13a0cf5ee5c03c71731d7739c8ecbda5e,18.0,28.0,0.002,0.488,0.394,0.446,0.8,train
200a690cbeb5a4d9f415d6a933e60aa13a0cf5ee5c03c71731d7739c8ecbda5e,20.0,30.0,0.257,0.304,0.567,0.116,0.328,train
200a690cbeb5a4d9f415d6a933e60aa13a0cf5ee5c03c71731d7739c8ecbda5e,22.0,32.0,0.295,0.308,0.611,0.102,0.298,train
200a690cbeb5a4d9f415d6a933e60aa13a0cf5ee5c03c71731d7739c8ecbda5e,24.0,34.0,0.394,0.306,0.739,0.092,0.314,train
200a690cbeb5a4d9f415d6a933e60aa13a0cf5ee5c03c71731d7739c8ecbda5e,26.0,36.0,0.378,0.198,0.593,0.09,0.344,train
200a690cbeb5a4d9f415d6a933e60aa13a0cf5ee5c03c71731d7739c8ecbda5e,28.0,38.0,0.536,0.156,0.589,0.114,0.358,train
200a690cbeb5a4d9f415d6a933e60aa13a0cf5ee5c03c71731d7739c8ecbda5e,30.0,40.0,0.349,0.53,0.537,0.44,0.926,train
200a690cbeb5a4d9f415d6a933e60aa13a0cf5ee5c03c71731d7739c8ecbda5e,32.0,42.0,0.334,0.524,0.554,0.484,0.96,train
200a690cbeb5a4d9f415d6a933e60aa13a0cf5ee5c03c71731d7739c8ecbda5e,34.0,44.0,0.414,0.452,0.392,0.478,0.958,train
200a690cbeb5a4d9f415d6a933e60aa13a0cf5ee5c03c71731d7739c8ecbda5e,36.0,46.0,0.397,0.39,0.446,0.45,0.954,train
200a690cbeb5a4d9f415d6a933e60aa13a0cf5ee5c03c71731d7739c8ecbda5e,38.0,48.0,0.615,0.472,0.452,0.494,0.956,train
200a690cbeb5a4d9f415d6a933e60aa13a0cf5ee5c03c71731d7739c8ecbda5e,40.0,50.0,0.364,0.466,0.386,0.486,0.914,train
200a690cbeb5a4d9f415d6a933e60aa13a0cf5ee5c03c71731d7739c8ecbda5e,42.0,52.0,0.346,0.482,0.671,0.48,0.912,train
200a690cbeb5a4d9f415d6a933e60aa13a0cf5ee5c03c71731d7739c8ecbda5e,44.0,54.0,0.43,0.502,0.348,0.498,0.93,train
200a690cbeb5a4d9f415d6a933e60aa13a0cf5ee5c03c71731d7739c8ecbda5e,46.0,56.0,0.443,0.504,0.527,0.504,0.996,train
25aa01e1dcbaea32c062e01b0f782c938c34163fc58af14087dfe2f77906c06e,0.0,10.0,0.926,0.98,0.904,0.938,0.39,train
25aa01e1dcbaea32c062e01b0f782c938c34163fc58af14087dfe2f77906c06e,2.0,12.0,0.924,0.998,0.902,0.936,0.384,train
25aa01e1dcbaea32c062e01b0f782c938c34163fc58af14087dfe2f77906c06e,4.0,14.0,0.138,0.568,0.102,0.586,0.688,train
25aa01e1dcbaea32c062e01b0f782c938c34163fc58af14087dfe2f77906c06e,6.0,16.0,0.136,0.426,0.503,0.206,0.728,train
25aa01e1dcbaea32c062e01b0f782c938c34163fc58af14087dfe2f77906c06e,8.0,18.0,0.385,0.476,0.518,0.018,0.22,train
25aa01e1dcbaea32c062e01b0f782c938c34163fc58af14087dfe2f77906c06e,10.0,20.0,0.389,0.226,0.513,0.01,0.2,train
25aa01e1dcbaea32c062e01b0f782c938c34163fc58af14087dfe2f77906c06e,12.0,22.0,0.461,0.228,0.639,0.006,0.23,train
25aa01e1dcbaea32c062e01b0f782c938c34163fc58af14087dfe2f77906c06e,14.0,24.0,0.426,0.152,0.547,0.012,0.24,train
25aa01e1dcbaea32c062e01b0f782c938c34163fc58af14087dfe2f77906c06e,16.0,26.0,0.581,0.112,0.571,0.038,0.31,train
25aa01e1dcbaea32c062e01b0f782c938c34163fc58af14087dfe2f77906c06e,18.0,28.0,0.202,0.546,0.62,0.492,0.792,train
25aa01e1dcbaea32c062e01b0f782c938c34163fc58af14087dfe2f77906c06e,20.0,30.0,0.278,0.486,0.38,0.552,0.952,train
25aa01e1dcbaea32c062e01b0f782c938c34163fc58af14087dfe2f77906c06e,22.0,32.0,0.435,0.41,0.111,0.422,0.288,train
25aa01e1dcbaea32c062e01b0f782c938c34163fc58af14087dfe2f77906c06e,24.0,34.0,0.478,0.35,0.058,0.292,0.284,train
25aa01e1dcbaea32c062e01b0f782c938c34163fc58af14087dfe2f77906c06e,26.0,36.0,0.374,0.378,0.629,0.262,0.262,train
25aa01e1dcbaea32c062e01b0f782c938c34163fc58af14087dfe2f77906c06e,28.0,38.0,0.302,0.386,0.604,0.266,0.264,train
25aa01e1dcbaea32c062e01b0f782c938c34163fc58af14087dfe2f77906c06e,30.0,40.0,0.397,0.398,0.47,0.278,0.276,train
25aa01e1dcbaea32c062e01b0f782c938c34163fc58af14087dfe2f77906c06e,32.0,42.0,0.191,0.544,0.657,0.432,0.908,train
25aa01e1dcbaea32c062e01b0f782c938c34163fc58af14087dfe2f77906c06e,34.0,44.0,0.271,0.596,0.695,0.55,0.916,train
25aa01e1dcbaea32c062e01b0f782c938c34163fc58af14087dfe2f77906c06e,36.0,46.0,0.133,0.61,0.719,0.588,0.946,train
25aa01e1dcbaea32c062e01b0f782c938c34163fc58af14087dfe2f77906c06e,38.0,48.0,0.141,0.618,0.551,0.616,0.948,train
25aa01e1dcbaea32c062e01b0f782c938c34163fc58af14087dfe2f77906c06e,40.0,50.0,0.008,0.608,0.53,0.624,0.864,train
25aa01e1dcbaea32c062e01b0f782c938c34163fc58af14087dfe2f77906c06e,42.0,52.0,0.117,0.626,0.715,0.662,0.806,train
25aa01e1dcbaea32c062e01b0f782c938c34163fc58af14087dfe2f77906c06e,44.0,54.0,0.222,0.702,0.431,0.948,0.708,train
25aa01e1dcbaea32c062e01b0f782c938c34163fc58af14087dfe2f77906c06e,46.0,56.0,0.45,0.748,0.378,0.99,0.666,train
25aa01e1dcbaea32c062e01b0f782c938c34163fc58af14087dfe2f77906c06e,48.0,58.0,0.8,1.0,0.796,0.94,0.424,train
25aa01e1dcbaea32c062e01b0f782c938c34163fc58af14087dfe2f77906c06e,50.0,60.0,0.968,0.982,0.968,0.934,0.388,train
25aa01e1dcbaea32c062e01b0f782c938c34163fc58af14087dfe2f77906c06e,52.0,62.0,0.988,0.972,0.988,0.926,0.382,train
25aa01e1dcbaea32c062e01b0f782c938c34163fc58af14087dfe2f77906c06e,54.0,64.0,0.995,0.974,0.991,0.932,0.378,train
25aa01e1dcbaea32c062e01b0f782c938c34163fc58af14087dfe2f77906c06e,56.0,66.0,0.976,0.976,0.98,0.912,0.394,train
25aa01e1dcbaea32c062e01b0f782c938c34163fc58af14087dfe2f77906c06e,58.0,68.0,0.578,0.714,0.754,0.686,0.352,train
25aa01e1dcbaea32c062e01b0f782c938c34163fc58af14087dfe2f77906c06e,60.0,70.0,0.204,0.682,0.388,0.658,0.348,train
25aa01e1dcbaea32c062e01b0f782c938c34163fc58af14087dfe2f77906c06e,62.0,72.0,0.162,0.678,0.26,0.642,0.324,train
2f775054c4e7bb342cf49e0ee66406e82353c274c103fc7f7d6a93ea329aea86,0.0,10.0,0.439,0.558,0.267,0.576,0.34,train
2f775054c4e7bb342cf49e0ee66406e82353c274c103fc7f7d6a93ea329aea86,2.0,12.0,0.551,0.336,0.043,0.46,0.176,train
2f775054c4e7bb342cf49e0ee66406e82353c274c103fc7f7d6a93ea329aea86,4.0,14.0,0.49,0.3,0.036,0.388,0.156,train
2f775054c4e7bb342cf49e0ee66406e82353c274c103fc7f7d6a93ea329aea86,6.0,16.0,0.618,0.26,0.032,0.354,0.144,train
2f775054c4e7bb342cf49e0ee66406e82353c274c103fc7f7d6a93ea329aea86,8.0,18.0,0.644,0.252,0.038,0.332,0.086,train
2f775054c4e7bb342cf49e0ee66406e82353c274c103fc7f7d6a93ea329aea86,10.0,20.0,0.653,0.22,0.074,0.34,0.088,train
2f775054c4e7bb342cf49e0ee66406e82353c274c103fc7f7d6a93ea329aea86,12.0,22.0,0.697,0.294,0.133,0.444,0.01,train
2f775054c4e7bb342cf49e0ee66406e82353c274c103fc7f7d6a93ea329aea86,14.0,24.0,0.656,0.288,0.193,0.474,0.026,train
2f775054c4e7bb342cf49e0ee66406e82353c274c103fc7f7d6a93ea329aea86,16.0,26.0,0.723,0.366,0.148,0.516,0.002,train
382db1f8ede73f956341d7b461790125339762ec9d7cc96480f20aefe04d77e1,0.0,10.0,0.917,0.816,0.864,0.848,0.544,train
382db1f8ede73f956341d7b461790125339762ec9d7cc96480f20aefe04d77e1,2.0,12.0,0.798,0.846,0.808,0.874,0.546,train
382db1f8ede73f956341d7b461790125339762ec9d7cc96480f20aefe04d77e1,4.0,14.0,0.783,0.838,0.784,0.888,0.558,train
382db1f8ede73f956341d7b461790125339762ec9d7cc96480f20aefe04d77e1,6.0,16.0,0.779,0.85,0.787,0.904,0.562,train
382db1f8ede73f956341d7b461790125339762ec9d7cc96480f20aefe04d77e1,8.0,18.0,0.838,0.8,0.856,0.836,0.552,train
382db1f8ede73f956341d7b461790125339762ec9d7cc96480f20aefe04d77e1,10.0,20.0,0.791,0.806,0.883,0.898,0.622,train
382db1f8ede73f956341d7b461790125339762ec9d7cc96480f20aefe04d77e1,12.0,22.0,0.947,0.828,0.927,0.902,0.582,train
382db1f8ede73f956341d7b461790125339762ec9d7cc96480f20aefe04d77e1,14.0,24.0,0.776,0.784,0.78,0.854,0.632,train
382db1f8ede73f956341d7b461790125339762ec9d7cc96480f20aefe04d77e1,16.0,26.0,0.888,0.814,0.971,0.86,0.594,train
382db1f8ede73f956341d7b461790125339762ec9d7cc96480f20aefe04d77e1,18.0,28.0,0.933,0.854,0.965,0.844,0.628,train
382db1f8ede73f956341d7b461790125339762ec9d7cc96480f20aefe04d77e1,20.0,30.0,0.863,0.826,0.837,0.828,0.616,train
382db1f8ede73f956341d7b461790125339762ec9d7cc96480f20aefe04d77e1,22.0,32.0,0.824,0.832,0.819,0.872,0.618,train
382db1f8ede73f956341d7b461790125339762ec9d7cc96480f20aefe04d77e1,24.0,34.0,0.832,0.868,0.81,0.802,0.578,train
382db1f8ede73f956341d7b461790125339762ec9d7cc96480f20aefe04d77e1,26.0,36.0,0.854,0.86,0.822,0.88,0.626,train
382db1f8ede73f956341d7b461790125339762ec9d7cc96480f20aefe04d77e1,28.0,38.0,0.86,0.888,0.887,0.842,0.63,train
382db1f8ede73f956341d7b461790125339762ec9d7cc96480f20aefe04d77e1,30.0,40.0,0.846,0.864,0.853,0.812,0.54,train
382db1f8ede73f956341d7b461790125339762ec9d7cc96480f20aefe04d77e1,32.0,42.0,0.829,0.918,0.847,0.83,0.526,train
382db1f8ede73f956341d7b461790125339762ec9d7cc96480f20aefe04d77e1,34.0,44.0,0.894,0.882,0.894,0.852,0.532,train
382db1f8ede73f956341d7b461790125339762ec9d7cc96480f20aefe04d77e1,36.0,46.0,0.905,0.842,0.891,0.806,0.512,train
382db1f8ede73f956341d7b461790125339762ec9d7cc96480f20aefe04d77e1,38.0,48.0,0.922,0.878,0.954,0.81,0.524,train
382db1f8ede73f956341d7b461790125339762ec9d7cc96480f20aefe04d77e1,40.0,50.0,0.971,0.852,0.935,0.89,0.584,train
382db1f8ede73f956341d7b461790125339762ec9d7cc96480f20aefe04d77e1,42.0,52.0,0.818,0.87,0.819,0.868,0.586,train
382db1f8ede73f956341d7b461790125339762ec9d7cc96480f20aefe04d77e1,44.0,54.0,0.863,0.876,0.837,0.824,0.572,train
382db1f8ede73f956341d7b461790125339762ec9d7cc96480f20aefe04d77e1,46.0,56.0,0.813,0.886,0.867,0.814,0.62,train
4c8d0190b666e26315ce16c862ca2e968d576e14537487162bbd73b9a47d0c07,0.0,10.0,0.554,0.37,0.156,0.392,0.164,train
4c8d0190b666e26315ce16c862ca2e968d576e14537487162bbd73b9a47d0c07,2.0,12.0,0.526,0.44,0.295,0.41,0.174,train
4c8d0190b666e26315ce16c862ca2e968d576e14537487162bbd73b9a47d0c07,4.0,14.0,0.745,0.392,0.166,0.394,0.188,train
4c8d0190b666e26315ce16c862ca2e968d576e14537487162bbd73b9a47d0c07,6.0,16.0,0.7,0.424,0.598,0.466,0.154,train
4c8d0190b666e26315ce16c862ca2e968d576e14537487162bbd73b9a47d0c07,8.0,18.0,0.628,0.194,0.333,0.24,0.096,train
4c8d0190b666e26315ce16c862ca2e968d576e14537487162bbd73b9a47d0c07,10.0,20.0,0.707,0.208,0.018,0.232,0.82,train
4c8d0190b666e26315ce16c862ca2e968d576e14537487162bbd73b9a47d0c07,12.0,22.0,0.358,0.206,0.114,0.238,0.81,train
554af5ad576c1c1d069356649e3bd1e2699a5801f6a0fa703e0c50db726bae3b,0.0,10.0,0.995,0.986,0.991,0.928,0.386,train
554af5ad576c1c1d069356649e3bd1e2699a5801f6a0fa703e0c50db726bae3b,2.0,12.0,0.962,0.996,0.958,0.93,0.376,train
554af5ad576c1c1d069356649e3bd1e2699a5801f6a0fa703e0c50db726bae3b,4.0,14.0,0.986,0.992,0.986,0.924,0.37,train
554af5ad576c1c1d069356649e3bd1e2699a5801f6a0fa703e0c50db726bae3b,6.0,16.0,0.999,0.988,0.999,0.922,0.372,train
554af5ad576c1c1d069356649e3bd1e2699a5801f6a0fa703e0c50db726bae3b,8.0,18.0,0.991,0.984,0.995,0.914,0.374,train
564a12f3d813c10242613a907d2b4981e7296739ba9a560571b3547dab1daa7f,0.0,10.0,0.875,0.742,0.923,0.722,0.446,train
564a12f3d813c10242613a907d2b4981e7296739ba9a560571b3547dab1daa7f,2.0,12.0,0.901,0.736,0.961,0.704,0.436,train
564a12f3d813c10242613a907d2b4981e7296739ba9a560571b3547dab1daa7f,4.0,14.0,0.92,0.728,0.914,0.698,0.442,train
564a12f3d813c10242613a907d2b4981e7296739ba9a560571b3547dab1daa7f,6.0,16.0,0.881,0.752,0.879,0.708,0.478,train
564a12f3d813c10242613a907d2b4981e7296739ba9a560571b3547dab1daa7f,8.0,18.0,0.951,0.74,0.93,0.694,0.466,train
564a12f3d813c10242613a907d2b4981e7296739ba9a560571b3547dab1daa7f,10.0,20.0,0.822,0.75,0.824,0.696,0.46,train
564a12f3d813c10242613a907d2b4981e7296739ba9a560571b3547dab1daa7f,12.0,22.0,0.796,0.758,0.806,0.706,0.468,train
564a12f3d813c10242613a907d2b4981e7296739ba9a560571b3547dab1daa7f,14.0,24.0,0.842,0.766,0.83,0.728,0.462,train
564a12f3d813c10242613a907d2b4981e7296739ba9a560571b3547dab1daa7f,16.0,26.0,0.878,0.772,0.951,0.714,0.444,train
564a12f3d813c10242613a907d2b4981e7296739ba9a560571b3547dab1daa7f,18.0,28.0,0.835,0.776,0.827,0.742,0.456,train
564a12f3d813c10242613a907d2b4981e7296739ba9a560571b3547dab1daa7f,20.0,30.0,0.794,0.768,0.816,0.736,0.47,train
564a12f3d813c10242613a907d2b4981e7296739ba9a560571b3547dab1daa7f,22.0,32.0,0.734,0.77,0.768,0.73,0.472,train
564a12f3d813c10242613a907d2b4981e7296739ba9a560571b3547dab1daa7f,24.0,34.0,0.76,0.756,0.782,0.738,0.454,train
564a12f3d813c10242613a907d2b4981e7296739ba9a560571b3547dab1daa7f,26.0,36.0,0.63,0.762,0.744,0.734,0.488,train
564a12f3d813c10242613a907d2b4981e7296739ba9a560571b3547dab1daa7f,28.0,38.0,0.72,0.726,0.766,0.712,0.484,train
564a12f3d813c10242613a907d2b4981e7296739ba9a560571b3547dab1daa7f,30.0,40.0,0.875,0.738,0.923,0.71,0.492,train
564a12f3d813c10242613a907d2b4981e7296739ba9a560571b3547dab1daa7f,32.0,42.0,0.81,0.746,0.832,0.724,0.482,train
564a12f3d813c10242613a907d2b4981e7296739ba9a560571b3547dab1daa7f,34.0,44.0,0.835,0.754,0.827,0.718,0.49,train
564a12f3d813c10242613a907d2b4981e7296739ba9a560571b3547dab1daa7f,36.0,46.0,0.788,0.76,0.798,0.726,0.48,train
564a12f3d813c10242613a907d2b4981e7296739ba9a560571b3547dab1daa7f,38.0,48.0,0.901,0.764,0.961,0.716,0.476,train
564a12f3d813c10242613a907d2b4981e7296739ba9a560571b3547dab1daa7f,40.0,50.0,0.951,0.744,0.951,0.702,0.452,train
564a12f3d813c10242613a907d2b4981e7296739ba9a560571b3547dab1daa7f,42.0,52.0,0.638,0.734,0.748,0.69,0.434,train
564a12f3d813c10242613a907d2b4981e7296739ba9a560571b3547dab1daa7f,44.0,54.0,0.75,0.732,0.776,0.692,0.438,train
564a12f3d813c10242613a907d2b4981e7296739ba9a560571b3547dab1daa7f,46.0,56.0,0.881,0.73,0.879,0.7,0.45,train
5e9e04831922d971561f6ffb53b2c77744d905cca01dcc2fe043d10b2f63c613,0.0,10.0,0.471,0.31,0.593,0.124,0.368,train
5e9e04831922d971561f6ffb53b2c77744d905cca01dcc2fe043d10b2f63c613,2.0,12.0,0.604,0.222,0.56,0.118,0.44,train
5e9e04831922d971561f6ffb53b2c77744d905cca01dcc2fe043d10b2f63c613,4.0,14.0,0.683,0.124,0.589,0.128,0.366,train
5e9e04831922d971561f6ffb53b2c77744d905cca01dcc2fe043d10b2f63c613,6.0,16.0,0.308,0.298,0.51,0.318,0.206,train
5e9e04831922d971561f6ffb53b2c77744d905cca01dcc2fe043d10b2f63c613,8.0,18.0,0.502,0.244,0.158,0.28,0.204,train
5e9e04831922d971561f6ffb53b2c77744d905cca01dcc2fe043d10b2f63c613,10.0,20.0,0.767,0.19,0.199,0.258,0.208,train
5e9e04831922d971561f6ffb53b2c77744d905cca01dcc2fe043d10b2f63c613,12.0,22.0,0.609,0.182,0.271,0.23,0.196,train
5e9e04831922d971561f6ffb53b2c77744d905cca01dcc2fe043d10b2f63c613,14.0,24.0,0.41,0.25,0.028,0.256,0.202,train
5e9e04831922d971561f6ffb53b2c77744d905cca01dcc2fe043d10b2f63c613,16.0,26.0,0.505,0.248,0.129,0.26,0.75,train
5e9e04831922d971561f6ffb53b2c77744d905cca01dcc2fe043d10b2f63c613,18.0,28.0,0.689,0.396,0.403,0.344,0.852,train
5e9e04831922d971561f6ffb53b2c77744d905cca01dcc2fe043d10b2f63c613,20.0,30.0,0.499,0.408,0.671,0.406,0.94,train
5e9e04831922d971561f6ffb53b2c77744d905cca01dcc2fe043d10b2f63c613,22.0,32.0,0.328,0.5,0.448,0.49,0.974,train
5e9e04831922d971561f6ffb53b2c77744d905cca01dcc2fe043d10b2f63c613,24.0,34.0,0.443,0.516,0.527,0.502,0.992,train
5e9e04831922d971561f6ffb53b2c77744d905cca01dcc2fe043d10b2f63c613,26.0,36.0,0.3,0.362,0.079,0.43,0.998,train
5e9e04831922d971561f6ffb53b2c77744d905cca01dcc2fe043d10b2f63c613,28.0,38.0,0.292,0.29,0.241,0.408,0.97,train
5e9e04831922d971561f6ffb53b2c77744d905cca01dcc2fe043d10b2f63c613,30.0,40.0,0.239,0.33,0.208,0.452,0.982,train
629d7d57091b71c5c0c2c6f42218702e454b4ae60e20636885741c7c22fe1bb4,0.0,10.0,0.156,0.566,0.459,0.58,0.986,train
629d7d57091b71c5c0c2c6f42218702e454b4ae60e20636885741c7c22fe1bb4,2.0,12.0,0.242,0.506,0.344,0.534,0.976,train
629d7d57091b71c5c0c2c6f42218702e454b4ae60e20636885741c7c22fe1bb4,4.0,14.0,0.266,0.528,0.506,0.532,0.898,train
629d7d57091b71c5c0c2c6f42218702e454b4ae60e20636885741c7c22fe1bb4,6.0,16.0,0.298,0.512,0.4,0.524,0.902,train
629d7d57091b71c5c0c2c6f42218702e454b4ae60e20636885741c7c22fe1bb4,8.0,18.0,0.488,0.46,0.254,0.47,0.732,train
629d7d57091b71c5c0c2c6f42218702e454b4ae60e20636885741c7c22fe1bb4,10.0,20.0,0.249,0.494,0.757,0.458,0.74,train
629d7d57091b71c5c0c2c6f42218702e454b4ae60e20636885741c7c22fe1bb4,12.0,22.0,0.15,0.556,0.636,0.53,0.788,train
629d7d57091b71c5c0c2c6f42218702e454b4ae60e20636885741c7c22fe1bb4,14.0,24.0,0.09,0.55,0.522,0.542,0.782,train
629d7d57091b71c5c0c2c6f42218702e454b4ae60e20636885741c7c22fe1bb4,16.0,26.0,0.028,0.554,0.474,0.574,0.724,train
629d7d57091b71c5c0c2c6f42218702e454b4ae60e20636885741c7c22fe1bb4,18.0,28.0,0.076,0.612,0.324,0.652,0.772,train
629d7d57091b71c5c0c2c6f42218702e454b4ae60e20636885741c7c22fe1bb4,20.0,30.0,0.228,0.708,0.256,0.984,0.704,train
629d7d57091b71c5c0c2c6f42218702e454b4ae60e20636885741c7c22fe1bb4,22.0,32.0,0.512,0.936,0.652,0.992,0.604,train
629d7d57091b71c5c0c2c6f42218702e454b4ae60e20636885741c7c22fe1bb4,24.0,34.0,0.983,0.952,0.983,0.978,0.404,train
629d7d57091b71c5c0c2c6f42218702e454b4ae60e20636885741c7c22fe1bb4,26.0,36.0,0.958,0.954,0.943,0.974,0.4,train
629d7d57091b71c5c0c2c6f42218702e454b4ae60e20636885741c7c22fe1bb4,28.0,38.0,0.956,0.96,0.94,0.972,0.406,train
629d7d57091b71c5c0c2c6f42218702e454b4ae60e20636885741c7c22fe1bb4,30.0,40.0,0.103,0.572,0.274,0.59,0.77,train
629d7d57091b71c5c0c2c6f42218702e454b4ae60e20636885741c7c22fe1bb4,32.0,42.0,0.145,0.582,0.364,0.566,0.888,train
629d7d57091b71c5c0c2c6f42218702e454b4ae60e20636885741c7c22fe1bb4,34.0,44.0,0.158,0.478,0.484,0.512,0.866,train
629d7d57091b71c5c0c2c6f42218702e454b4ae60e20636885741c7c22fe1bb4,36.0,46.0,0.154,0.48,0.495,0.51,0.858,train
629d7d57091b71c5c0c2c6f42218702e454b4ae60e20636885741c7c22fe1bb4,38.0,48.0,0.331,0.4,0.356,0.4,0.868,train
629d7d57091b71c5c0c2c6f42218702e454b4ae60e20636885741c7c22fe1bb4,40.0,50.0,0.31,0.43,0.679,0.468,0.906,train
629d7d57091b71c5c0c2c6f42218702e454b4ae60e20636885741c7c22fe1bb4,42.0,52.0,0.178,0.318,0.482,0.416,0.922,train
629d7d57091b71c5c0c2c6f42218702e454b4ae60e20636885741c7c22fe1bb4,44.0,54.0,0.286,0.356,0.455,0.38,0.994,train
629d7d57091b71c5c0c2c6f42218702e454b4ae60e20636885741c7c22fe1bb4,46.0,56.0,0.219,0.364,0.226,0.404,1.0,train
629d7d57091b71c5c0c2c6f42218702e454b4ae60e20636885741c7c22fe1bb4,48.0,58.0,0.184,0.434,0.079,0.442,0.988,train
629d7d57091b71c5c0c2c6f42218702e454b4ae60e20636885741c7c22fe1bb4,50.0,60.0,0.18,0.47,0.241,0.438,0.984,train
629d7d57091b71c5c0c2c6f42218702e454b4ae60e20636885741c7c22fe1bb4,52.0,62.0,0.148,0.522,0.45,0.528,0.98,train
629d7d57091b71c5c0c2c6f42218702e454b4ae60e20636885741c7c22fe1bb4,54.0,64.0,0.133,0.614,0.459,0.61,0.91,train
629d7d57091b71c5c0c2c6f42218702e454b4ae60e20636885741c7c22fe1bb4,56.0,66.0,0.12,0.638,0.346,0.618,0.9,train
629d7d57091b71c5c0c2c6f42218702e454b4ae60e20636885741c7c22fe1bb4,58.0,68.0,0.107,0.658,0.418,0.626,0.886,train
629d7d57091b71c5c0c2c6f42218702e454b4ae60e20636885741c7c22fe1bb4,60.0,70.0,0.141,0.672,0.544,0.628,0.882,train
629d7d57091b71c5c0c2c6f42218702e454b4ae60e20636885741c7c22fe1bb4,62.0,72.0,0.047,0.664,0.54,0.638,0.848,train
629d7d57091b71c5c0c2c6f42218702e454b4ae60e20636885741c7c22fe1bb4,64.0,74.0,0.051,0.688,0.675,0.67,0.798,train
629d7d57091b71c5c0c2c6f42218702e454b4ae60e20636885741c7c22fe1bb4,66.0,76.0,0.03,0.696,0.608,0.744,0.764,train
629d7d57091b71c5c0c2c6f42218702e454b4ae60e20636885741c7c22fe1bb4,68.0,78.0,0.213,0.704,0.479,0.906,0.746,train
629d7d57091b71c5c0c2c6f42218702e454b4ae60e20636885741c7c22fe1bb4,70.0,80.0,0.166,0.698,0.691,0.75,0.658,train
629d7d57091b71c5c0c2c6f42218702e454b4ae60e20636885741c7c22fe1bb4,72.0,82.0,0.209,0.694,0.072,0.74,0.458,train
629d7d57091b71c5c0c2c6f42218702e454b4ae60e20636885741c7c22fe1bb4,74.0,84.0,0.232,0.712,0.245,0.746,0.356,train
667a6e15a4394db30d7cce7a4db319041453bfa306b566a87e84b213d81efb29,0.0,10.0,0.634,0.046,0.145,0.108,0.004,train
667a6e15a4394db30d7cce7a4db319041453bfa306b566a87e84b213d81efb29,2.0,12.0,0.524,0.012,0.082,0.096,0.006,train
667a6e15a4394db30d7cce7a4db319041453bfa306b566a87e84b213d81efb29,4.0,14.0,0.528,0.078,0.034,0.088,0.008,train
667a6e15a4394db30d7cce7a4db319041453bfa306b566a87e84b213d81efb29,6.0,16.0,0.412,0.136,0.118,0.178,0.29,train
667a6e15a4394db30d7cce7a4db319041453bfa306b566a87e84b213d81efb29,8.0,18.0,0.408,0.174,0.108,0.202,0.3,train
667a6e15a4394db30d7cce7a4db319041453bfa306b566a87e84b213d81efb29,10.0,20.0,0.239,0.394,0.23,0.35,0.36,train
667a6e15a4394db30d7cce7a4db319041453bfa306b566a87e84b213d81efb29,12.0,22.0,0.074,0.532,0.551,0.56,0.844,train
667a6e15a4394db30d7cce7a4db319041453bfa306b566a87e84b213d81efb29,14.0,24.0,0.014,0.562,0.122,0.612,0.892,train
667a6e15a4394db30d7cce7a4db319041453bfa306b566a87e84b213d81efb29,16.0,26.0,0.175,0.692,0.691,0.85,0.736,train
667a6e15a4394db30d7cce7a4db319041453bfa306b566a87e84b213d81efb29,18.0,28.0,0.261,0.718,0.245,0.954,0.702,train
667a6e15a4394db30d7cce7a4db319041453bfa306b566a87e84b213d81efb29,20.0,30.0,0.4,0.89,0.306,0.91,0.576,train
667a6e15a4394db30d7cce7a4db319041453bfa306b566a87e84b213d81efb29,22.0,32.0,0.254,0.858,0.178,0.944,0.642,train
667a6e15a4394db30d7cce7a4db319041453bfa306b566a87e84b213d81efb29,24.0,34.0,0.171,0.684,0.263,0.688,0.694,train
667a6e15a4394db30d7cce7a4db319041453bfa306b566a87e84b213d81efb29,26.0,36.0,0.083,0.644,0.723,0.634,0.804,train
667a6e15a4394db30d7cce7a4db319041453bfa306b566a87e84b213d81efb29,28.0,38.0,0.078,0.62,0.682,0.62,0.904,train
667a6e15a4394db30d7cce7a4db319041453bfa306b566a87e84b213d81efb29,30.0,40.0,0.274,0.52,0.575,0.476,0.128,train
667a6e15a4394db30d7cce7a4db319041453bfa306b566a87e84b213d81efb29,32.0,42.0,0.219,0.428,0.455,0.412,0.69,train
667a6e15a4394db30d7cce7a4db319041453bfa306b566a87e84b213d81efb29,34.0,44.0,0.573,0.084,0.29,0.06,0.232,train
667a6e15a4394db30d7cce7a4db319041453bfa306b566a87e84b213d81efb29,36.0,46.0,0.623,0.01,0.311,0.024,0.226,train
667a6e15a4394db30d7cce7a4db319041453bfa306b566a87e84b213d81efb29,38.0,48.0,0.312,0.044,0.174,0.022,0.186,train
667a6e15a4394db30d7cce7a4db319041453bfa306b566a87e84b213d81efb29,40.0,50.0,0.268,0.038,0.142,0.026,0.184,train
667a6e15a4394db30d7cce7a4db319041453bfa306b566a87e84b213d81efb29,42.0,52.0,0.354,0.092,0.466,0.002,0.17,train
667a6e15a4394db30d7cce7a4db319041453bfa306b566a87e84b213d81efb29,44.0,54.0,0.314,0.03,0.557,0.1,0.052,train
667a6e15a4394db30d7cce7a4db319041453bfa306b566a87e84b213d81efb29,46.0,56.0,0.276,0.258,0.424,0.17,0.054,train
667a6e15a4394db30d7cce7a4db319041453bfa306b566a87e84b213d81efb29,48.0,58.0,0.448,0.122,0.487,0.112,0.056,train
667a6e15a4394db30d7cce7a4db319041453bfa306b566a87e84b213d81efb29,50.0,60.0,0.665,0.062,0.33,0.104,0.094,train
667a6e15a4394db30d7cce7a4db319041453bfa306b566a87e84b213d81efb29,52.0,62.0,0.713,0.132,0.283,0.14,0.092,train
667a6e15a4394db30d7cce7a4db319041453bfa306b566a87e84b213d81efb29,54.0,64.0,0.62,0.04,0.311,0.142,0.1,train
667a6e15a4394db30d7cce7a4db319041453bfa306b566a87e84b213d81efb29,56.0,66.0,0.53,0.02,0.336,0.126,0.068,train
667a6e15a4394db30d7cce7a4db319041453bfa306b566a87e84b213d81efb29,58.0,68.0,0.623,0.032,0.533,0.16,0.082,train
667a6e15a4394db30d7cce7a4db319041453bfa306b566a87e84b213d81efb29,60.0,70.0,0.54,0.094,0.176,0.174,0.058,train
667a6e15a4394db30d7cce7a4db319041453bfa306b566a87e84b213d81efb29,62.0,72.0,0.649,0.126,0.168,0.186,0.06,train
667a6e15a4394db30d7cce7a4db319041453bfa306b566a87e84b213d81efb29,64.0,74.0,0.588,0.146,0.28,0.204,0.064,train
667a6e15a4394db30d7cce7a4db319041453bfa306b566a87e84b213d81efb29,66.0,76.0,0.646,0.216,0.054,0.252,0.066,train
667a6e15a4394db30d7cce7a4db319041453bfa306b566a87e84b213d81efb29,68.0,78.0,0.731,0.312,0.09,0.264,0.254,train
667a6e15a4394db30d7cce7a4db319041453bfa306b566a87e84b213d81efb29,70.0,80.0,0.658,0.442,0.193,0.342,0.216,train
667a6e15a4394db30d7cce7a4db319041453bfa306b566a87e84b213d81efb29,72.0,82.0,0.673,0.388,0.01,0.348,0.228,train
667a6e15a4394db30d7cce7a4db319041453bfa306b566a87e84b213d81efb29,74.0,84.0,0.773,0.348,0.046,0.298,0.102,train
667a6e15a4394db30d7cce7a4db319041453bfa306b566a87e84b213d81efb29,76.0,86.0,0.728,0.246,0.287,0.246,0.098,train
667a6e15a4394db30d7cce7a4db319041453bfa306b566a87e84b213d81efb29,78.0,88.0,0.598,0.23,0.14,0.226,0.108,train
667a6e15a4394db30d7cce7a4db319041453bfa306b566a87e84b213d81efb29,80.0,90.0,0.726,0.188,0.06,0.224,0.07,train
667a6e15a4394db30d7cce7a4db319041453bfa306b566a87e84b213d81efb29,82.0,92.0,0.717,0.2,0.133,0.22,0.09,train
667a6e15a4394db30d7cce7a4db319041453bfa306b566a87e84b213d81efb29,84.0,94.0,0.697,0.184,0.066,0.236,0.078,train
667a6e15a4394db30d7cce7a4db319041453bfa306b566a87e84b213d81efb29,86.0,96.0,0.538,0.144,0.096,0.242,0.138,train
667a6e15a4394db30d7cce7a4db319041453bfa306b566a87e84b213d81efb29,88.0,98.0,0.381,0.24,0.022,0.372,0.428,train
667a6e15a4394db30d7cce7a4db319041453bfa306b566a87e84b213d81efb29,90.0,100.0,0.199,0.214,0.014,0.324,0.364,train
667a6e15a4394db30d7cce7a4db319041453bfa306b566a87e84b213d81efb29,92.0,102.0,0.257,0.196,0.203,0.248,0.42,train
667a6e15a4394db30d7cce7a4db319041453bfa306b566a87e84b213d81efb29,94.0,104.0,0.145,0.282,0.314,0.294,0.762,train
667a6e15a4394db30d7cce7a4db319041453bfa306b566a87e84b213d81efb29,96.0,106.0,0.11,0.446,0.008,0.352,0.85,train
667a6e15a4394db30d7cce7a4db319041453bfa306b566a87e84b213d81efb29,98.0,108.0,0.086,0.38,0.002,0.362,0.896,train
667a6e15a4394db30d7cce7a4db319041453bfa306b566a87e84b213d81efb29,100.0,110.0,0.096,0.412,0.006,0.482,0.924,train
667a6e15a4394db30d7cce7a4db319041453bfa306b566a87e84b213d81efb29,102.0,112.0,0.213,0.706,0.715,0.942,0.716,train
667a6e15a4394db30d7cce7a4db319041453bfa306b566a87e84b213d81efb29,104.0,114.0,0.209,0.716,0.431,0.998,0.696,train
667a6e15a4394db30d7cce7a4db319041453bfa306b566a87e84b213d81efb29,106.0,116.0,0.601,0.834,0.733,1.0,0.67,train
667a6e15a4394db30d7cce7a4db319041453bfa306b566a87e84b213d81efb29,108.0,118.0,0.748,0.966,0.66,0.988,0.496,train
667a6e15a4394db30d7cce7a4db319041453bfa306b566a87e84b213d81efb29,110.0,120.0,0.826,0.968,0.8,0.956,0.43,train
667a6e15a4394db30d7cce7a4db319041453bfa306b566a87e84b213d81efb29,112.0,122.0,0.869,0.944,0.86,0.952,0.418,train
667a6e15a4394db30d7cce7a4db319041453bfa306b566a87e84b213d81efb29,114.0,124.0,0.844,0.942,0.843,0.958,0.416,train
667a6e15a4394db30d7cce7a4db319041453bfa306b566a87e84b213d81efb29,116.0,126.0,0.941,0.94,0.794,0.96,0.432,train
667a6e15a4394db30d7cce7a4db319041453bfa306b566a87e84b213d81efb29,118.0,128.0,0.216,0.72,0.232,0.748,0.664,train
667a6e15a4394db30d7cce7a4db319041453bfa306b566a87e84b213d81efb29,120.0,130.0,0.024,0.634,0.498,0.636,0.754,train
667a6e15a4394db30d7cce7a4db319041453bfa306b566a87e84b213d81efb29,122.0,132.0,0.1,0.56,0.382,0.556,0.934,train
667a6e15a4394db30d7cce7a4db319041453bfa306b566a87e84b213d81efb29,124.0,134.0,0.152,0.422,0.606,0.522,0.968,train
667a6e15a4394db30d7cce7a4db319041453bfa306b566a87e84b213d81efb29,126.0,136.0,0.23,0.42,0.407,0.268,0.748,train
667a6e15a4394db30d7cce7a4db319041453bfa306b566a87e84b213d81efb29,128.0,138.0,0.456,0.026,0.352,0.072,0.248,train
667a6e15a4394db30d7cce7a4db319041453bfa306b566a87e84b213d81efb29,130.0,140.0,0.665,0.08,0.222,0.048,0.05,train
667a6e15a4394db30d7cce7a4db319041453bfa306b566a87e84b213d81efb29,132.0,142.0,0.576,0.108,0.15,0.04,0.044,train
667a6e15a4394db30d7cce7a4db319041453bfa306b566a87e84b213d81efb29,134.0,144.0,0.713,0.058,0.369,0.034,0.042,train
667a6e15a4394db30d7cce7a4db319041453bfa306b566a87e84b213d81efb29,136.0,146.0,0.669,0.014,0.19,0.046,0.046,train
667a6e15a4394db30d7cce7a4db319041453bfa306b566a87e84b213d81efb29,138.0,148.0,0.741,0.154,0.105,0.212,0.048,train
667a6e15a4394db30d7cce7a4db319041453bfa306b566a87e84b213d81efb29,140.0,150.0,0.692,0.07,0.533,0.12,0.15,train
667a6e15a4394db30d7cce7a4db319041453bfa306b566a87e84b213d81efb29,142.0,152.0,0.661,0.052,0.342,0.134,0.274,train
667a6e15a4394db30d7cce7a4db319041453bfa306b566a87e84b213d81efb29,144.0,154.0,0.381,0.086,0.308,0.148,0.25,train
667a6e15a4394db30d7cce7a4db319041453bfa306b566a87e84b213d81efb29,146.0,156.0,0.186,0.068,0.116,0.15,0.258,train
667a6e15a4394db30d7cce7a4db319041453bfa306b566a87e84b213d81efb29,148.0,158.0,0.317,0.106,0.203,0.152,0.292,train
667a6e15a4394db30d7cce7a4db319041453bfa306b566a87e84b213d81efb29,150.0,160.0,0.195,0.404,0.575,0.378,0.818,train
667a6e15a4394db30d7cce7a4db319041453bfa306b566a87e84b213d81efb29,152.0,162.0,0.16,0.368,0.679,0.414,0.928,train
667a6e15a4394db30d7cce7a4db319041453bfa306b566a87e84b213d81efb29,154.0,164.0,0.37,0.162,0.373,0.208,0.828,train
667a6e15a4394db30d7cce7a4db319041453bfa306b566a87e84b213d81efb29,156.0,166.0,0.51,0.114,0.42,0.136,0.18,train
667a6e15a4394db30d7cce7a4db319041453bfa306b566a87e84b213d81efb29,158.0,168.0,0.485,0.054,0.39,0.056,0.122,train
667a6e15a4394db30d7cce7a4db319041453bfa306b566a87e84b213d81efb29,160.0,170.0,0.475,0.008,0.487,0.028,0.08,train
667a6e15a4394db30d7cce7a4db319041453bfa306b566a87e84b213d81efb29,162.0,172.0,0.481,0.004,0.434,0.02,0.038,train
667a6e15a4394db30d7cce7a4db319041453bfa306b566a87e84b213d81efb29,164.0,174.0,0.29,0.048,0.468,0.036,0.198,train
667a6e15a4394db30d7cce7a4db319041453bfa306b566a87e84b213d81efb29,166.0,176.0,0.28,0.072,0.443,0.084,0.236,train
667a6e15a4394db30d7cce7a4db319041453bfa306b566a87e84b213d81efb29,168.0,178.0,0.344,0.238,0.491,0.184,0.426,train
667a6e15a4394db30d7cce7a4db319041453bfa306b566a87e84b213d81efb29,170.0,180.0,0.421,0.17,0.407,0.216,0.662,train
667a6e15a4394db30d7cce7a4db319041453bfa306b566a87e84b213d81efb29,172.0,182.0,0.361,0.326,0.258,0.29,0.758,train
667a6e15a4394db30d7cce7a4db319041453bfa306b566a87e84b213d81efb29,174.0,184.0,0.336,0.236,0.319,0.228,0.218,train
667a6e15a4394db30d7cce7a4db319041453bfa306b566a87e84b213d81efb29,176.0,186.0,0.586,0.28,0.411,0.282,0.162,train
667a6e15a4394db30d7cce7a4db319041453bfa306b566a87e84b213d81efb29,178.0,188.0,0.596,0.284,0.181,0.284,0.124,train
667a6e15a4394db30d7cce7a4db319041453bfa306b566a87e84b213d81efb29,180.0,190.0,0.584,0.314,0.238,0.31,0.136,train
667a6e15a4394db30d7cce7a4db319041453bfa306b566a87e84b213d81efb29,182.0,192.0,0.731,0.302,0.333,0.286,0.114,train
667a6e15a4394db30d7cce7a4db319041453bfa306b566a87e84b213d81efb29,184.0,194.0,0.694,0.166,0.188,0.2,0.116,train
667a6e15a4394db30d7cce7a4db319041453bfa306b566a87e84b213d81efb29,186.0,196.0,0.64,0.118,0.339,0.162,0.072,train
667a6e15a4394db30d7cce7a4db319041453bfa306b566a87e84b213d81efb29,188.0,198.0,0.558,0.066,0.184,0.042,0.074,train
667a6e15a4394db30d7cce7a4db319041453bfa306b566a87e84b213d81efb29,190.0,200.0,0.508,0.018,0.369,0.03,0.104,train
667a6e15a4394db30d7cce7a4db319041453bfa306b566a87e84b213d81efb29,192.0,202.0,0.352,0.024,0.12,0.032,0.13,train
667a6e15a4394db30d7cce7a4db319041453bfa306b566a87e84b213d81efb29,194.0,204.0,0.424,0.042,0.145,0.076,0.238,train
667a6e15a4394db30d7cce7a4db319041453bfa306b566a87e84b213d81efb29,196.0,206.0,0.366,0.12,0.171,0.094,0.26,train
667a6e15a4394db30d7cce7a4db319041453bfa306b566a87e84b213d81efb29,198.0,208.0,0.458,0.172,0.138,0.21,0.336,train
667a6e15a4394db30d7cce7a4db319041453bfa306b566a87e84b213d81efb29,200.0,210.0,0.636,0.358,0.206,0.312,0.234,train
667a6e15a4394db30d7cce7a4db319041453bfa306b566a87e84b213d81efb29,202.0,212.0,0.678,0.382,0.396,0.334,0.172,train
667a6e15a4394db30d7cce7a4db319041453bfa306b566a87e84b213d81efb29,204.0,214.0,0.642,0.458,0.581,0.346,0.112,train
667a6e15a4394db30d7cce7a4db319041453bfa306b566a87e84b213d81efb29,206.0,216.0,0.492,0.346,0.327,0.384,0.21,train
667a6e15a4394db30d7cce7a4db319041453bfa306b566a87e84b213d81efb29,208.0,218.0,0.342,0.492,0.04,0.462,0.212,train
667a6e15a4394db30d7cce7a4db319041453bfa306b566a87e84b213d81efb29,210.0,220.0,0.338,0.518,0.07,0.52,0.252,train
667a6e15a4394db30d7cce7a4db319041453bfa306b566a87e84b213d81efb29,212.0,222.0,0.515,0.178,0.277,0.25,0.326,train
667a6e15a4394db30d7cce7a4db319041453bfa306b566a87e84b213d81efb29,214.0,224.0,0.252,0.18,0.024,0.254,0.362,train
667a6e15a4394db30d7cce7a4db319041453bfa306b566a87e84b213d81efb29,216.0,226.0,0.199,0.234,0.03,0.274,0.342,train
667a6e15a4394db30d7cce7a4db319041453bfa306b566a87e84b213d81efb29,218.0,228.0,0.124,0.204,0.012,0.308,0.35,train
67460352e955edbaf8a0e73406f2aa4726aa14abea0a93abbe0484dccf14d5c3,0.0,10.0,0.323,0.474,0.617,0.276,0.774,train
67460352e955edbaf8a0e73406f2aa4726aa14abea0a93abbe0484dccf14d5c3,2.0,12.0,0.317,0.14,0.567,0.098,0.308,train
67460352e955edbaf8a0e73406f2aa4726aa14abea0a93abbe0484dccf14d5c3,4.0,14.0,0.288,0.212,0.611,0.086,0.296,train
67460352e955edbaf8a0e73406f2aa4726aa14abea0a93abbe0484dccf14d5c3,6.0,16.0,0.471,0.276,0.739,0.082,0.318,train
67460352e955edbaf8a0e73406f2aa4726aa14abea0a93abbe0484dccf14d5c3,8.0,18.0,0.519,0.134,0.384,0.054,0.302,train
67460352e955edbaf8a0e73406f2aa4726aa14abea0a93abbe0484dccf14d5c3,10.0,20.0,0.562,0.056,0.571,0.068,0.02,train
67460352e955edbaf8a0e73406f2aa4726aa14abea0a93abbe0484dccf14d5c3,12.0,22.0,0.446,0.104,0.5,0.138,0.018,train
67460352e955edbaf8a0e73406f2aa4726aa14abea0a93abbe0484dccf14d5c3,14.0,24.0,0.454,0.034,0.171,0.146,0.022,train
67460352e955edbaf8a0e73406f2aa4726aa14abea0a93abbe0484dccf14d5c3,16.0,26.0,0.661,0.028,0.283,0.156,0.024,train
67460352e955edbaf8a0e73406f2aa4726aa14abea0a93abbe0484dccf14d5c3,18.0,28.0,0.244,0.036,0.063,0.192,0.016,train
67460352e955edbaf8a0e73406f2aa4726aa14abea0a93abbe0484dccf14d5c3,20.0,30.0,0.331,0.256,0.319,0.234,0.718,train
67460352e955edbaf8a0e73406f2aa4726aa14abea0a93abbe0484dccf14d5c3,22.0,32.0,0.113,0.552,0.564,0.578,0.95,train
67460352e955edbaf8a0e73406f2aa4726aa14abea0a93abbe0484dccf14d5c3,24.0,34.0,0.126,0.58,0.654,0.584,0.966,train
67460352e955edbaf8a0e73406f2aa4726aa14abea0a93abbe0484dccf14d5c3,26.0,36.0,0.182,0.508,0.436,0.568,0.99,train
67460352e955edbaf8a0e73406f2aa4726aa14abea0a93abbe0484dccf14d5c3,28.0,38.0,0.264,0.51,0.267,0.548,0.28,train
6939b3836a088e9113eb3bffcf362bed963a71bbd9012ecb56dc61e6d500da39,0.0,10.0,0.567,0.168,0.578,0.154,0.398,validation
6939b3836a088e9113eb3bffcf362bed963a71bbd9012ecb56dc61e6d500da39,2.0,12.0,0.757,0.128,0.236,0.132,0.322,validation
6939b3836a088e9113eb3bffcf362bed963a71bbd9012ecb56dc61e6d500da39,4.0,14.0,0.686,0.116,0.161,0.122,0.312,validation
6939b3836a088e9113eb3bffcf362bed963a71bbd9012ecb56dc61e6d500da39,6.0,16.0,0.515,0.09,0.098,0.158,0.338,validation
6939b3836a088e9113eb3bffcf362bed963a71bbd9012ecb56dc61e6d500da39,8.0,18.0,0.533,0.218,0.303,0.214,0.682,validation
6939b3836a088e9113eb3bffcf362bed963a71bbd9012ecb56dc61e6d500da39,10.0,20.0,0.753,0.328,0.633,0.338,0.354,validation
6939b3836a088e9113eb3bffcf362bed963a71bbd9012ecb56dc61e6d500da39,12.0,22.0,0.723,0.332,0.181,0.426,0.028,validation
6939b3836a088e9113eb3bffcf362bed963a71bbd9012ecb56dc61e6d500da39,14.0,24.0,0.612,0.27,0.359,0.222,0.014,validation
6939b3836a088e9113eb3bffcf362bed963a71bbd9012ecb56dc61e6d500da39,16.0,26.0,0.485,0.158,0.414,0.166,0.012,validation
6939b3836a088e9113eb3bffcf362bed963a71bbd9012ecb56dc61e6d500da39,18.0,28.0,0.475,0.05,0.422,0.074,0.062,validation
6939b3836a088e9113eb3bffcf362bed963a71bbd9012ecb56dc61e6d500da39,20.0,30.0,0.481,0.064,0.443,0.05,0.166,validation
6939b3836a088e9113eb3bffcf362bed963a71bbd9012ecb56dc61e6d500da39,22.0,32.0,0.417,0.096,0.316,0.064,0.268,validation
6939b3836a088e9113eb3bffcf362bed963a71bbd9012ecb56dc61e6d500da39,24.0,34.0,0.421,0.138,0.216,0.11,0.304,validation
6939b3836a088e9113eb3bffcf362bed963a71bbd9012ecb56dc61e6d500da39,26.0,36.0,0.13,0.148,0.004,0.19,0.346,validation
6939b3836a088e9113eb3bffcf362bed963a71bbd9012ecb56dc61e6d500da39,28.0,38.0,0.117,0.564,0.214,0.564,0.874,validation
6939b3836a088e9113eb3bffcf362bed963a71bbd9012ecb56dc61e6d500da39,30.0,40.0,0.601,0.724,0.733,0.996,0.678,validation
6939b3836a088e9113eb3bffcf362bed963a71bbd9012ecb56dc61e6d500da39,32.0,42.0,0.783,0.97,0.771,0.986,0.474,validation
6939b3836a088e9113eb3bffcf362bed963a71bbd9012ecb56dc61e6d500da39,34.0,44.0,0.96,0.956,0.956,0.976,0.414,validation
6939b3836a088e9113eb3bffcf362bed963a71bbd9012ecb56dc61e6d500da39,36.0,46.0,0.983,0.948,0.983,0.98,0.412,validation
6939b3836a088e9113eb3bffcf362bed963a71bbd9012ecb56dc61e6d500da39,38.0,48.0,0.171,0.69,0.263,0.678,0.668,validation
6939b3836a088e9113eb3bffcf362bed963a71bbd9012ecb56dc61e6d500da39,40.0,50.0,0.168,0.624,0.746,0.65,0.714,validation
6939b3836a088e9113eb3bffcf362bed963a71bbd9012ecb56dc61e6d500da39,42.0,52.0,0.188,0.628,0.761,0.648,0.712,validation
6939b3836a088e9113eb3bffcf362bed963a71bbd9012ecb56dc61e6d500da39,44.0,54.0,0.235,0.622,0.742,0.644,0.71,validation
6939b3836a088e9113eb3bffcf362bed963a71bbd9012ecb56dc61e6d500da39,46.0,56.0,0.041,0.59,0.706,0.602,0.738,validation
6939b3836a088e9113eb3bffcf362bed963a71bbd9012ecb56dc61e6d500da39,48.0,58.0,0.083,0.588,0.646,0.596,0.78,validation
6939b3836a088e9113eb3bffcf362bed963a71bbd9012ecb56dc61e6d500da39,50.0,60.0,0.033,0.606,0.699,0.604,0.784,validation
6939b3836a088e9113eb3bffcf362bed963a71bbd9012ecb56dc61e6d500da39,52.0,62.0,0.072,0.6,0.688,0.6,0.86,validation
6939b3836a088e9113eb3bffcf362bed963a71bbd9012ecb56dc61e6d500da39,54.0,64.0,0.093,0.576,0.711,0.598,0.856,validation
6faa006353747cbeb4e6d2e90954728110cb94fabfcd41e319270d4cde22f117,0.0,10.0,0.088,0.498,0.476,0.514,0.768,validation
6faa006353747cbeb4e6d2e90954728110cb94fabfcd41e319270d4cde22f117,2.0,12.0,0.283,0.49,0.491,0.176,0.684,validation
6faa006353747cbeb4e6d2e90954728110cb94fabfcd41e319270d4cde22f117,4.0,14.0,0.295,0.11,0.322,0.078,0.282,validation
6faa006353747cbeb4e6d2e90954728110cb94fabfcd41e319270d4cde22f117,6.0,16.0,0.32,0.15,0.472,0.07,0.278,validation
6faa006353747cbeb4e6d2e90954728110cb94fabfcd41e319270d4cde22f117,8.0,18.0,0.34,0.088,0.708,0.052,0.294,validation
6faa006353747cbeb4e6d2e90954728110cb94fabfcd41e319270d4cde22f117,10.0,20.0,0.581,0.102,0.439,0.08,0.33,validation
6faa006353747cbeb4e6d2e90954728110cb94fabfcd41e319270d4cde22f117,12.0,22.0,0.305,0.074,0.537,0.188,0.494,validation
6faa006353747cbeb4e6d2e90954728110cb94fabfcd41e319270d4cde22f117,14.0,24.0,0.246,0.448,0.234,0.374,0.932,validation
6faa006353747cbeb4e6d2e90954728110cb94fabfcd41e319270d4cde22f117,16.0,26.0,0.392,0.322,0.088,0.328,0.942,validation
6faa006353747cbeb4e6d2e90954728110cb94fabfcd41e319270d4cde22f117,18.0,28.0,0.435,0.34,0.111,0.33,0.938,validation
6faa006353747cbeb4e6d2e90954728110cb94fabfcd41e319270d4cde22f117,20.0,30.0,0.551,0.272,0.016,0.302,0.964,validation
6faa006353747cbeb4e6d2e90954728110cb94fabfcd41e319270d4cde22f117,22.0,32.0,0.466,0.21,0.068,0.27,0.794,validation
6faa006353747cbeb4e6d2e90954728110cb94fabfcd41e319270d4cde22f117,24.0,34.0,0.349,0.436,0.614,0.382,0.832,validation
6faa006353747cbeb4e6d2e90954728110cb94fabfcd41e319270d4cde22f117,26.0,36.0,0.224,0.496,0.596,0.464,0.936,validation
6faa006353747cbeb4e6d2e90954728110cb94fabfcd41e319270d4cde22f117,28.0,38.0,0.249,0.54,0.703,0.526,0.972,validation
6faa006353747cbeb4e6d2e90954728110cb94fabfcd41e319270d4cde22f117,30.0,40.0,0.122,0.57,0.684,0.54,0.92,validation
6faa006353747cbeb4e6d2e90954728110cb94fabfcd41e319270d4cde22f117,32.0,42.0,0.004,0.64,0.649,0.594,0.854,validation
6faa006353747cbeb4e6d2e90954728110cb94fabfcd41e319270d4cde22f117,34.0,44.0,0.006,0.652,0.643,0.632,0.836,validation
6faa006353747cbeb4e6d2e90954728110cb94fabfcd41e319270d4cde22f117,36.0,46.0,0.067,0.656,0.675,0.672,0.822,validation
6faa006353747cbeb4e6d2e90954728110cb94fabfcd41e319270d4cde22f117,38.0,48.0,0.08,0.676,0.479,0.72,0.808,validation
6faa006353747cbeb4e6d2e90954728110cb94fabfcd41e319270d4cde22f117,40.0,50.0,0.206,0.71,0.52,0.962,0.734,validation
6faa006353747cbeb4e6d2e90954728110cb94fabfcd41e319270d4cde22f117,42.0,52.0,0.103,0.468,0.299,0.5,0.826,validation
6faa006353747cbeb4e6d2e90954728110cb94fabfcd41e319270d4cde22f117,44.0,54.0,0.283,0.484,0.503,0.164,0.464,validation
6faa006353747cbeb4e6d2e90954728110cb94fabfcd41e319270d4cde22f117,46.0,56.0,0.385,0.082,0.557,0.014,0.032,validation
6faa006353747cbeb4e6d2e90954728110cb94fabfcd41e319270d4cde22f117,48.0,58.0,0.389,0.13,0.513,0.008,0.03,validation
6faa006353747cbeb4e6d2e90954728110cb94fabfcd41e319270d4cde22f117,50.0,60.0,0.461,0.142,0.639,0.004,0.034,validation
6faa006353747cbeb4e6d2e90954728110cb94fabfcd41e319270d4cde22f117,52.0,62.0,0.519,0.192,0.547,0.016,0.036,validation
6faa006353747cbeb4e6d2e90954728110cb94fabfcd41e319270d4cde22f117,54.0,64.0,0.567,0.06,0.585,0.066,0.04,validation
6faa006353747cbeb4e6d2e90954728110cb94fabfcd41e319270d4cde22f117,56.0,66.0,0.406,0.542,0.562,0.454,0.316,validation
6faa006353747cbeb4e6d2e90954728110cb94fabfcd41e319270d4cde22f117,58.0,68.0,0.326,0.578,0.354,0.544,0.146,validation
6faa006353747cbeb4e6d2e90954728110cb94fabfcd41e319270d4cde22f117,60.0,70.0,0.499,0.538,0.196,0.536,0.152,validation
6faa006353747cbeb4e6d2e90954728110cb94fabfcd41e319270d4cde22f117,62.0,72.0,0.615,0.548,0.524,0.518,0.14,validation
6faa006353747cbeb4e6d2e90954728110cb94fabfcd41e319270d4cde22f117,64.0,74.0,0.191,0.602,0.657,0.546,0.134,validation
6faa006353747cbeb4e6d2e90954728110cb94fabfcd41e319270d4cde22f117,66.0,76.0,0.226,0.574,0.757,0.538,0.142,validation
6faa006353747cbeb4e6d2e90954728110cb94fabfcd41e319270d4cde22f117,68.0,78.0,0.271,0.584,0.695,0.554,0.89,validation
6faa006353747cbeb4e6d2e90954728110cb94fabfcd41e319270d4cde22f117,70.0,80.0,0.128,0.586,0.666,0.57,0.884,validation
6faa006353747cbeb4e6d2e90954728110cb94fabfcd41e319270d4cde22f117,72.0,82.0,0.107,0.594,0.719,0.582,0.962,validation
6faa006353747cbeb4e6d2e90954728110cb94fabfcd41e319270d4cde22f117,74.0,84.0,0.06,0.592,0.508,0.592,0.978,validation
6faa006353747cbeb4e6d2e90954728110cb94fabfcd41e319270d4cde22f117,76.0,86.0,0.018,0.65,0.542,0.646,0.944,validation
6faa006353747cbeb4e6d2e90954728110cb94fabfcd41e319270d4cde22f117,78.0,88.0,0.051,0.662,0.376,0.664,0.918,validation
953f71ef131b4c5ce7211560abcbafbfe0079e72cf2190c2908d3ff00cf5db12,0.0,10.0,0.848,0.88,0.804,0.804,0.5,validation
953f71ef131b4c5ce7211560abcbafbfe0079e72cf2190c2908d3ff00cf5db12,2.0,12.0,0.813,0.836,0.867,0.786,0.498,validation
953f71ef131b4c5ce7211560abcbafbfe0079e72cf2190c2908d3ff00cf5db12,4.0,14.0,0.884,0.9,0.919,0.818,0.59,validation
953f71ef131b4c5ce7211560abcbafbfe0079e72cf2190c2908d3ff00cf5db12,6.0,16.0,0.816,0.922,0.847,0.886,0.57,validation
953f71ef131b4c5ce7211560abcbafbfe0079e72cf2190c2908d3ff00cf5db12,8.0,18.0,0.979,0.894,0.874,0.876,0.648,validation
953f71ef131b4c5ce7211560abcbafbfe0079e72cf2190c2908d3ff00cf5db12,10.0,20.0,0.804,0.928,0.834,0.896,0.638,validation
953f71ef131b4c5ce7211560abcbafbfe0079e72cf2190c2908d3ff00cf5db12,12.0,22.0,0.929,0.896,0.947,0.892,0.61,validation
953f71ef131b4c5ce7211560abcbafbfe0079e72cf2190c2908d3ff00cf5db12,14.0,24.0,0.852,0.916,0.853,0.858,0.606,validation
953f71ef131b4c5ce7211560abcbafbfe0079e72cf2190c2908d3ff00cf5db12,16.0,26.0,0.937,0.884,0.971,0.882,0.614,validation
953f71ef131b4c5ce7211560abcbafbfe0079e72cf2190c2908d3ff00cf5db12,18.0,28.0,0.908,0.874,0.909,0.866,0.612,validation
953f71ef131b4c5ce7211560abcbafbfe0079e72cf2190c2908d3ff00cf5db12,20.0,30.0,0.84,0.824,0.84,0.864,0.624,validation
953f71ef131b4c5ce7211560abcbafbfe0079e72cf2190c2908d3ff00cf5db12,22.0,32.0,0.914,0.862,0.927,0.87,0.574,validation
953f71ef131b4c5ce7211560abcbafbfe0079e72cf2190c2908d3ff00cf5db12,24.0,34.0,0.89,0.84,0.871,0.832,0.568,validation
953f71ef131b4c5ce7211560abcbafbfe0079e72cf2190c2908d3ff00cf5db12,26.0,36.0,0.947,0.812,0.9,0.846,0.566,validation
953f71ef131b4c5ce7211560abcbafbfe0079e72cf2190c2908d3ff00cf5db12,28.0,38.0,0.917,0.804,0.975,0.82,0.52,validation
953f71ef131b4c5ce7211560abcbafbfe0079e72cf2190c2908d3ff00cf5db12,30.0,40.0,0.85,0.778,0.843,0.782,0.51,validation
953f71ef131b4c5ce7211560abcbafbfe0079e72cf2190c2908d3ff00cf5db12,32.0,42.0,0.872,0.792,0.896,0.792,0.506,validation
953f71ef131b4c5ce7211560abcbafbfe0079e72cf2190c2908d3ff00cf5db12,34.0,44.0,0.886,0.788,0.876,0.816,0.514,validation
953f71ef131b4c5ce7211560abcbafbfe0079e72cf2190c2908d3ff00cf5db12,36.0,46.0,0.866,0.798,0.947,0.834,0.53,validation
953f71ef131b4c5ce7211560abcbafbfe0079e72cf2190c2908d3ff00cf5db12,38.0,48.0,0.937,0.822,0.858,0.798,0.634,validation
953f71ef131b4c5ce7211560abcbafbfe0079e72cf2190c2908d3ff00cf5db12,40.0,50.0,0.929,0.848,0.938,0.79,0.608,validation
953f71ef131b4c5ce7211560abcbafbfe0079e72cf2190c2908d3ff00cf5db12,42.0,52.0,0.897,0.818,0.916,0.794,0.58,validation
953f71ef131b4c5ce7211560abcbafbfe0079e72cf2190c2908d3ff00cf5db12,44.0,54.0,0.77,0.796,0.778,0.776,0.554,validation
953f71ef131b4c5ce7211560abcbafbfe0079e72cf2190c2908d3ff00cf5db12,46.0,56.0,0.829,0.782,0.802,0.78,0.542,validation
953f71ef131b4c5ce7211560abcbafbfe0079e72cf2190c2908d3ff00cf5db12,48.0,58.0,0.869,0.794,0.814,0.784,0.556,validation
953f71ef131b4c5ce7211560abcbafbfe0079e72cf2190c2908d3ff00cf5db12,50.0,60.0,0.892,0.78,0.975,0.826,0.596,validation
953f71ef131b4c5ce7211560abcbafbfe0079e72cf2190c2908d3ff00cf5db12,52.0,62.0,0.791,0.774,0.883,0.856,0.644,validation
953f71ef131b4c5ce7211560abcbafbfe0079e72cf2190c2908d3ff00cf5db12,54.0,64.0,0.779,0.81,0.787,0.884,0.646,validation
953f71ef131b4c5ce7211560abcbafbfe0079e72cf2190c2908d3ff00cf5db12,56.0,66.0,0.71,0.82,0.75,0.908,0.654,validation
953f71ef131b4c5ce7211560abcbafbfe0079e72cf2190c2908d3ff00cf5db12,58.0,68.0,0.802,0.844,0.812,0.9,0.65,validation
953f71ef131b4c5ce7211560abcbafbfe0079e72cf2190c2908d3ff00cf5db12,60.0,70.0,0.856,0.856,0.887,0.822,0.64,validation
953f71ef131b4c5ce7211560abcbafbfe0079e72cf2190c2908d3ff00cf5db12,62.0,72.0,0.979,0.872,0.919,0.8,0.652,validation
953f71ef131b4c5ce7211560abcbafbfe0079e72cf2190c2908d3ff00cf5db12,64.0,74.0,0.897,0.808,0.85,0.788,0.636,validation
953f71ef131b4c5ce7211560abcbafbfe0079e72cf2190c2908d3ff00cf5db12,66.0,76.0,0.905,0.802,0.891,0.796,0.602,validation
953f71ef131b4c5ce7211560abcbafbfe0079e72cf2190c2908d3ff00cf5db12,68.0,78.0,0.933,0.79,0.965,0.808,0.592,validation
953f71ef131b4c5ce7211560abcbafbfe0079e72cf2190c2908d3ff00cf5db12,70.0,80.0,0.971,0.83,0.935,0.838,0.598,validation
953f71ef131b4c5ce7211560abcbafbfe0079e72cf2190c2908d3ff00cf5db12,72.0,82.0,0.91,0.786,0.871,0.862,0.56,validation
953f71ef131b4c5ce7211560abcbafbfe0079e72cf2190c2908d3ff00cf5db12,74.0,84.0,0.954,0.866,0.906,0.84,0.564,validation
953f71ef131b4c5ce7211560abcbafbfe0079e72cf2190c2908d3ff00cf5db12,76.0,86.0,0.912,0.914,0.909,0.878,0.588,validation
953f71ef131b4c5ce7211560abcbafbfe0079e72cf2190c2908d3ff00cf5db12,78.0,88.0,0.941,0.892,0.912,0.894,0.6,validation
c5c639ca1fa3038e565a432a960cb53f6ce533ad9612d27f229f6527fcf0edac,0.0,10.0,0.556,0.926,0.728,0.774,0.518,test
c5c639ca1fa3038e565a432a960cb53f6ce533ad9612d27f229f6527fcf0edac,2.0,12.0,0.59,0.932,0.73,0.778,0.536,test
c5c639ca1fa3038e565a432a960cb53f6ce533ad9612d27f229f6527fcf0edac,4.0,14.0,0.807,0.93,0.791,0.772,0.534,test
c5c639ca1fa3038e565a432a960cb53f6ce533ad9612d27f229f6527fcf0edac,6.0,16.0,0.764,0.924,0.774,0.762,0.538,test
c5c639ca1fa3038e565a432a960cb53f6ce533ad9612d27f229f6527fcf0edac,8.0,18.0,0.432,0.91,0.662,0.77,0.528,test
c5c639ca1fa3038e565a432a960cb53f6ce533ad9612d27f229f6527fcf0edac,10.0,20.0,0.356,0.898,0.622,0.768,0.548,test
c5c639ca1fa3038e565a432a960cb53f6ce533ad9612d27f229f6527fcf0edac,12.0,22.0,0.368,0.902,0.626,0.758,0.55,test
c5c639ca1fa3038e565a432a960cb53f6ce533ad9612d27f229f6527fcf0edac,14.0,24.0,0.468,0.904,0.686,0.764,0.522,test
c5c639ca1fa3038e565a432a960cb53f6ce533ad9612d27f229f6527fcf0edac,16.0,26.0,0.542,0.906,0.726,0.756,0.508,test
c5c639ca1fa3038e565a432a960cb53f6ce533ad9612d27f229f6527fcf0edac,18.0,28.0,0.428,0.912,0.668,0.76,0.504,test
c5c639ca1fa3038e565a432a960cb53f6ce533ad9612d27f229f6527fcf0edac,20.0,30.0,0.632,0.92,0.736,0.752,0.502,test
c5c639ca1fa3038e565a432a960cb53f6ce533ad9612d27f229f6527fcf0edac,22.0,32.0,0.807,0.908,0.791,0.766,0.516,test
e57d3de89d6f2a3165aa05beee7b611f60923e090254337c1b48f744c78db52d,0.0,10.0,0.417,0.016,0.416,0.058,0.256,test
e57d3de89d6f2a3165aa05beee7b611f60923e090254337c1b48f744c78db52d,2.0,12.0,0.573,0.006,0.218,0.044,0.266,test
e57d3de89d6f2a3165aa05beee7b611f60923e090254337c1b48f744c78db52d,4.0,14.0,0.564,0.002,0.076,0.062,0.246,test
e57d3de89d6f2a3165aa05beee7b611f60923e090254337c1b48f744c78db52d,6.0,16.0,0.669,0.022,0.339,0.106,0.27,test
e57d3de89d6f2a3165aa05beee7b611f60923e090254337c1b48f744c78db52d,8.0,18.0,0.606,0.076,0.287,0.144,0.306,test
e57d3de89d6f2a3165aa05beee7b611f60923e090254337c1b48f744c78db52d,10.0,20.0,0.496,0.1,0.228,0.18,0.132,test
e57d3de89d6f2a3165aa05beee7b611f60923e090254337c1b48f744c78db52d,12.0,22.0,0.452,0.16,0.35,0.182,0.11,test
e57d3de89d6f2a3165aa05beee7b611f60923e090254337c1b48f744c78db52d,14.0,24.0,0.703,0.264,0.411,0.218,0.148,test
e57d3de89d6f2a3165aa05beee7b611f60923e090254337c1b48f744c78db52d,16.0,26.0,0.376,0.324,0.362,0.244,0.332,test
e57d3de89d6f2a3165aa05beee7b611f60923e090254337c1b48f744c78db52d,18.0,28.0,0.649,0.202,0.359,0.168,0.244,test
e57d3de89d6f2a3165aa05beee7b611f60923e090254337c1b48f744c78db52d,20.0,30.0,0.707,0.186,0.161,0.172,0.698,test
e57d3de89d6f2a3165aa05beee7b611f60923e090254337c1b48f744c78db52d,22.0,32.0,0.522,0.274,0.026,0.194,0.722,test
e57d3de89d6f2a3165aa05beee7b611f60923e090254337c1b48f744c78db52d,24.0,34.0,0.757,0.164,0.252,0.198,0.194,test
e57d3de89d6f2a3165aa05beee7b611f60923e090254337c1b48f744c78db52d,26.0,36.0,0.626,0.268,0.439,0.196,0.192,test
e57d3de89d6f2a3165aa05beee7b611f60923e090254337c1b48f744c78db52d,28.0,38.0,0.305,0.36,0.703,0.472,0.224,test
e57d3de89d6f2a3165aa05beee7b611f60923e090254337c1b48f744c78db52d,30.0,40.0,0.164,0.462,0.649,0.562,0.222,test
e57d3de89d6f2a3165aa05beee7b611f60923e090254337c1b48f744c78db52d,32.0,42.0,0.047,0.526,0.643,0.572,0.214,test
e57d3de89d6f2a3165aa05beee7b611f60923e090254337c1b48f744c78db52d,34.0,44.0,0.067,0.63,0.602,0.666,0.812,test
e57d3de89d6f2a3165aa05beee7b611f60923e090254337c1b48f744c78db52d,36.0,46.0,0.175,0.68,0.22,0.754,0.726,test
e57d3de89d6f2a3165aa05beee7b611f60923e090254337c1b48f744c78db52d,38.0,48.0,0.57,0.722,0.664,0.994,0.7,test
e57d3de89d6f2a3165aa05beee7b611f60923e090254337c1b48f744c78db52d,40.0,50.0,0.82,0.946,0.771,0.982,0.656,test
e57d3de89d6f2a3165aa05beee7b611f60923e090254337c1b48f744c78db52d,42.0,52.0,0.965,0.95,0.862,0.968,0.422,test
e57d3de89d6f2a3165aa05beee7b611f60923e090254337c1b48f744c78db52d,44.0,54.0,0.944,0.962,0.932,0.966,0.408,test
e57d3de89d6f2a3165aa05beee7b611f60923e090254337c1b48f744c78db52d,46.0,56.0,0.858,0.964,0.898,0.964,0.402,test
f26c5b91a912f9e98e0205e2518d5b3de0314b04b69c3bc6d0148fa8ea3e842b,0.0,10.0,0.533,0.376,0.043,0.496,0.692,test
f26c5b91a912f9e98e0205e2518d5b3de0314b04b69c3bc6d0148fa8ea3e842b,2.0,12.0,0.593,0.372,0.136,0.488,0.674,test
f26c5b91a912f9e98e0205e2518d5b3de0314b04b69c3bc6d0148fa8ea3e842b,4.0,14.0,0.505,0.454,0.154,0.506,0.872,test
f26c5b91a912f9e98e0205e2518d5b3de0314b04b69c3bc6d0148fa8ea3e842b,6.0,16.0,0.545,0.444,0.366,0.508,0.272,test
f26c5b91a912f9e98e0205e2518d5b3de0314b04b69c3bc6d0148fa8ea3e842b,8.0,18.0,0.464,0.354,0.463,0.428,0.742,test
f26c5b91a912f9e98e0205e2518d5b3de0314b04b69c3bc6d0148fa8ea3e842b,10.0,20.0,0.494,0.45,0.327,0.448,0.448,test
f26c5b91a912f9e98e0205e2518d5b3de0314b04b69c3bc6d0148fa8ea3e842b,12.0,22.0,0.689,0.402,0.403,0.436,0.862,test
f8a2dfe19bc591bed40778fcb493d9a34a3261518b2f4b416ba15a9402ec6dd7,0.0,10.0,0.974,0.978,0.978,0.92,0.392,test
f8a2dfe19bc591bed40778fcb493d9a34a3261518b2f4b416ba15a9402ec6dd7,2.0,12.0,0.999,0.994,0.999,0.916,0.396,test
f8a2dfe19bc591bed40778fcb493d9a34a3261518b2f4b416ba15a9402ec6dd7,4.0,14.0,0.991,0.99,0.995,0.918,0.38,test
f8a2dfe19bc591bed40778fcb493d9a34a3261518b2f4b416ba15a9402ec6dd7,6.0,16.0,0.064,0.536,0.052,0.558,0.73,test
f8a2dfe19bc591bed40778fcb493d9a34a3261518b2f4b416ba15a9402ec6dd7,8.0,18.0,0.323,0.534,0.617,0.418,0.88,test
f8a2dfe19bc591bed40778fcb493d9a34a3261518b2f4b416ba15a9402ec6dd7,10.0,20.0,0.195,0.464,0.495,0.386,0.894,test
f8a2dfe19bc591bed40778fcb493d9a34a3261518b2f4b416ba15a9402ec6dd7,12.0,22.0,0.361,0.514,0.373,0.366,0.824,test
f8a2dfe19bc591bed40778fcb493d9a34a3261518b2f4b416ba15a9402ec6dd7,14.0,24.0,0.402,0.242,0.248,0.272,0.84,test
f8a2dfe19bc591bed40778fcb493d9a34a3261518b2f4b416ba15a9402ec6dd7,16.0,26.0,0.548,0.278,0.126,0.32,0.158,test
f8a2dfe19bc591bed40778fcb493d9a34a3261518b2f4b416ba15a9402ec6dd7,18.0,28.0,0.673,0.432,0.1,0.456,0.16,test
f8a2dfe19bc591bed40778fcb493d9a34a3261518b2f4b416ba15a9402ec6dd7,20.0,30.0,0.56,0.418,0.277,0.42,0.12,test
f8a2dfe19bc591bed40778fcb493d9a34a3261518b2f4b416ba15a9402ec6dd7,22.0,32.0,0.745,0.344,0.295,0.402,0.178,test
f8a2dfe19bc591bed40778fcb493d9a34a3261518b2f4b416ba15a9402ec6dd7,24.0,34.0,0.753,0.438,0.633,0.434,0.168,test
f8a2dfe19bc591bed40778fcb493d9a34a3261518b2f4b416ba15a9402ec6dd7,26.0,36.0,0.404,0.374,0.303,0.424,0.778,test
f8a2dfe19bc591bed40778fcb493d9a34a3261518b2f4b416ba15a9402ec6dd7,28.0,38.0,0.439,0.292,0.164,0.396,0.752,test
f8a2dfe19bc591bed40778fcb493d9a34a3261518b2f4b416ba15a9402ec6dd7,30.0,40.0,0.703,0.224,0.398,0.316,0.672,test
