Time,Motor RPM [Rpm],MC Duty Cycle [%],MC Volts [V],AC Current,DC Current [A],CellId,MC Temp [°C],Motor Temp [°C],Fault Code,MC Throttle [%],Drive Enable,RadIn_Temp [°C],RadOut_Tem [°C],Flowrate,Actual_FOC_id,Actual_FOC_iq,Actual_Brake [%],Rolling_Counter,Relay_State,CRC_Checksum,CRC_Checksum_22,Pack_Current,Pack_CCL,Pack_DCL,Pack_Open_Volta,TSB HighTemp,Pack_SOC,Cell Low,Therm1_Val [°C],Therm1_LowVal [°C],Therm1_HighVal [°C],Therm2_Val [°C],Therm2_LowVal [°C],Therm2_HighVal [°C],Therm1_ID,Therm1_ModNum,AN3 [V],AN6 [V],VBAT [V],Int Temp [°C],CAN1 Load [%],CAN1 ERRORS [hex],CAN2 ERRORS [decimal],ALARMS1 [decimal],uFLAGS1 [decimal],RTD,Energized,LV Low,Motor Temp High,MC Temp High,Logging,TSB Temp,Stop Logging,WATER T ALM
21:30:30.025,731.9,21,315,30.1,5.1,0,50,46.9,0,0,1,49,48,3,0,0,0,0,0,0,0,4.5,12,190,1,39,39,19,38,19,39,39,38,39,-851583,8,4.863,0,13.743,38,0,32,0,0,35,1,1,0,0,0,1,0,0,0
21:30:30.125,730.2,21.1,316,26,5,0,50,46.9,0,0,1,49,49,3,0,0,0,0,0,0,0,3.9,12,190,1,39,39,19,38,19,39,39,38,39,-851583,8,4.863,0.015,13.743,38,0,32,0,0,35,1,1,0,0,0,1,0,0,0
21:30:30.225,740.9,21.4,315,30.6,5.4,0,50,46.9,0,0,1,51,48,3,0,0,0,0,0,0,0,4.5,12,190,1,39,39,19,39,19,39,39,38,39,-851583,8,4.863,0.015,13.736,38,0,32,0,0,35,1,1,0,0,0,1,0,0,0
21:30:30.325,741.3,21.3,314,34.7,5.7,0,50,46.9,0,0,1,54,49,3,0,0,0,0,0,0,0,5.1,12,190,1,39,39,19,39,19,39,39,38,39,-851583,8,4.863,0.015,13.75,38,0,32,0,0,35,1,1,0,0,0,1,0,0,0
21:30:30.425,745.2,21.4,315,33.5,6,0,50,46.9,0,0,1,51,51,3,0,0,0,0,0,0,0,5,12,190,1,39,39,19,39,19,39,39,38,39,-851583,8,4.863,0.015,13.764,38,0,32,0,0,35,1,1,0,0,0,1,0,0,0
21:30:30.525,763,22.3,315,38.2,6.5,0,50,46.9,0,0,1,51,49,3,0,0,0,0,0,0,0,6.3,12,190,1,39,39,19,39,19,39,39,38,39,-851583,8,4.863,0.015,13.757,38,0,32,0,0,35,1,1,0,0,0,1,0,0,0
21:30:30.625,753.6,21.6,315,37.7,6.9,0,50,47,0,0,1,50,49,3,0,0,0,0,0,0,0,5.9,12,190,1,39,39,19,39,19,39,39,38,39,-851583,8,4.863,0.015,13.757,38,0,32,0,0,35,1,1,0,0,0,1,0,0,0
21:30:30.725,760.1,21.9,315,35.4,6.4,0,50,47,0,0,1,51,50,3,0,0,0,0,0,0,0,5.6,12,190,1,39,39,19,39,19,39,39,38,39,-851583,8,4.863,0.015,13.764,38,0,32,0,0,35,1,1,0,0,0,1,0,0,0
21:30:30.825,769.3,21.9,314,40.3,6.6,0,50,47,0,0,1,50,50,3,0,0,0,0,0,0,0,6.1,12,190,1,39,39,19,39,19,39,39,38,39,-851583,8,4.863,0.015,13.757,38,0,32,0,0,35,1,1,0,0,0,1,0,0,0
21:30:30.925,776.8,22.2,315,28.8,4.9,0,50,47,0,0,1,50,49,3,0,0,0,0,0,0,0,4.4,12,190,1,39,39,19,39,19,39,39,38,39,-851583,8,4.863,0.015,13.757,38,0,32,0,0,35,1,1,0,0,0,1,0,0,0
21:30:31.025,781,21.9,314,30.5,5.6,0,50,47,0,0,1,50,49,3,0,0,0,0,0,0,0,4.7,12,190,1,39,39,19,38,19,39,39,38,39,-851583,8,4.863,0.015,13.764,38,0,32,0,0,35,1,1,0,0,0,1,0,0,0
21:30:31.125,782.2,22,315,28.8,4.4,0,50,47,0,0,1,50,49,3,0,0,0,0,0,0,0,4.5,12,190,1,39,39,19,39,19,39,39,38,39,-851583,8,4.863,0.015,13.784,38,0,32,0,0,35,1,1,0,0,0,1,0,0,0
21:30:31.225,783.9,22.3,315,28.6,5.1,0,50,47,0,0,1,50,49,3,0,0,0,0,0,0,0,4.4,12,190,1,39,39,19,39,19,39,39,38,39,-851583,8,4.863,0.015,13.791,38,0,32,0,0,35,1,1,0,0,0,1,0,0,0
21:30:31.325,781.8,22.2,315,29.4,5.3,0,50,47,0,0,1,49,49,3,0,0,0,0,0,0,0,4.5,12,190,1,39,39,19,39,19,39,39,38,39,-851583,8,4.863,0.015,13.764,38,0,32,0,0,35,1,1,0,0,0,1,0,0,0
21:30:31.425,797.8,23.9,314,49.7,9.7,0,50,47,0,0,1,50,49,3,0,0,0,0,0,0,0,8,12,190,1,39,39,19,38,19,39,39,38,39,-851583,8,4.863,0.015,13.777,38,0,32,0,0,35,1,1,0,0,0,1,0,0,0
21:30:31.525,797.9,23.1,315,45.4,8.1,0,50,47,0,0,1,49,49,3,0,0,0,0,0,0,0,7.4,12,190,1,39,39,19,39,19,39,39,38,39,-851583,8,4.863,0.015,13.777,38,0,32,0,0,35,1,1,0,0,0,1,0,0,0
21:30:31.625,813.6,23.4,314,48.7,9.5,0,50,47,0,0,1,50,49,3,0,0,0,0,0,0,0,8.2,12,190,1,39,39,19,39,19,39,38,38,39,-851583,8,4.863,0.015,13.777,38,0,32,0,0,35,1,1,0,0,0,1,0,0,0
21:30:31.725,814.2,23.1,314,51.8,9.6,0,50,47,0,0,1,50,49,3,0,0,0,0,0,0,0,8.1,12,190,1,39,39,19,38,19,39,39,38,39,-851583,8,4.863,0.015,13.791,38,0,32,0,0,35,1,1,0,0,0,1,0,0,0
21:30:31.825,831.6,25,313,61.9,11.4,0,50,47,0,0,1,49,49,3,0,0,0,0,0,0,0,9.8,12,190,1,39,39,19,39,19,39,38,38,39,-851583,8,4.863,0.015,13.777,38,0,32,0,0,35,1,1,0,0,0,1,0,0,0
21:30:31.925,844.4,24.4,313,66.6,12.9,0,50,47,0,0,1,49,48,3,0,0,0,0,0,0,0,11,12,190,1,39,39,19,38,19,39,39,38,39,-851583,8,4.863,0.015,13.784,38,0,32,0,0,35,1,1,0,0,0,1,0,0,0
21:30:32.025,856,24.8,314,61.3,12.4,0,50,47,0,0,1,50,49,3,0,0,0,0,0,0,0,11.1,12,190,1,39,39,19,39,19,39,38,38,39,-851583,8,4.863,0.015,13.777,38,0,32,0,0,35,1,1,0,0,0,1,0,0,0
21:30:32.125,872.8,24.8,314,66.5,14.1,0,49.9,47,0,0,1,50,49,3,0,0,0,0,0,0,0,11.8,12,190,1,39,39,19,39,19,39,38,38,39,-851583,8,4.863,0.015,13.777,38,0,32,0,0,35,1,1,0,0,0,1,0,0,0
21:30:32.225,887.9,25.9,312,79.6,16.6,0,49.8,47,0,0,1,50,49,3,0,0,0,0,0,0,0,14.7,12,190,1,39,39,19,38,19,39,38,38,39,-851583,8,4.863,0.015,13.764,38,0,32,0,0,35,1,1,0,0,0,1,0,0,0
21:30:32.325,905.1,26,313,75.6,15.4,0,49.6,47,0,0,1,49,49,3,0,0,0,0,0,0,0,13.9,12,190,1,39,39,19,39,19,39,39,38,39,-851583,8,4.863,0.015,13.805,38,0,32,0,0,35,1,1,0,0,0,1,0,0,0
21:30:32.425,920.5,26.5,312,73.1,14.7,0,49.3,47,0,0,1,49,49,2,0,0,0,0,0,0,0,13.2,12,190,1,39,39,19,19,19,39,38,38,39,-851583,8,4.863,0.015,13.825,38,0,32,0,0,35,1,1,0,0,0,1,0,0,0
21:30:32.525,938.8,27.4,312,85.6,18.6,0,49.1,47,0,0,1,49,48,403,0,0,0,0,0,0,0,15.5,12,190,1,39,39,19,38,19,39,39,38,39,-851583,8,4.863,0.015,13.812,38,0,32,0,0,35,1,1,0,0,0,1,0,0,0
21:30:32.625,958.8,27.9,311,84.4,18.6,0,49.1,47,0,0,1,49,49,39,0,0,0,0,0,0,0,16.1,12,190,1,39,39,19,38,19,39,39,38,39,-851583,8,4.863,0.015,13.832,38,0,32,0,0,35,1,1,0,0,0,1,0,0,0
21:30:32.725,974.7,27.8,312,89.9,19.4,0,49.1,47,0,0,1,49,49,48,0,0,0,0,0,0,0,16.6,12,190,1,39,39,19,38,19,39,39,38,39,-851583,8,4.863,0.015,13.812,38,0,32,0,0,35,1,1,0,0,0,1,0,0,0
21:30:32.825,995.4,28.2,311,86.3,20.3,0,49.1,47,0,0,1,50,49,31,0,0,0,0,0,0,0,17.6,12,190,1,39,39,19,37,19,39,39,38,39,-851583,8,4.863,0.015,13.818,38,0,32,0,0,35,1,1,0,0,0,1,0,0,0
21:30:32.925,1011.3,29,312,82,17.6,0,49.1,47,0,0,1,50,49,30,0,0,0,0,0,0,0,16.8,12,190,1,39,39,19,38,19,39,39,38,39,-851583,8,4.863,0.015,13.818,38,0,32,0,0,35,1,1,0,0,0,1,0,0,0
21:30:33.025,1033.5,29,311,88.8,21.2,0,49.1,46.9,0,0,1,49,48,35,0,0,0,0,0,0,0,18,12,190,1,39,39,19,38,19,39,39,38,39,-851583,8,4.863,0.015,13.812,38,0,32,0,0,35,1,1,0,0,0,1,0,0,0
21:30:33.125,1055,30.6,311,102.8,24.4,0,49.4,46.9,0,0,1,49,49,35,0,0,0,0,0,0,0,21.2,12,190,1,39,39,19,37,19,39,38,38,39,-851583,8,4.863,0.015,13.818,38,0,32,0,0,35,1,1,0,0,0,1,0,0,0
21:30:33.225,1076.2,30.7,311,102,23.8,0,49.4,46.9,0,0,1,49,49,28,0,0,0,0,0,0,0,21.6,12,190,1,39,39,19,39,19,39,38,38,39,-851583,8,4.863,0.015,13.825,38,0,32,0,0,35,1,1,0,0,0,1,0,0,0
21:30:33.325,1091.4,31.5,312,95.2,23.8,0,49.7,46.9,0,0,1,49,49,52,0,0,0,0,0,0,0,20.5,12,190,1,39,39,19,38,19,39,39,37,39,-851583,8,4.863,0.015,13.825,38,0,32,0,0,35,1,1,0,0,0,1,0,0,0
21:30:33.425,1110.9,31.3,310,96.3,22.6,0,49.9,46.9,0,0,1,49,48,38,0,0,0,0,0,0,0,21.2,12,190,1,39,39,19,39,19,39,38,38,39,-851583,8,4.863,0.015,13.818,38,0,32,0,0,35,1,1,0,0,0,1,0,0,0
21:30:33.525,1138,32.4,309,114.1,26.5,0,49.9,46.9,0,0,1,48,48,35,0,0,0,0,0,0,0,25.3,12,190,1,39,39,19,39,19,39,39,38,39,-851583,8,4.863,0.015,13.812,38,0,32,0,0,35,1,1,0,0,0,1,0,0,0
21:30:33.625,1166,33.2,309,123.2,31.2,0,49.9,46.9,0,0,1,49,49,22,0,0,0,0,0,0,0,28.2,12,190,1,39,39,19,39,19,39,39,38,39,-851583,8,4.863,0.015,13.832,38,0,32,0,0,35,1,1,0,0,0,1,0,0,0
21:30:33.725,1192.6,33.9,307,121.4,30,0,49.9,46.9,0,0,1,49,49,24,0,0,0,0,0,0,0,29.5,12,190,1,39,39,19,39,19,39,39,38,39,-851583,8,4.863,0.015,13.832,38,0,32,0,0,35,1,1,0,0,0,1,0,0,0
21:30:33.825,1227.3,35,308,122.5,30.7,0,49.9,46.9,0,0,1,50,49,21,0,0,0,0,0,0,0,28.8,12,190,1,39,39,19,38,19,39,39,38,39,-851583,8,4.863,0.015,13.812,38,0,32,0,0,35,1,1,0,0,0,1,0,0,0
21:30:33.925,1251.6,35.3,307,115,30.4,0,49.9,46.9,0,0,1,52,49,21,0,0,0,0,0,0,0,29.2,12,190,1,39,39,19,39,19,39,39,38,39,-851583,8,4.863,0.015,13.818,38,0,32,0,0,35,1,1,0,0,0,1,0,0,0
21:30:34.025,1279.6,36.7,308,114.2,31.3,0,49.9,46.9,0,0,1,52,49,32,0,0,0,0,0,0,0,29.1,12,190,1,39,39,19,39,19,39,39,38,39,-851583,8,4.863,0.015,13.812,38,0,32,0,0,35,1,1,0,0,0,1,0,0,0
21:30:34.125,1312.9,36.9,308,118.4,32.8,0,49.9,47,0,0,1,51,49,41,0,0,0,0,0,0,0,28,12,190,1,39,39,19,38,19,39,39,38,39,-851583,8,4.863,0.015,13.832,38,0,32,0,0,35,1,1,0,0,0,1,0,0,0
21:30:34.225,1339.7,36.9,307,115.3,31.3,0,49.9,47,0,0,1,50,49,50,0,0,0,0,0,0,0,29.7,12,190,1,39,39,19,39,19,39,39,38,39,-851583,8,4.863,0.015,13.832,38,0,32,0,0,35,1,1,0,0,0,1,0,0,0
21:30:34.325,1365.1,37.4,308,116,33.4,0,49.9,47,0,0,1,51,50,32,0,0,0,0,0,0,0,29.3,12,190,1,39,39,19,39,19,39,39,38,39,-851583,8,4.863,0.015,13.832,38,0,32,0,0,35,1,1,0,0,0,1,0,0,0
21:30:34.425,1391.6,39.1,308,107.8,31,0,49.9,46.9,0,0,1,51,49,98,0,0,0,0,0,0,0,29.9,12,190,1,39,39,19,38,19,39,38,38,39,-851583,8,4.863,0.015,13.805,38,0,16,0,0,35,1,1,0,0,0,1,0,0,0
21:30:34.525,1422,38.3,307,113.4,35,0,49.9,46.9,0,0,1,50,49,239,0,0,0,0,0,0,0,33.9,12,190,1,39,39,19,38,19,39,39,38,39,-851583,8,4.863,0.015,13.757,38,0,16,0,0,35,1,1,0,0,0,1,0,0,0
21:30:34.625,1443.2,38.7,308,97.9,29.6,0,49.9,46.9,0,0,1,50,49,2,0,0,0,0,0,0,0,27.3,12,190,1,39,39,19,39,19,39,38,38,39,-851583,8,4.863,0.015,13.784,38,0,16,0,0,35,1,1,0,0,0,1,0,0,0
21:30:34.725,1469.3,39.5,307,113,34.1,0,49.9,46.9,0,0,1,50,49,2,0,0,0,0,0,0,0,29,12,190,1,39,39,19,39,19,39,39,38,39,-851583,8,4.863,0.015,13.798,38,0,16,0,0,35,1,1,0,0,0,1,0,0,0
21:30:34.825,1484.4,38.3,308,89.6,27.5,0,49.9,46.9,0,0,1,50,49,3,0,0,0,0,0,0,0,26.2,12,190,1,39,39,19,38,19,39,39,38,39,-851583,8,4.863,0.015,13.798,38,0,16,0,0,35,1,1,0,0,0,1,0,0,0
21:30:34.925,1493,37.4,309,75.1,22.8,0,49.9,47,0,0,1,50,49,2,0,0,0,0,0,0,0,18.9,12,190,1,39,39,19,38,19,39,39,38,39,-851583,8,4.863,0.015,13.771,38,0,16,0,0,35,1,1,0,0,0,1,0,0,0
21:30:35.025,1502.2,36.9,312,50,15.6,0,49.9,47,0,0,1,50,49,3,0,0,0,0,0,0,0,14.1,12,190,1,39,39,19,39,19,39,39,38,39,-851583,8,4.863,0.015,13.791,38,0,16,0,0,35,1,1,0,0,0,1,0,0,0
21:30:35.125,1494.9,36.4,313,37.3,11.9,0,49.9,47,0,0,1,49,48,3,0,0,0,0,0,0,0,6.9,12,190,1,39,39,19,39,19,39,39,38,39,-851583,8,4.863,0.015,13.798,38,0,16,0,0,35,1,1,0,0,0,1,0,0,0
21:30:35.225,1497.4,29.3,317,-2.1,0,0,49.9,47,0,0,1,50,50,3,0,0,0,0,0,0,0,-0.6,12,190,1,39,39,19,39,19,39,39,38,39,-851583,8,4.863,0.015,13.805,38,0,16,0,0,35,1,1,0,0,0,1,0,0,0
21:30:35.325,1484.4,28.9,316,0,0,0,49.9,47,0,0,1,49,49,3,0,0,0,0,0,0,0,0,12,190,1,39,39,19,39,19,39,39,38,39,-851583,8,4.863,0.015,13.818,38,0,16,0,0,35,1,1,0,0,0,1,0,0,0
21:30:35.425,1469.7,29.5,317,0,0,0,49.9,47,0,0,1,49,49,3,0,0,0,0,0,0,0,0,12,190,1,39,39,19,39,19,39,39,38,39,-851583,8,4.863,0.015,13.832,38,0,32,0,0,35,1,1,0,0,0,1,0,0,0
21:30:35.525,1461.5,27.9,316,0,0,0,49.9,47,0,0,1,50,50,3,0,0,0,0,0,0,0,0,12,190,1,39,39,19,39,19,39,39,38,39,-851583,8,4.863,0.015,13.859,38,0,32,0,0,35,1,1,0,0,0,1,0,0,0
21:30:35.625,1434.9,27.9,317,0,0,0,49.9,47,0,0,1,50,48,3,0,0,0,0,0,0,0,0,12,190,1,39,39,19,39,19,39,39,38,39,-851583,8,4.863,0.015,13.859,38,0,32,0,0,35,1,1,0,0,0,1,0,0,0
21:30:35.725,1436.9,28.4,317,0,0,0,49.9,47,0,0,1,49,49,3,0,0,0,0,0,0,0,0,12,190,1,39,39,19,38,19,39,39,38,39,-851583,8,4.863,0.015,13.859,38,0,32,0,0,35,1,1,0,0,0,1,0,0,0
21:30:35.825,1406.1,26.9,318,0,0,0,49.9,47,0,0,1,50,49,2,0,0,0,0,0,0,0,0,12,190,1,39,39,19,38,19,39,39,38,39,-851583,8,4.863,0.015,13.839,38,0,32,0,0,35,1,1,0,0,0,1,0,0,0
21:30:35.925,1381,26.8,318,0,0,0,49.9,47,0,0,1,50,49,2,0,0,0,0,0,0,0,0,12,190,1,39,39,19,39,19,39,39,38,39,-851583,8,4.863,0.015,13.839,38,0,32,0,0,35,1,1,0,0,0,1,0,0,0
21:30:36.025,1370.7,27,317,0,0,0,49.9,47,0,0,1,50,48,2,0,0,0,0,0,0,0,0,12,190,1,39,39,19,38,19,39,39,38,39,-851583,8,4.863,0.015,13.846,38,0,32,0,0,35,1,1,0,0,0,1,0,0,0
21:30:36.125,1346.6,26.7,317,0,0,0,49.9,47,0,0,1,49,49,2,0,0,0,0,0,0,0,0,12,190,1,39,39,19,38,19,39,39,38,39,-851583,8,4.863,0.015,13.825,38,0,32,0,0,35,1,1,0,0,0,1,0,0,0
21:30:36.225,1329.5,26.4,316,0,0,0,49.9,47,0,0,1,49,49,3,0,0,0,0,0,0,0,0,12,190,1,39,39,19,39,19,39,39,38,39,-851583,8,4.863,0.015,13.818,38,0,32,0,0,35,1,1,0,0,0,1,0,0,0
21:30:36.325,1302.2,26,316,1.5,0.2,0,49.9,47,0,0,1,49,48,3,0,0,0,0,0,0,0,0.2,12,190,1,39,39,19,39,19,39,39,38,39,-851583,8,4.863,0.015,13.764,38,0,32,0,0,35,1,1,0,0,0,1,0,0,0
21:30:36.425,1286.7,29.9,316,9.1,2,0,49,47,0,0,1,48,48,3,0,0,0,0,0,0,0,1.7,12,190,1,39,39,19,39,19,39,39,38,39,-851583,8,4.863,0.015,13.75,38,0,32,0,0,35,1,1,0,0,0,1,0,0,0
21:30:36.525,1282.6,32.7,315,27.2,7,0,49,47,0,0,1,49,48,3,0,0,0,0,0,0,0,4.9,12,190,1,39,39,19,39,19,39,39,38,39,-851583,8,4.863,0.015,13.757,38,0,32,0,0,35,1,1,0,0,0,1,0,0,0
21:30:36.625,1269.3,32.8,313,45.7,11.1,0,49,47,0,0,1,49,49,3,0,0,0,0,0,0,0,11.2,12,190,1,39,39,19,39,19,39,39,38,39,-851583,8,4.863,0.015,13.75,38,0,32,0,0,35,1,1,0,0,0,1,0,0,0
21:30:36.725,1277.8,33.8,312,62.5,14.9,0,49,47,0,0,1,50,49,3,0,0,0,0,0,0,0,14.2,12,190,1,39,39,19,39,19,39,39,38,39,-851583,8,4.863,0.015,13.736,38,0,32,0,0,35,1,1,0,0,0,1,0,0,0
21:30:36.825,1263.9,32.8,313,48.6,12.2,0,49,47,0,0,1,50,49,3,0,0,0,0,0,0,0,11.7,12,190,1,39,39,19,39,19,39,39,38,39,-851583,8,4.863,0.015,13.736,38,0,32,0,0,35,1,1,0,0,0,1,0,0,0
21:30:36.925,1257.2,32.7,312,48.7,12.9,0,49,47,0,0,1,50,49,3,0,0,0,0,0,0,0,10.5,12,190,1,39,39,19,39,19,39,39,38,39,-851583,8,4.863,0.015,13.743,38,0,32,0,0,35,1,1,0,0,0,1,0,0,0
21:30:37.025,1253.4,32.1,312,58.1,15.1,0,49,47,0,0,1,49,49,3,0,0,0,0,0,0,0,12.9,12,190,1,39,39,19,38,19,39,39,38,39,-851583,8,4.863,0.015,13.757,38,0,32,0,0,35,1,1,0,0,0,1,0,0,0
21:30:37.125,1250.5,33.1,312,58.3,15.2,0,49,47,0,0,1,49,48,3,0,0,0,0,0,0,0,12.1,12,190,1,39,39,19,39,19,39,38,38,39,-851583,8,4.863,0.015,13.771,38,0,32,0,0,35,1,1,0,0,0,1,0,0,0
21:30:37.225,1256.8,34.1,310,89.8,23.8,0,49,46.9,0,0,1,50,49,3,0,0,0,0,0,0,0,23,12,190,1,39,39,19,39,19,39,39,38,39,-851583,8,4.863,0.015,13.75,38,0,32,0,0,35,1,1,0,0,0,1,0,0,0
21:30:37.325,1267.1,35.1,310,96.8,25.4,0,49,46.9,0,0,1,49,48,3,0,0,0,0,0,0,0,25,12,190,1,39,39,19,39,19,39,38,38,39,-851583,8,4.863,0.015,13.729,38,0,32,0,0,35,1,1,0,0,0,1,0,0,0
21:30:37.425,1276.1,35.7,308,109.8,30.4,0,49,46.9,0,0,1,50,48,3,0,0,0,0,0,0,0,26.8,12,190,1,39,39,19,38,19,39,39,38,39,-851583,8,4.863,0.015,13.723,38,0,19,0,0,35,1,1,0,0,0,1,0,0,0
21:30:37.525,1318.3,36.8,307,130.2,35,0,49,46.9,0,0,1,50,49,3,0,0,0,0,0,0,0,32.4,12,190,1,39,39,19,39,19,39,38,38,39,-851583,8,4.863,0.015,13.702,38,0,19,0,0,35,1,1,0,0,0,1,0,0,0
21:30:37.625,1307.4,36.4,308,117.2,30.1,0,49,46.9,0,0,1,50,49,3,0,0,0,0,0,0,0,28.6,12,190,1,39,39,19,39,19,39,38,38,39,-851583,8,4.863,0.015,13.702,38,0,19,0,0,35,1,1,0,0,0,1,0,0,0
21:30:37.725,1314,36.8,307,116,34.6,0,49,46.9,0,0,1,52,48,3,0,0,0,0,0,0,0,26.3,12,190,1,39,39,19,38,19,39,38,38,39,-851583,8,4.863,0.015,13.695,38,0,19,0,0,35,1,1,0,0,0,1,0,0,0
21:30:37.825,1351.1,37.8,308,119.8,34.3,0,49,46.8,0,0,1,50,49,3,0,0,0,0,0,0,0,32,12,190,1,39,39,19,39,19,39,39,38,39,-851583,8,4.863,0.015,13.675,38,0,19,0,0,35,1,1,0,0,0,1,0,0,0
21:30:37.925,1379.7,38.3,307,122.6,34.6,0,49,46.9,0,0,1,51,49,3,0,0,0,0,0,0,0,31.6,12,190,1,39,39,19,38,19,39,38,38,39,-851583,8,4.863,0.015,13.709,38,0,19,0,0,35,1,1,0,0,0,1,0,0,0
21:30:38.025,1402.6,39,307,107.9,32.3,0,49,46.9,0,0,1,51,49,3,0,0,0,0,0,0,0,29.2,12,190,1,39,39,19,39,19,39,39,38,39,-851583,8,4.863,0.015,13.729,38,0,19,0,0,35,1,1,0,0,0,1,0,0,0
21:30:38.125,1434,39.3,308,111.4,31.9,0,49,46.9,0,0,1,50,49,3,0,0,0,0,0,0,0,32,12,190,1,39,39,19,39,19,39,39,38,39,-851583,8,4.863,0.015,13.757,38,0,19,0,0,35,1,1,0,0,0,1,0,0,0
21:30:38.225,1460.1,39.9,307,110.2,33.7,0,49,46.9,0,0,1,50,49,3,0,0,0,0,0,0,0,30.9,12,190,1,39,39,19,38,19,39,39,38,39,-851583,8,4.863,0.015,13.75,37,0,19,0,0,35,1,1,0,0,0,1,0,0,0
21:30:38.325,1489.7,41.2,305,123.8,38.8,0,49,46.9,0,0,1,50,49,3,0,0,0,0,0,0,0,36.1,12,190,1,39,39,19,39,19,39,39,38,39,-851583,8,4.863,0.015,13.709,38,0,19,0,0,35,1,1,0,0,0,1,0,0,0
21:30:38.425,1523,42,306,125.9,37,0,49.1,46.9,0,0,1,50,49,3,0,0,0,0,0,0,0,35.2,12,190,1,39,39,19,19,19,39,39,38,39,-851583,8,4.863,0.015,13.716,38,0,32,0,0,35,1,1,0,0,0,1,0,0,0
21:30:38.525,1546.4,42.3,306,115.6,34,0,49.9,46.9,0,0,1,50,50,3,0,0,0,0,0,0,0,36.7,12,190,1,39,39,19,38,19,39,39,38,39,-851583,8,4.863,0.015,13.723,38,0,32,0,0,35,1,1,0,0,0,1,0,0,0
21:30:38.625,1573.8,43.4,306,116.4,37.6,0,49.9,46.9,0,0,1,50,50,3,0,0,0,0,0,0,0,33.7,12,190,1,39,39,19,38,19,39,38,38,39,-851583,8,4.863,0.015,13.716,38,0,32,0,0,35,1,1,0,0,0,1,0,0,0
21:30:38.725,1603.7,43.6,305,119.3,38.9,0,49.9,46.9,0,0,1,50,49,3,0,0,0,0,0,0,0,35,12,190,1,39,39,19,38,19,39,38,38,39,-851583,8,4.863,0.015,13.75,38,0,32,0,0,35,1,1,0,0,0,1,0,0,0
21:30:38.825,1635.3,44.4,305,102.6,33.9,0,49.9,46.9,0,0,1,50,49,3,0,0,0,0,0,0,0,34.1,12,190,1,39,39,19,37,19,39,39,38,39,-851583,8,4.863,0.015,13.729,38,0,32,0,0,35,1,1,0,0,0,1,0,0,0
21:30:38.925,1667.4,45.5,304,126.7,43,0,49.9,46.9,0,0,1,50,49,3,0,0,0,0,0,0,0,38.4,12,190,1,39,39,19,38,19,39,38,38,39,-851583,8,4.863,0.015,13.729,38,0,32,0,0,35,1,1,0,0,0,1,0,0,0
21:30:39.025,1685.5,46.2,305,120.5,41.5,0,49.9,46.9,0,0,1,49,48,3,0,0,0,0,0,0,0,36.1,11,190,1,39,39,19,38,19,39,39,38,39,-851583,8,4.863,0.015,13.764,38,0,32,0,0,35,1,1,0,0,0,1,0,0,0
21:30:39.125,1719.5,48.5,301,141.8,44.7,0,49.9,46.9,0,0,1,50,50,3,0,0,0,0,0,0,0,48.9,11,190,1,39,39,19,37,19,39,39,38,39,-851583,8,4.863,0.015,13.736,38,0,32,0,0,35,1,1,0,0,0,1,0,0,0
21:30:39.225,1754.7,49.3,302,152.7,45.8,0,49.9,46.9,0,0,1,49,48,3,0,0,0,0,0,0,0,50.2,11,190,1,39,39,19,39,19,39,39,38,39,-851583,8,4.863,0.015,13.75,38,0,32,0,0,35,1,1,0,0,0,1,0,0,0
21:30:39.325,1804.9,53.4,298,186.9,56.2,0,49.9,46.8,0,0,1,49,49,3,0,0,0,0,0,0,0,61.7,11,190,1,39,39,19,38,19,39,39,38,39,-851583,8,4.863,0.015,13.736,38,0,32,0,0,35,1,1,0,0,0,1,0,0,0
21:30:39.425,1840.9,54.3,300,177.8,57.3,0,49.9,46.9,0,0,1,49,49,3,0,0,0,0,0,0,0,63.6,11,190,1,39,39,19,39,19,39,39,38,39,-851583,8,4.863,0.015,13.736,38,0,32,0,0,35,1,1,0,0,0,1,0,0,0
21:30:39.525,1897.6,56.3,295,194.1,72.4,0,49.9,46.8,0,0,1,49,48,3,0,0,0,0,0,0,0,63.2,11,190,1,39,39,19,39,19,39,39,38,39,-851583,8,4.863,0.015,13.729,38,0,32,0,0,35,1,1,0,0,0,1,0,0,0
21:30:39.625,1937.5,57,293,191.7,68.2,0,49.9,46.8,0,0,1,49,49,3,0,0,0,0,0,0,0,72.8,11,190,1,39,39,19,39,19,39,39,38,39,-851583,8,4.863,0.015,13.75,38,0,32,0,0,35,1,1,0,0,0,1,0,0,0
21:30:39.725,1996.4,59.1,295,203,66.5,0,49.9,46.8,0,0,1,49,49,3,0,0,0,0,0,0,0,70,11,190,1,39,39,19,39,19,39,39,38,39,-851583,8,4.863,0.015,13.777,38,0,32,0,0,35,1,1,0,0,0,1,0,0,0
21:30:39.825,2045.1,59.8,295,191.2,70.6,0,49.9,46.9,0,0,1,49,48,3,0,0,0,0,0,0,0,68.1,11,190,1,39,39,19,38,19,39,39,38,39,-851583,8,4.863,0.015,13.764,38,0,32,0,0,35,1,1,0,0,0,1,0,0,0
21:30:39.925,2101.3,61.4,294,189.3,70.4,0,49.9,46.8,0,0,1,49,49,3,0,0,0,0,0,0,0,74.7,11,190,1,39,39,19,39,19,39,38,38,39,-851583,8,4.863,0.015,13.771,38,0,32,0,0,35,1,1,0,0,0,1,0,0,0
21:30:40.025,2148.1,62.8,292,202,77.9,0,49.9,46.9,0,0,1,48,48,3,0,0,0,0,0,0,0,78.4,11,190,1,39,39,19,39,19,39,39,38,39,-851583,8,4.863,0.015,13.743,38,0,32,0,0,35,1,1,0,0,0,1,0,0,0
21:30:40.125,2199.1,66.1,292,204.6,81.5,0,49.9,46.8,0,0,1,49,48,3,0,0,0,0,0,0,0,82.6,11,190,1,39,39,19,38,19,39,38,38,39,-851583,8,4.863,0.015,13.771,38,0,32,0,0,35,1,1,0,0,0,1,0,0,0
21:30:40.225,2247.1,66,293,190.8,79,0,49.9,46.9,0,0,1,50,49,3,0,0,0,0,0,0,0,80.1,11,190,1,39,39,19,39,19,39,39,38,39,-851583,8,4.863,0.015,13.771,38,0,32,0,0,35,1,1,0,0,0,1,0,0,0
21:30:40.325,2290.8,57.4,296,138.5,60.8,0,49.9,46.9,0,0,1,48,49,3,0,0,0,0,0,0,0,66.4,11,190,1,39,39,19,39,19,39,39,38,39,-851583,8,4.863,0.015,13.771,38,0,32,0,0,35,1,1,0,0,0,1,0,0,0
21:30:40.425,2275.5,37.1,310,32.6,19.5,0,49.9,46.9,0,0,1,49,48,3,0,0,0,0,0,0,0,12.5,11,190,1,39,39,19,38,19,39,39,38,39,-851583,8,4.863,0.015,13.777,38,0,32,0,0,35,1,1,0,0,0,1,0,0,0
21:30:40.525,2192.8,44.1,316,-3.5,0,0,49.9,46.9,0,0,1,49,48,3,0,0,0,0,0,0,0,0,11,190,1,39,39,19,38,19,39,39,38,39,-851583,8,4.863,0.015,13.777,38,0,32,0,0,35,1,1,0,0,0,1,0,0,0
21:30:40.625,2216,45.3,315,1.6,0,0,50.3,46.9,0,0,1,48,49,3,0,0,0,0,0,0,0,0,11,190,1,39,39,19,39,19,39,39,38,39,-851583,8,4.863,0.015,13.771,38,0,32,0,0,35,1,1,0,0,0,1,0,0,0
21:30:40.725,2184.5,43.8,316,0,0,0,50.9,47.2,0,0,1,49,49,3,0,0,0,0,0,0,0,0,11,190,1,39,39,19,39,19,39,39,38,39,-851583,8,4.863,0.015,13.812,38,0,32,0,0,35,1,1,0,0,0,1,0,0,0
21:30:40.825,2135.5,41.8,316,0,0,0,50.9,47,0,0,1,49,49,3,0,0,0,0,0,0,0,0,12,190,1,39,39,19,38,19,39,39,38,39,-851583,8,4.863,0.015,13.818,38,0,32,0,0,35,1,1,0,0,0,1,0,0,0
21:30:40.925,2071.1,40.7,315,0,0,0,50.9,47.2,0,0,1,48,48,3,0,0,0,0,0,0,0,0,12,190,1,39,39,19,38,19,39,39,38,39,-851583,8,4.863,0.015,13.812,38,0,32,0,0,35,1,1,0,0,0,1,0,0,0
21:30:41.025,1983.1,38.6,315,0,0,0,50.6,47.2,0,0,1,49,49,3,0,0,0,0,0,0,0,0,12,190,1,39,39,19,39,19,39,39,38,39,-851583,8,4.863,0.015,13.791,38,0,32,0,0,35,1,1,0,0,0,1,0,0,0
21:30:41.125,1936,37.1,318,0,0,0,50,47.1,0,0,1,48,48,3,0,0,0,0,0,0,0,0,12,190,1,39,39,19,39,19,39,39,38,39,-851583,8,4.863,0.015,13.805,38,0,32,0,0,35,1,1,0,0,0,1,0,0,0
21:30:41.225,1854.9,36.1,315,0,0,0,50,47.2,0,0,1,49,48,3,0,0,0,0,0,0,0,0,12,190,1,39,39,19,39,19,39,39,38,39,-851583,8,4.863,0.015,13.791,38,0,32,0,0,35,1,1,0,0,0,1,0,0,0
21:30:41.325,1801.2,36.5,315,3.2,0.3,0,50,47,0,0,1,49,49,3,0,0,0,0,0,0,0,0.3,12,190,1,39,39,19,39,19,39,39,38,39,-851583,8,4.863,0.015,13.771,38,0,32,0,0,35,1,1,0,0,0,1,0,0,0
21:30:41.425,1726.5,28.6,316,0,0,0,50,47,0,0,1,49,48,3,0,0,0,0,0,0,0,-1,12,190,1,39,39,19,39,19,39,39,38,39,-851583,8,4.863,0.015,13.757,38,0,32,0,0,35,1,1,0,0,0,1,0,0,0
21:30:41.525,1613.8,35.4,313,10.2,2.5,0,50,47,0,0,1,52,49,4,0,0,0,0,0,0,0,2.2,12,190,1,39,39,19,39,19,39,39,38,39,-851583,8,4.863,0.015,13.75,38,0,32,0,0,35,1,1,0,0,0,1,0,0,0
21:30:41.625,1569,37.8,313,23.7,5.6,0,50,47,0,0,1,51,49,3,0,0,0,0,0,0,0,6,12,190,1,39,39,19,39,19,39,39,38,39,-851583,8,4.863,0.015,13.743,38,0,32,0,0,35,1,1,0,0,0,1,0,0,0
21:30:41.725,1589.2,40.1,312,46,14.1,0,50,47,0,0,1,51,50,3,0,0,0,0,0,0,0,11.5,12,190,1,39,39,19,38,19,39,39,38,39,-851583,8,4.863,0.015,13.743,38,0,32,0,0,35,1,1,0,0,0,1,0,0,0
21:30:41.825,1563.5,40.7,308,74.2,22.1,0,50,47,0,0,1,51,49,4,0,0,0,0,0,0,0,21.2,12,190,1,39,39,19,38,19,39,39,38,39,-851583,8,4.863,0.015,13.764,38,0,32,0,0,35,1,1,0,0,0,1,0,0,0
21:30:41.925,1572.3,42.7,308,102.1,31.6,0,50,47,0,0,1,50,49,3,0,0,0,0,0,0,0,31.8,12,190,1,39,39,19,39,19,39,39,38,39,-851583,8,4.863,0.015,13.75,38,0,32,0,0,35,1,1,0,0,0,1,0,0,0
21:30:42.025,1576.5,42.2,306,101.7,31.8,0,50,46.9,0,0,1,51,49,4,0,0,0,0,0,0,0,32.2,12,190,1,39,39,19,38,19,39,39,38,39,-851583,8,4.863,0.015,13.757,38,0,32,0,0,35,1,1,0,0,0,1,0,0,0
21:30:42.125,1590.6,43.4,306,117.3,36.1,0,50,46.9,0,0,1,50,50,3,0,0,0,0,0,0,0,31.4,12,190,1,39,39,19,38,19,39,39,38,39,-851583,8,4.863,0.015,13.757,38,0,32,0,0,35,1,1,0,0,0,1,0,0,0
21:30:42.225,1614.1,43,307,102.6,34.2,0,50,46.9,0,0,1,49,48,4,0,0,0,0,0,0,0,32.6,12,190,1,39,39,19,39,19,39,39,38,39,-851583,8,4.863,0.015,13.771,38,0,32,0,0,35,1,1,0,0,0,1,0,0,0
21:30:42.325,1639,44,306,100.1,33,0,50,47,0,0,1,50,49,3,0,0,0,0,0,0,0,32,12,190,1,39,39,19,39,19,39,39,38,39,-851583,8,4.863,0.015,13.757,38,0,32,0,0,35,1,1,0,0,0,1,0,0,0
21:30:42.425,1665.2,43.9,305,106.5,36,0,50,47,0,0,1,50,49,3,0,0,0,0,0,0,0,34.4,12,190,1,39,39,19,39,19,39,39,38,39,-851583,8,4.863,0.015,13.736,38,0,32,0,0,35,1,1,0,0,0,1,0,0,0
21:30:42.525,1694.7,46.1,304,116.5,38.2,0,50,47,0,0,1,49,49,3,0,0,0,0,0,0,0,32.9,12,190,1,39,39,19,39,19,39,39,38,39,-851583,8,4.863,0.015,13.743,38,0,32,0,0,35,1,1,0,0,0,1,0,0,0
21:30:42.625,1739.8,48.2,304,110.5,40.4,0,50,47,0,0,1,49,49,3,0,0,0,0,0,0,0,35.2,12,190,1,39,39,19,39,19,39,38,38,39,-851583,8,4.863,0.015,13.743,38,0,32,0,0,35,1,1,0,0,0,1,0,0,0
21:30:42.725,1773.2,50.9,302,133.3,46.2,0,50,47,0,0,1,49,49,4,0,0,0,0,0,0,0,46.3,11,190,1,39,39,19,39,19,39,39,38,39,-851583,8,4.863,0.015,13.743,38,0,32,0,0,35,1,1,0,0,0,1,0,0,0
21:30:42.825,1799.4,50.4,303,142.2,48.1,0,50,47,0,0,1,49,48,4,0,0,0,0,0,0,0,48.5,11,190,1,39,39,19,39,19,39,38,38,39,-851583,8,4.863,0.015,13.723,38,0,32,0,0,35,1,1,0,0,0,1,0,0,0
21:30:42.925,1841.4,51.2,304,114.6,43.8,0,50,47,0,0,1,50,49,4,0,0,0,0,0,0,0,39.7,11,190,1,39,39,19,39,19,39,39,38,39,-851583,8,4.863,0.015,13.695,38,0,32,0,0,35,1,1,0,0,0,1,0,0,0
21:30:43.025,1873.7,52.4,301,150.8,50.4,0,50,47,0,0,1,49,49,4,0,0,0,0,0,0,0,50.2,12,190,1,39,39,19,39,19,39,39,38,39,-851583,8,4.863,0.015,13.729,38,0,32,0,0,35,1,1,0,0,0,1,0,0,0
21:30:43.125,1877.8,51.3,299,146.6,53.2,0,50,47,0,0,1,49,49,4,0,0,0,0,0,0,0,50.4,12,190,1,39,39,19,39,19,39,38,38,39,-851583,8,4.863,0.015,13.723,38,0,32,0,0,35,1,1,0,0,0,1,0,0,0
21:30:43.225,1950.9,56.2,300,153,54.2,0,50,47,0,0,1,49,49,3,0,0,0,0,0,0,0,55.9,12,190,1,39,39,19,39,19,39,38,38,39,-851583,8,4.863,0.015,13.723,38,0,32,0,0,35,1,1,0,0,0,1,0,0,0
21:30:43.325,1998,58.9,295,188.7,70.3,0,50,47.1,0,0,1,49,49,4,0,0,0,0,0,0,0,67.3,12,190,1,39,39,19,39,19,39,39,38,39,-851583,8,4.863,0.015,13.702,38,0,32,0,0,35,1,1,0,0,0,1,0,0,0
21:30:43.425,2040.1,61.1,293,210.2,74.5,0,50,47,0,0,1,49,49,4,0,0,0,0,0,0,0,81.4,11,190,1,39,39,19,38,19,39,38,38,39,-851583,8,4.863,0.015,13.709,38,0,32,0,0,35,1,1,0,0,0,1,0,0,0
21:30:43.525,2079.5,60.4,290,209.7,74.9,0,50,47.2,0,0,1,49,49,4,0,0,0,0,0,0,0,78.8,11,190,1,39,39,19,39,19,39,39,38,39,-851583,8,4.863,0.015,13.688,38,0,32,0,0,35,1,1,0,0,0,1,0,0,0
21:30:43.625,2079.6,60.4,293,197,74.8,0,50.8,47,0,0,1,49,49,4,0,0,0,0,0,0,0,73.9,11,190,1,39,39,19,39,19,39,39,38,39,-851583,8,4.863,0.015,13.682,38,0,32,0,0,35,1,1,0,0,0,1,0,0,0
21:30:43.725,2113.5,62.3,293,200,66.7,0,50.9,47,0,0,1,49,49,4,0,0,0,0,0,0,0,77.5,11,190,1,39,39,19,38,19,39,39,38,39,-851583,8,4.863,0.015,13.695,38,0,32,0,0,35,1,1,0,0,0,1,0,0,0
21:30:43.825,2147.5,61.4,292,194.5,74.7,0,50.9,47,0,0,1,48,48,4,0,0,0,0,0,0,0,79.9,11,190,1,39,39,19,39,19,39,39,38,39,-851583,8,4.863,0.015,13.682,38,0,32,0,0,35,1,1,0,0,0,1,0,0,0
21:30:43.925,2182.2,58.2,297,140,55.4,0,50.9,47,0,0,1,49,49,4,0,0,0,0,0,0,0,63.2,11,190,1,39,39,19,38,19,39,39,38,39,-851583,8,4.863,0.015,13.695,38,0,32,0,0,35,1,1,0,0,0,1,0,0,0
21:30:44.025,2197.5,55,301,111.7,47.7,0,50.9,47,0,0,1,49,49,4,0,0,0,0,0,0,0,46.7,11,190,1,39,39,19,39,19,39,39,38,39,-851583,8,4.863,0.015,13.702,38,0,32,0,0,35,1,1,0,0,0,1,0,0,0
21:30:44.125,2212,53.3,304,85.5,36.9,0,50.9,47,0,0,1,48,48,4,0,0,0,0,0,0,0,30.7,11,190,1,39,39,19,39,19,39,38,38,39,-851583,8,4.863,0.015,13.702,38,0,32,0,0,35,1,1,0,0,0,1,0,0,0
21:30:44.225,2224.7,57.1,306,75.7,30.8,0,50.9,47,0,0,1,48,48,4,0,0,0,0,0,0,0,31.8,11,190,1,39,39,19,38,19,39,38,38,39,-851583,8,4.863,0.015,13.716,38,0,32,0,0,35,1,1,0,0,0,1,0,0,0
21:30:44.325,2250.7,58.3,302,104.6,42,0,50.9,47,0,0,1,50,48,4,0,0,0,0,0,0,0,40.5,11,190,1,39,39,19,39,19,39,39,38,39,-851583,8,4.863,0.015,13.702,38,0,32,0,0,35,1,1,0,0,0,1,0,0,0
21:30:44.425,2273.9,56.6,304,84.7,38.2,0,50.9,47,0,0,1,49,49,4,0,0,0,0,0,0,0,37.3,11,190,1,39,39,19,19,19,39,38,38,39,-851583,8,4.863,0.015,13.729,38,0,32,0,0,35,1,1,0,0,0,1,0,0,0
21:30:44.525,2266.8,51.3,307,60.6,26.7,0,50.9,47,0,0,1,49,49,4,0,0,0,0,0,0,0,23.3,12,190,1,39,39,19,38,19,39,39,38,39,-851583,8,4.863,0.015,13.736,38,0,32,0,0,35,1,1,0,0,0,1,0,0,0
21:30:44.625,2259.4,54.1,309,49.1,21.6,0,50.9,47,0,0,1,49,49,3,0,0,0,0,0,0,0,16,12,190,1,39,39,19,38,19,39,39,38,39,-851583,8,4.863,0.015,13.729,38,0,32,0,0,35,1,1,0,0,0,1,0,0,0
21:30:44.725,2269.9,54.4,308,53.7,21.2,0,50.9,47,0,0,1,48,48,4,0,0,0,0,0,0,0,22,12,190,1,39,39,19,38,19,39,39,38,39,-851583,8,4.863,0.015,13.764,38,0,32,0,0,35,1,1,0,0,0,1,0,0,0
21:30:44.825,2221.1,47.8,312,24.9,12.3,0,50.9,47,0,0,1,49,48,3,0,0,0,0,0,0,0,8.6,12,190,1,39,39,19,38,19,39,39,38,39,-851583,8,4.863,0.015,13.75,38,0,32,0,0,35,1,1,0,0,0,1,0,0,0
21:30:44.925,2181.2,46.2,313,14,6.3,0,50.9,47,0,0,1,48,49,3,0,0,0,0,0,0,0,3.4,12,190,1,39,39,19,38,19,39,39,38,39,-851583,8,4.863,0.015,13.743,38,0,32,0,0,35,1,1,0,0,0,1,0,0,0
21:30:45.025,2114.6,46,312,13.8,5,0,50.9,47,0,0,1,48,48,3,0,0,0,0,0,0,0,4.5,12,190,1,39,39,19,38,19,39,39,38,39,-851583,8,4.863,0.015,13.764,38,0,32,0,0,35,1,1,0,0,0,1,0,0,0
21:30:45.125,2041.1,45.3,313,12.5,4.2,0,50.9,47,0,0,1,48,49,4,0,0,0,0,0,0,0,3.7,12,190,1,39,39,19,37,19,39,39,38,39,-851583,8,4.863,0.015,13.757,38,0,32,0,0,35,1,1,0,0,0,1,0,0,0
21:30:45.225,1982.6,43.8,313,13.5,5.5,0,50.9,47,0,0,1,52,49,4,0,0,0,0,0,0,0,5.2,12,190,1,39,39,19,39,19,39,39,38,39,-851583,8,4.863,0.015,13.764,38,0,32,0,0,35,1,1,0,0,0,1,0,0,0
21:30:45.325,1860.3,42.2,314,12.9,3.9,0,50.9,47,0,0,1,51,49,4,0,0,0,0,0,0,0,4.9,12,190,1,39,39,19,38,19,39,39,38,39,-851583,8,4.863,0.015,13.75,38,0,32,0,0,35,1,1,0,0,0,1,0,0,0
21:30:45.425,1944.2,42.2,315,11,3.8,0,50.9,47,0,0,1,50,49,4,0,0,0,0,0,0,0,3,12,190,1,39,39,19,39,19,39,39,38,39,-851583,8,4.863,0.015,13.743,38,0,16,0,0,35,1,1,0,0,0,1,0,0,0
21:30:45.525,1919.6,42.4,314,10.4,2.7,0,50.9,47,0,0,1,50,49,4,0,0,0,0,0,0,0,3.1,12,190,1,39,39,19,39,19,39,39,38,39,-851583,8,4.863,0.015,13.75,38,0,16,0,0,35,1,1,0,0,0,1,0,0,0
21:30:45.625,1885.9,45,312,28.7,10.5,0,50.9,46.9,0,0,1,50,50,4,0,0,0,0,0,0,0,7.7,12,190,1,39,39,19,39,19,39,39,38,39,-851583,8,4.863,0.015,13.723,38,0,16,0,0,35,1,1,0,0,0,1,0,0,0
21:30:45.725,1833.6,48,307,89.3,29.9,0,50.9,47.1,0,0,1,50,50,3,0,0,0,0,0,0,0,25.1,12,190,1,39,39,19,39,19,39,39,38,39,-851583,8,4.863,0.015,13.736,38,0,16,0,0,35,1,1,0,0,0,1,0,0,0
21:30:45.825,1802,46.8,306,101.5,36.6,0,50.9,47,0,0,1,50,50,3,0,0,0,0,0,0,0,32.4,12,190,1,39,39,19,38,19,39,39,38,39,-851583,8,4.858,0.015,13.723,37,0,16,0,0,35,1,1,0,0,0,1,0,0,0
21:30:45.925,1828.2,50,302,130.2,47,0,50.9,47,0,0,1,50,50,3,0,0,0,0,0,0,0,38.8,12,190,1,39,39,19,39,19,39,39,38,39,-851583,8,4.863,0.015,13.723,38,0,16,0,0,35,1,1,0,0,0,1,0,0,0
21:30:46.025,1835.7,48,303,115.2,42.5,0,50.9,47,0,0,1,49,50,3,0,0,0,0,0,0,0,40.5,12,190,1,39,39,19,39,19,39,39,38,39,-851583,8,4.863,0.015,13.709,38,0,16,0,0,35,1,1,0,0,0,1,0,0,0
21:30:46.125,1843.3,49.1,303,115.2,38.6,0,50.9,47.1,0,0,1,49,49,4,0,0,0,0,0,0,0,43.3,12,190,1,39,39,19,39,19,39,39,38,39,-851583,8,4.863,0.015,13.688,38,0,16,0,0,35,1,1,0,0,0,1,0,0,0
21:30:46.225,1855.2,49,304,107.5,38.4,0,50.9,47,0,0,1,49,49,4,0,0,0,0,0,0,0,40.5,12,190,1,39,39,19,39,19,39,39,38,39,-851583,8,4.863,0.015,13.688,38,0,16,0,0,35,1,1,0,0,0,1,0,0,0
21:30:46.325,1853.5,47.3,304,95.9,36.9,0,50.9,47,0,0,1,49,49,4,0,0,0,0,0,0,0,36.5,12,190,1,39,39,19,39,19,39,39,38,39,-851583,8,4.863,0.015,13.606,38,0,16,0,0,35,1,1,0,0,0,1,0,0,0
21:30:46.425,1838,47.6,304,101.6,35.2,0,50.9,47,0,0,1,49,48,4,0,0,0,0,0,0,0,33.1,12,190,1,39,39,19,38,19,39,39,38,39,-851583,8,4.858,0.015,13.654,38,0,32,0,0,35,1,1,0,0,0,1,0,0,0
21:30:46.525,1825.8,48.1,303,103.7,38,0,50.9,47,0,0,1,49,49,4,0,0,0,0,0,0,0,33.7,12,190,1,39,39,19,38,19,39,39,38,39,-851583,8,4.863,0.015,13.661,38,0,32,0,0,35,1,1,0,0,0,1,0,0,0
21:30:46.625,1836.1,49.2,304,118.5,39.8,0,50.9,47,0,0,1,50,49,4,0,0,0,0,0,0,0,40.8,12,190,1,39,39,19,39,19,39,39,38,39,-851583,8,4.863,0.015,13.709,38,0,32,0,0,35,1,1,0,0,0,1,0,0,0
21:30:46.725,1835.4,50.3,303,129.2,46.4,0,50.9,47,0,0,1,49,49,4,0,0,0,0,0,0,0,40.1,12,190,1,39,39,19,39,19,39,39,38,39,-851583,8,4.863,0.015,13.675,38,0,32,0,0,35,1,1,0,0,0,1,0,0,0
21:30:46.825,1863.3,53,300,147.8,51,0,50.9,47.1,0,0,1,49,48,4,0,0,0,0,0,0,0,52.5,12,190,1,39,39,19,38,19,39,39,38,39,-851583,8,4.863,0.015,13.702,38,0,32,0,0,35,1,1,0,0,0,1,0,0,0
21:30:46.925,1896,55.8,299,163,54.3,0,50.9,47.1,0,0,1,49,49,4,0,0,0,0,0,0,0,61.1,12,190,1,39,39,19,38,19,39,39,38,39,-851583,8,4.863,0.015,13.695,38,0,32,0,0,35,1,1,0,0,0,1,0,0,0
21:30:47.025,1897.6,53.8,297,175.2,60,0,50.9,47.1,0,0,1,49,49,4,0,0,0,0,0,0,0,63,12,190,1,39,39,19,39,19,39,39,38,39,-851583,8,4.863,0.015,13.682,38,0,32,0,0,35,1,1,0,0,0,1,0,0,0
21:30:47.125,1927,51.2,297,149.3,52.8,0,50.9,47.1,0,0,1,50,49,4,0,0,0,0,0,0,0,52.7,11,190,1,39,39,19,39,19,39,39,38,39,-851583,8,4.863,0.015,13.654,38,0,32,0,0,35,1,1,0,0,0,1,0,0,0
21:30:47.225,1893.8,50.8,300,129,47.7,0,50.9,47,0,0,1,48,48,4,0,0,0,0,0,0,0,45.9,11,190,1,39,39,19,39,19,39,39,38,39,-851583,8,4.863,0.015,13.675,38,0,32,0,0,35,1,1,0,0,0,1,0,0,0
21:30:47.325,1844.2,47.2,302,111.6,42.4,0,50.9,47.1,0,0,1,49,49,4,0,0,0,0,0,0,0,42.3,11,190,1,39,39,19,39,19,39,39,38,39,-851583,8,4.863,0.015,13.688,38,0,32,0,0,35,1,1,0,0,0,1,0,0,0
21:30:47.425,1789.9,46.6,305,111.4,37.5,0,50.9,47,0,0,1,48,49,4,0,0,0,0,0,0,0,35.4,11,190,1,39,39,19,39,19,39,39,38,39,-851583,8,4.863,0.015,13.668,38,0,32,0,0,35,1,1,0,0,0,1,0,0,0
21:30:47.525,1740.1,45.8,303,111.8,36.5,0,50.9,47.1,0,0,1,48,49,4,0,0,0,0,0,0,0,39.9,11,190,1,39,39,19,39,19,39,39,38,39,-851583,8,4.863,0.015,13.688,38,0,32,0,0,35,1,1,0,0,0,1,0,0,0
21:30:47.625,1631.3,34.9,309,69.4,23.1,0,50.9,47,0,0,1,49,49,4,0,0,0,0,0,0,0,18.9,11,190,1,39,39,19,39,19,39,39,38,39,-851583,8,4.863,0.015,13.716,38,0,32,0,0,35,1,1,0,0,0,1,0,0,0
21:30:47.725,1360,30.9,309,62.8,15.7,0,50.9,47,0,0,1,48,49,4,0,0,0,0,0,0,0,14.3,12,190,1,39,39,19,38,19,39,39,38,39,-851583,8,4.863,0.015,13.675,38,0,32,0,0,35,1,1,0,0,0,1,0,0,0
21:30:47.825,1047.9,24.8,312,40.8,9,0,50.9,47,0,0,1,49,48,4,0,0,0,0,0,0,0,7,12,190,1,39,39,19,38,19,39,39,38,39,-851583,8,4.863,0.015,13.675,38,0,32,0,0,35,1,1,0,0,0,1,0,0,0
21:30:47.925,1019.4,28.2,313,24.5,5,0,50.9,47,0,0,1,49,49,4,0,0,0,0,0,0,0,4,12,190,1,39,39,19,39,19,39,39,38,39,-851583,8,4.863,0.015,13.668,38,0,32,0,0,35,1,1,0,0,0,1,0,0,0
21:30:48.025,1261.2,40.6,306,124.3,33,0,50.9,47.1,0,0,1,49,49,4,0,0,0,0,0,0,0,31.4,12,190,1,39,39,19,39,19,39,39,38,39,-851583,8,4.858,0.015,13.654,38,0,32,0,0,35,1,1,0,0,0,1,0,0,0
21:30:48.125,1417.1,41,304,145.8,41.6,0,50.9,47.2,0,0,1,49,49,4,0,0,0,0,0,0,0,38.4,12,190,1,39,39,19,38,19,39,38,38,39,-851583,8,4.863,0.015,13.682,38,0,32,0,0,35,1,1,0,0,0,1,0,0,0
21:30:48.225,1368.3,38.5,304,161.6,43.1,0,50.9,47.3,0,0,1,48,49,4,0,0,0,0,0,0,0,40.1,12,190,1,39,39,19,39,19,39,39,38,39,-851583,8,4.863,0.015,13.634,38,0,32,0,0,35,1,1,0,0,0,1,0,0,0
21:30:48.325,1290.5,36.8,302,172.4,42.4,0,50.9,47.1,0,0,1,49,49,4,0,0,0,0,0,0,0,42,12,190,1,39,39,19,39,19,39,38,38,39,-851583,8,4.863,0.015,13.62,38,0,32,0,0,35,1,1,0,0,0,1,0,0,0
21:30:48.425,1251,36.5,305,139.5,39.2,0,50.9,47.2,0,0,1,48,49,4,0,0,0,0,0,0,0,35.2,12,190,1,39,39,19,39,19,39,39,38,39,-851583,8,4.863,0.015,13.654,38,0,32,0,0,35,1,1,0,0,0,1,0,0,0
21:30:48.525,1278.4,37.3,305,133.7,36.1,0,50.9,47.1,0,0,1,49,49,5,0,0,0,0,0,0,0,34.6,12,190,1,39,39,19,39,19,39,39,38,39,-851583,8,4.863,0.015,13.716,38,0,32,0,0,35,1,1,0,0,0,1,0,0,0
21:30:48.625,1318.3,38.6,303,151.9,42.3,0,50.9,47.2,0,0,1,48,49,4,0,0,0,0,0,0,0,38.8,12,190,1,39,39,19,39,19,39,39,38,39,-851583,8,4.863,0.015,13.716,38,0,32,0,0,35,1,1,0,0,0,1,0,0,0
21:30:48.725,1361.3,40,303,150.9,41.9,0,50.9,47.1,0,0,1,49,49,4,0,0,0,0,0,0,0,39.9,12,190,1,39,39,19,39,19,39,39,38,39,-851583,8,4.863,0.015,13.736,38,0,32,0,0,35,1,1,0,0,0,1,0,0,0
21:30:48.825,1391.7,42,301,178.5,50.7,0,50.9,47.2,0,0,1,47,48,4,0,0,0,0,0,0,0,46.5,12,190,1,39,39,19,39,19,39,39,38,39,-851583,8,4.863,0.015,13.716,38,0,32,0,0,35,1,1,0,0,0,1,0,0,0
21:30:48.925,1443.6,43.4,299,188.5,52.2,0,50.9,47.2,0,0,1,48,49,4,0,0,0,0,0,0,0,45.7,12,190,1,39,39,19,39,19,39,38,38,39,-851583,8,4.863,0.015,13.729,38,0,32,0,0,35,1,1,0,0,0,1,0,0,0
21:30:49.025,1481.2,43.9,300,166.8,48.1,0,50.9,47.2,0,0,1,48,48,4,0,0,0,0,0,0,0,47.2,12,190,1,39,39,19,39,19,39,39,38,39,-851583,8,4.858,0.015,13.688,38,0,32,0,0,35,1,1,0,0,0,1,0,0,0
21:30:49.125,1508,39.2,304,118.3,38,0,50.9,47,0,0,1,51,49,4,0,0,0,0,0,0,0,33.5,11,190,1,39,39,19,39,19,39,39,38,39,-851583,8,4.863,0.015,13.688,38,0,32,0,0,35,1,1,0,0,0,1,0,0,0
21:30:49.225,1521.8,40.4,305,105,32.8,0,50.9,47,0,0,1,50,48,4,0,0,0,0,0,0,0,29.9,11,190,1,39,39,19,39,19,39,39,38,39,-851583,8,4.863,0.015,13.688,38,0,32,0,0,35,1,1,0,0,0,1,0,0,0
21:30:49.325,1507.1,41.7,303,137.4,39.2,0,50.9,47.1,0,0,1,50,49,4,0,0,0,0,0,0,0,36.7,11,190,1,39,39,19,39,19,39,39,38,39,-851583,8,4.863,0.015,13.668,38,0,32,0,0,35,1,1,0,0,0,1,0,0,0
21:30:49.425,1576.6,46.6,301,149.8,48.4,0,50.9,47.1,0,0,1,51,50,4,0,0,0,0,0,0,0,44,11,190,1,39,39,19,39,19,39,39,38,39,-851583,8,4.863,0.015,13.682,38,0,32,0,0,35,1,1,0,0,0,1,0,0,0
21:30:49.525,1640.3,47.6,300,161.9,50,0,50.9,47.1,0,0,1,50,50,4,0,0,0,0,0,0,0,51.4,11,190,1,39,39,19,39,19,39,39,38,39,-851583,8,4.863,0.015,13.709,38,0,32,0,0,35,1,1,0,0,0,1,0,0,0
21:30:49.625,1657.9,47.3,300,155.6,48.5,0,50.9,47.1,0,0,1,50,49,4,0,0,0,0,0,0,0,50.2,11,190,1,39,39,19,39,19,39,38,38,39,-851583,8,4.863,0.015,13.675,38,0,32,0,0,35,1,1,0,0,0,1,0,0,0
21:30:49.725,1618.7,45.6,300,147.2,46.2,0,50.9,47,0,0,1,49,49,4,0,0,0,0,0,0,0,47.8,11,190,1,39,39,19,38,19,39,38,38,39,-851583,8,4.863,0.015,13.641,38,0,32,0,0,35,1,1,0,0,0,1,0,0,0
21:30:49.825,1621.5,46.5,300,155.5,50.6,0,50.9,47.1,0,0,1,50,50,4,0,0,0,0,0,0,0,48.7,11,190,1,39,39,19,39,19,39,39,38,39,-851583,8,4.863,0.015,13.688,38,0,32,0,0,35,1,1,0,0,0,1,0,0,0
21:30:49.925,1655.1,47.5,300,148.9,46.9,0,50.9,47.2,0,0,1,49,49,4,0,0,0,0,0,0,0,52.1,11,190,1,39,39,19,38,19,39,38,38,39,-851583,8,4.863,0.015,13.702,38,0,32,0,0,35,1,1,0,0,0,1,0,0,0
21:30:50.025,1692.8,48.3,299,164.3,55,0,51.3,47.1,0,0,1,50,49,4,0,0,0,0,0,0,0,53.8,11,190,1,39,39,19,39,19,39,39,38,39,-851583,8,4.863,0.015,13.695,38,0,32,0,0,35,1,1,0,0,0,1,0,0,0
21:30:50.125,1733,48.5,301,150.9,50,0,51.9,47,0,0,1,49,49,4,0,0,0,0,0,0,0,43.5,11,190,1,39,39,19,39,19,39,39,38,39,-851583,8,4.863,0.015,13.688,38,0,32,0,0,35,1,1,0,0,0,1,0,0,0
21:30:50.225,1745.9,45.7,304,119.9,44.3,0,51.9,47,0,0,1,50,49,4,0,0,0,0,0,0,0,38.8,11,190,1,39,39,19,38,19,39,39,38,39,-851583,8,4.863,0.015,13.675,38,0,32,0,0,35,1,1,0,0,0,1,0,0,0
21:30:50.325,1722.4,42.7,306,80.2,27.6,0,51.9,47,0,0,1,49,49,4,0,0,0,0,0,0,0,27.7,11,190,1,39,39,19,39,19,39,39,38,39,-851583,8,4.863,0.015,13.688,38,0,32,0,0,35,1,1,0,0,0,1,0,0,0
21:30:50.425,1661.2,37.9,309,45.3,15.5,0,51.9,47,0,0,1,49,49,4,0,0,0,0,0,0,0,14.9,11,190,1,39,39,19,19,19,39,39,38,39,-851583,8,4.863,0.015,13.661,38,0,32,0,0,35,1,1,0,0,0,1,0,0,0
21:30:50.525,1568.2,37.7,310,40.3,12.1,0,51.9,47,0,0,1,49,49,4,0,0,0,0,0,0,0,12.8,11,190,1,39,39,19,38,19,39,39,38,39,-851583,8,4.863,0.015,13.675,38,0,32,0,0,35,1,1,0,0,0,1,0,0,0
21:30:50.625,1548.6,38.5,311,34.6,9.5,0,51.9,47,0,0,1,49,49,4,0,0,0,0,0,0,0,9.9,12,190,1,39,39,19,38,19,39,39,38,39,-851583,8,4.863,0.015,13.647,38,0,32,0,0,35,1,1,0,0,0,1,0,0,0
21:30:50.725,1512.9,36.9,311,39.9,11.7,0,51.9,47,0,0,1,49,49,4,0,0,0,0,0,0,0,13.1,12,190,1,39,39,19,38,19,39,39,38,39,-851583,8,4.863,0.015,13.647,38,0,32,0,0,35,1,1,0,0,0,1,0,0,0
21:30:50.825,1477.2,38.3,311,43.5,12.9,0,51.9,47,0,0,1,49,49,4,0,0,0,0,0,0,0,12.5,12,190,1,39,39,19,38,19,39,39,38,39,-851583,8,4.863,0.015,13.661,38,0,32,0,0,35,1,1,0,0,0,1,0,0,0
21:30:50.925,1499.1,39.5,307,70.8,21.6,0,51.9,47,0,0,1,49,49,4,0,0,0,0,0,0,0,20.7,12,190,1,39,39,19,38,19,39,39,38,39,-851583,8,4.863,0.015,13.654,38,0,32,0,0,35,1,1,0,0,0,1,0,0,0
21:30:51.025,1502,40,307,78.6,24.5,0,51.9,47,0,0,1,49,50,4,0,0,0,0,0,0,0,22.6,12,190,1,39,39,19,38,19,39,39,38,39,-851583,8,4.863,0.015,13.668,38,0,32,0,0,35,1,1,0,0,0,1,0,0,0
21:30:51.125,1546.7,42.8,306,104.1,31.6,0,51.9,47.1,0,0,1,48,49,4,0,0,0,0,0,0,0,30.9,12,190,1,39,39,19,37,19,39,39,38,39,-851583,8,4.863,0.015,13.668,38,0,32,0,0,35,1,1,0,0,0,1,0,0,0
21:30:51.225,1557.4,41.4,306,104.6,34.9,0,51.9,47,0,0,1,48,49,4,0,0,0,0,0,0,0,29.6,12,190,1,39,39,19,39,19,39,39,38,39,-851583,8,4.863,0.015,13.675,38,0,32,0,0,35,1,1,0,0,0,1,0,0,0
21:30:51.325,1579.2,44.9,302,132.5,40.8,0,51.9,47.1,0,0,1,49,48,4,0,0,0,0,0,0,0,40.8,12,190,1,39,39,19,38,19,39,39,38,39,-851583,8,4.863,0.015,13.668,38,0,32,0,0,35,1,1,0,0,0,1,0,0,0
21:30:51.425,1644.2,45.7,303,143,46,0,51.9,47,0,0,1,50,50,4,0,0,0,0,0,0,0,43.1,12,190,1,39,39,19,39,19,39,39,38,39,-851583,8,4.863,0.015,13.675,38,0,32,0,0,35,1,1,0,0,0,1,0,0,0
21:30:51.525,1696.1,48.2,301,151.5,49.2,0,51.9,47.1,0,0,1,50,50,5,0,0,0,0,0,0,0,46.7,12,190,1,39,39,19,39,19,39,39,38,39,-851583,8,4.863,0.015,13.654,38,0,32,0,0,35,1,1,0,0,0,1,0,0,0
21:30:51.625,1751.2,48.7,300,158.4,50.8,0,51.9,47,0,0,1,49,48,5,0,0,0,0,0,0,0,50.6,12,190,1,39,39,19,39,19,39,39,38,39,-851583,8,4.863,0.015,13.634,38,0,32,0,0,35,1,1,0,0,0,1,0,0,0
21:30:51.725,1752.8,48.3,301,135.8,48.5,0,51.9,47.1,0,0,1,49,49,5,0,0,0,0,0,0,0,42.5,12,190,1,39,39,19,39,19,39,39,38,39,-851583,8,4.863,0.015,13.627,38,0,32,0,0,35,1,1,0,0,0,1,0,0,0
21:30:51.825,1737.1,47.9,302,121.8,42.8,0,51.9,47.1,0,0,1,49,49,5,0,0,0,0,0,0,0,41,12,190,1,39,39,19,39,19,39,39,38,39,-851583,8,4.863,0.015,13.675,38,0,32,0,0,35,1,1,0,0,0,1,0,0,0
21:30:51.925,1711.2,46.7,302,146.4,45.6,0,51.9,47.1,0,0,1,48,48,5,0,0,0,0,0,0,0,49.3,12,190,1,39,39,19,39,19,39,39,38,39,-851583,8,4.863,0.015,13.675,38,0,32,0,0,35,1,1,0,0,0,1,0,0,0
21:30:52.025,1700.3,47.4,300,149.6,46.8,0,51.9,47.1,0,0,1,49,49,5,0,0,0,0,0,0,0,47,11,190,1,39,39,19,39,19,39,39,38,39,-851583,8,4.863,0.015,13.654,38,0,32,0,0,35,1,1,0,0,0,1,0,0,0
21:30:52.125,1735.8,51.6,297,193.1,55.4,0,51.9,47.2,0,0,1,49,48,5,0,0,0,0,0,0,0,60,11,190,1,39,39,19,39,19,39,39,38,39,-851583,8,4.863,0.015,13.647,37,0,32,0,0,35,1,1,0,0,0,1,0,0,0
21:30:52.225,1769.7,51,298,167.1,56.3,0,51.9,47.1,0,0,1,49,50,5,0,0,0,0,0,0,0,55.7,11,190,1,39,39,19,39,19,39,39,38,39,-851583,8,4.863,0.015,13.661,38,0,32,0,0,35,1,1,0,0,0,1,0,0,0
21:30:52.325,1811.2,52.7,297,170.1,57.1,0,51.9,47.1,0,0,1,49,49,5,0,0,0,0,0,0,0,58.5,11,190,1,39,39,19,39,19,39,39,38,39,-851583,8,4.863,0.015,13.634,38,0,32,0,0,35,1,1,0,0,0,1,0,0,0
21:30:52.425,1861.8,53.9,296,193.6,61.6,0,51.9,47.1,0,0,1,49,49,5,0,0,0,0,0,0,0,61.9,11,190,1,39,39,19,39,19,39,39,38,39,-851583,8,4.863,0.015,13.654,38,0,32,0,0,35,1,1,0,0,0,1,0,0,0
21:30:52.525,1894.1,54.3,296,183.2,56.8,0,51.9,47.2,0,0,1,49,49,5,0,0,0,0,0,0,0,63,11,190,1,39,39,19,38,19,39,39,38,39,-851583,8,4.863,0.015,13.654,38,0,32,0,0,35,1,1,0,0,0,1,0,0,0
21:30:52.625,1913.3,54.6,296,169.7,55.1,0,51.9,47.2,0,0,1,50,50,5,0,0,0,0,0,0,0,58.1,11,190,1,39,39,19,39,19,39,39,38,39,-851583,8,4.863,0.015,13.675,38,0,32,0,0,35,1,1,0,0,0,1,0,0,0
21:30:52.725,1935.5,52.8,297,157.9,58.3,0,51.9,47.2,0,0,1,49,49,4,0,0,0,0,0,0,0,52.3,11,190,1,39,39,19,39,19,39,39,38,39,-851583,8,4.863,0.015,13.647,38,0,32,0,0,35,1,1,0,0,0,1,0,0,0
21:30:52.825,1955.8,49.7,299,111.6,41.1,0,51.9,47,0,0,1,48,48,5,0,0,0,0,0,0,0,44.6,11,190,1,39,39,19,38,19,39,39,38,39,-851583,8,4.863,0.015,13.682,38,0,32,0,0,35,1,1,0,0,0,1,0,0,0
21:30:52.925,1948.5,41.4,308,39.7,17.1,0,51.9,47,0,0,1,49,49,4,0,0,0,0,0,0,0,13.5,11,190,1,39,39,19,38,19,39,39,38,39,-851583,8,4.863,0.015,13.688,38,0,32,0,0,35,1,1,0,0,0,1,0,0,0
21:30:53.025,1915.1,43,311,13.7,3.2,0,51.9,46.9,0,0,1,49,48,4,0,0,0,0,0,0,0,5.1,11,190,1,39,39,19,39,19,39,39,38,39,-851583,8,4.863,0.015,13.688,38,0,32,0,0,35,1,1,0,0,0,1,0,0,0
21:30:53.125,1880.8,43.6,312,18,6.4,0,51.9,47,0,0,1,52,49,4,0,0,0,0,0,0,0,6.9,11,190,1,39,39,19,39,19,39,39,38,39,-851583,8,4.863,0.015,13.702,38,0,32,0,0,35,1,1,0,0,0,1,0,0,0
21:30:53.225,1822.7,41.8,312,17.9,6.7,0,51.9,47,0,0,1,51,49,4,0,0,0,0,0,0,0,3.8,11,190,1,39,39,19,39,19,39,39,38,39,-851583,8,4.863,0.015,13.702,38,0,32,0,0,35,1,1,0,0,0,1,0,0,0
21:30:53.325,1764.7,41.7,313,20.6,7,0,51.9,47,0,0,1,51,48,4,0,0,0,0,0,0,0,6.7,12,190,1,39,39,19,39,19,39,39,38,39,-851583,8,4.858,0.015,13.675,38,0,32,0,0,35,1,1,0,0,0,1,0,0,0
21:30:53.425,1708.8,40.8,311,28.2,8.2,0,51.9,47,0,0,1,52,50,4,0,0,0,0,0,0,0,8.8,12,190,1,39,39,19,39,19,39,39,38,39,-851583,8,4.863,0.015,13.688,38,0,32,0,0,35,1,1,0,0,0,1,0,0,0
21:30:53.525,1643.4,38.7,312,26.4,8.6,0,51.9,47,0,0,1,50,49,4,0,0,0,0,0,0,0,5.5,12,190,1,39,39,19,39,19,39,39,38,39,-851583,8,4.863,0.015,13.709,38,0,32,0,0,35,1,1,0,0,0,1,0,0,0
21:30:53.625,1580,38,311,37.5,11.4,0,51.9,47,0,0,1,50,49,5,0,0,0,0,0,0,0,10.8,12,190,1,39,39,19,39,19,39,38,38,39,-851583,8,4.863,0.015,13.688,38,0,32,0,0,35,1,1,0,0,0,1,0,0,0
21:30:53.725,1518.1,38,309,59.1,17.1,0,51.9,47,0,0,1,50,50,4,0,0,0,0,0,0,0,17.9,12,190,1,39,39,19,38,19,39,39,38,39,-851583,8,4.863,0.015,13.702,38,0,32,0,0,35,1,1,0,0,0,1,0,0,0
21:30:53.825,1439.9,34.8,310,49.7,14.2,0,51.9,47,0,0,1,49,49,4,0,0,0,0,0,0,0,12.6,12,190,1,39,39,19,38,19,39,38,38,39,-851583,8,4.863,0.015,13.688,38,0,32,0,0,35,1,1,0,0,0,1,0,0,0
21:30:53.925,1273.5,30.2,311,46.8,11.8,0,51.9,47,0,0,1,50,49,4,0,0,0,0,0,0,0,10.8,12,190,1,39,39,19,39,19,39,39,38,39,-851583,8,4.863,0.015,13.675,38,0,32,0,0,35,1,1,0,0,0,1,0,0,0
21:30:54.025,1068.9,26.8,311,49.7,11,0,51.9,47,0,0,1,50,50,5,0,0,0,0,0,0,0,8.8,12,190,1,39,39,19,39,19,39,39,38,39,-851583,8,4.863,0.015,13.695,38,0,32,0,0,35,1,1,0,0,0,1,0,0,0
21:30:54.125,908.7,24.2,312,43,9,0,51.9,47,0,0,1,50,49,4,0,0,0,0,0,0,0,7.5,12,190,1,39,39,19,38,19,39,39,38,39,-851583,8,4.863,0.015,13.709,38,0,32,0,0,35,1,1,0,0,0,1,0,0,0
21:30:54.225,968.1,27.4,312,30.7,6.9,0,51.9,47,0,0,1,50,49,4,0,0,0,0,0,0,0,6,12,190,1,39,39,19,39,19,39,39,38,39,-851583,8,4.863,0.015,13.688,38,0,32,0,0,35,1,1,0,0,0,1,0,0,0
21:30:54.325,1049.9,28.3,311,51.8,11.1,0,51.9,47,0,0,1,49,49,4,0,0,0,0,0,0,0,11.1,12,190,1,39,39,19,39,19,39,39,38,39,-851583,8,4.863,0.015,13.695,38,0,32,0,0,35,1,1,0,0,0,1,0,0,0
21:30:54.425,1125.6,30.6,312,28.2,6.7,0,51.9,47,0,0,1,50,49,4,0,0,0,0,0,0,0,6,12,190,1,39,39,19,39,19,39,39,38,39,-851583,8,4.863,0.015,13.723,38,0,32,0,0,35,1,1,0,0,0,1,0,0,0
21:30:54.525,1146.1,29.7,312,40.6,9.8,0,51.9,47,0,0,1,50,49,4,0,0,0,0,0,0,0,8.8,12,190,1,39,39,19,39,19,39,39,38,39,-851583,8,4.863,0.015,13.736,38,0,32,0,0,35,1,1,0,0,0,1,0,0,0
21:30:54.625,1135.1,29.7,312,41.5,9.9,0,51.9,47,0,0,1,50,49,4,0,0,0,0,0,0,0,8.4,12,190,1,39,39,19,39,19,39,39,38,39,-851583,8,4.863,0.015,13.729,38,0,32,0,0,35,1,1,0,0,0,1,0,0,0
21:30:54.725,1126.7,29.4,313,36.5,8.5,0,51.9,47,0,0,1,49,49,4,0,0,0,0,0,0,0,8.2,12,190,1,39,39,19,39,19,39,39,38,39,-851583,8,4.863,0.015,13.723,38,0,32,0,0,35,1,1,0,0,0,1,0,0,0
21:30:54.825,1120.2,29.2,312,36.3,8.6,0,51.9,47,0,0,1,50,50,4,0,0,0,0,0,0,0,8.3,12,190,1,39,39,19,39,19,39,39,38,39,-851583,8,4.858,0.015,13.729,38,0,32,0,0,35,1,1,0,0,0,1,0,0,0
21:30:54.925,1117.3,29.3,313,38,9,0,51.9,47,0,0,1,50,49,4,0,0,0,0,0,0,0,7.6,12,190,1,39,39,19,39,19,39,39,38,39,-851583,8,4.863,0.015,13.743,38,0,32,0,0,35,1,1,0,0,0,1,0,0,0
21:30:55.025,1152.2,32,308,87,20.4,0,51.8,47,0,0,1,50,49,4,0,0,0,0,0,0,0,17.7,12,190,1,39,39,19,39,19,39,39,38,39,-851583,8,4.863,0.015,13.75,38,0,32,0,0,35,1,1,0,0,0,1,0,0,0
21:30:55.125,1135.6,30.7,311,55.7,13.8,0,51.1,46.9,0,0,1,49,49,4,0,0,0,0,0,0,0,12.9,12,190,1,39,39,19,39,19,39,38,38,39,-851583,8,4.863,0.015,13.757,38,0,32,0,0,35,1,1,0,0,0,1,0,0,0
21:30:55.225,1134.6,30.5,311,52.6,12.4,0,51,47,0,0,1,49,49,4,0,0,0,0,0,0,0,12.1,12,190,1,39,39,19,39,19,39,38,38,39,-851583,8,4.863,0.015,13.743,38,0,32,0,0,35,1,1,0,0,0,1,0,0,0
21:30:55.325,1143.2,30.6,312,59.8,14.7,0,51,47,0,0,1,49,49,4,0,0,0,0,0,0,0,14.2,12,190,1,39,39,19,39,19,39,39,38,39,-851583,8,4.863,0.015,13.75,38,0,32,0,0,35,1,1,0,0,0,1,0,0,0
21:30:55.425,1148.3,30.5,310,60.6,14.7,0,51,47,0,0,1,48,49,3,0,0,0,0,0,0,0,13.7,12,190,1,39,39,19,39,19,39,38,38,39,-851583,8,4.863,0.015,13.757,38,0,32,0,0,35,1,1,0,0,0,1,0,0,0
21:30:55.525,1153,30.7,310,65.2,15.8,0,51,47,0,0,1,48,48,3,0,0,0,0,0,0,0,13.5,12,190,1,39,39,19,39,19,39,39,38,39,-851583,8,4.863,0.015,13.771,38,0,32,0,0,35,1,1,0,0,0,1,0,0,0
21:30:55.625,1159.8,30.9,311,61.5,14.8,0,51,47,0,0,1,49,49,3,0,0,0,0,0,0,0,13.1,12,190,1,39,39,19,39,19,39,39,38,39,-851583,8,4.863,0.015,13.75,38,0,32,0,0,35,1,1,0,0,0,1,0,0,0
21:30:55.725,1171.6,31.3,311,60.9,15.3,0,51,47,0,0,1,49,49,3,0,0,0,0,0,0,0,13.2,12,190,1,39,39,19,38,19,39,39,38,39,-851583,8,4.863,0,13.75,38,0,32,0,0,3,1,1,0,0,0,0,0,0,0
21:30:55.825,1176.1,31.2,311,58.8,14.6,0,51,47,0,0,1,49,49,3,0,0,0,0,0,0,0,13,12,190,1,39,39,19,39,19,39,39,38,39,-851583,8,4.863,0,13.764,38,0,32,0,0,3,1,1,0,0,0,0,0,0,0
21:30:55.925,1183,31.8,311,62.7,16.1,0,51,47,0,0,1,50,49,3,0,0,0,0,0,0,0,14.7,12,190,1,39,39,19,38,19,39,39,38,39,-851583,8,4.863,0.015,13.777,38,0,32,0,0,3,1,1,0,0,0,0,0,0,0
