recording_id,segment_id,start_s,end_s,prediction_kind,score,label_status,persistence_error
07173121b1534f1eadb8b127005d4eff70872388074c2bbe0c93061527d89f40,window_0,0.0,10.0,sequence_prediction_error,0.5584485606556505,provisional_unverified,0.2918163218616492
07173121b1534f1eadb8b127005d4eff70872388074c2bbe0c93061527d89f40,window_1,2.0,12.0,sequence_prediction_error,0.21006711882154327,provisional_unverified,0.0703274041571674
07173121b1534f1eadb8b127005d4eff70872388074c2bbe0c93061527d89f40,window_2,4.0,14.0,sequence_prediction_error,0.21337046770844817,provisional_unverified,0.08830929368060601
07173121b1534f1eadb8b127005d4eff70872388074c2bbe0c93061527d89f40,window_3,6.0,16.0,sequence_prediction_error,0.21188592911554124,provisional_unverified,0.09225182364730504
07173121b1534f1eadb8b127005d4eff70872388074c2bbe0c93061527d89f40,window_4,8.0,18.0,sequence_prediction_error,0.1974288148335543,provisional_unverified,0.09507625799401004
07173121b1534f1eadb8b127005d4eff70872388074c2bbe0c93061527d89f40,window_5,10.0,20.0,sequence_prediction_error,0.202059804226156,provisional_unverified,0.09707738265362237
07173121b1534f1eadb8b127005d4eff70872388074c2bbe0c93061527d89f40,window_6,12.0,22.0,sequence_prediction_error,0.16451372375326118,provisional_unverified,0.07257200661629533
1a8433bf1168531d6f7c2deb5c37b27de5ddf1d9f65316416ecbf000289fd40a,window_7,0.0,10.0,sequence_prediction_error,0.20843505563203382,provisional_unverified,0.05809356156747868
1a8433bf1168531d6f7c2deb5c37b27de5ddf1d9f65316416ecbf000289fd40a,window_8,2.0,12.0,sequence_prediction_error,0.22371305505433978,provisional_unverified,0.07068477239518788
1a8433bf1168531d6f7c2deb5c37b27de5ddf1d9f65316416ecbf000289fd40a,window_9,4.0,14.0,sequence_prediction_error,0.1752681307940671,provisional_unverified,0.05909690021684041
1a8433bf1168531d6f7c2deb5c37b27de5ddf1d9f65316416ecbf000289fd40a,window_10,6.0,16.0,sequence_prediction_error,0.17033396789192284,provisional_unverified,0.060616090415378146
1a8433bf1168531d6f7c2deb5c37b27de5ddf1d9f65316416ecbf000289fd40a,window_11,8.0,18.0,sequence_prediction_error,0.19325699521156908,provisional_unverified,0.11530248947940955
1a8433bf1168531d6f7c2deb5c37b27de5ddf1d9f65316416ecbf000289fd40a,window_12,10.0,20.0,sequence_prediction_error,0.17550500578201378,provisional_unverified,0.11629673002706972
1a8433bf1168531d6f7c2deb5c37b27de5ddf1d9f65316416ecbf000289fd40a,window_13,12.0,22.0,sequence_prediction_error,0.18862205051369021,provisional_unverified,0.11902659353630757
1cca7c275163fc193899535ebb0c13f26676e8568d3c8adac48dbcc224812b0c,window_14,0.0,10.0,sequence_prediction_error,0.025830141594035856,provisional_unverified,0.000970332969518351
1cca7c275163fc193899535ebb0c13f26676e8568d3c8adac48dbcc224812b0c,window_15,2.0,12.0,sequence_prediction_error,0.03603410570716881,provisional_unverified,0.0010946255636283726
1cca7c275163fc193899535ebb0c13f26676e8568d3c8adac48dbcc224812b0c,window_16,4.0,14.0,sequence_prediction_error,0.04222036158640731,provisional_unverified,0.00127623272330382
1cca7c275163fc193899535ebb0c13f26676e8568d3c8adac48dbcc224812b0c,window_17,6.0,16.0,sequence_prediction_error,0.045111465089016894,provisional_unverified,0.0016681621377976168
1cca7c275163fc193899535ebb0c13f26676e8568d3c8adac48dbcc224812b0c,window_18,8.0,18.0,sequence_prediction_error,0.04447205017165004,provisional_unverified,0.0015072815462532504
1cca7c275163fc193899535ebb0c13f26676e8568d3c8adac48dbcc224812b0c,window_19,10.0,20.0,sequence_prediction_error,0.03208478631945885,provisional_unverified,0.0011969664357107702
1cca7c275163fc193899535ebb0c13f26676e8568d3c8adac48dbcc224812b0c,window_20,12.0,22.0,sequence_prediction_error,0.02407804860682585,provisional_unverified,0.001123168109587355
1cca7c275163fc193899535ebb0c13f26676e8568d3c8adac48dbcc224812b0c,window_21,14.0,24.0,sequence_prediction_error,0.019461687447688707,provisional_unverified,0.0009882220044115735
1cca7c275163fc193899535ebb0c13f26676e8568d3c8adac48dbcc224812b0c,window_22,16.0,26.0,sequence_prediction_error,0.018932540132914136,provisional_unverified,0.0015506925550943936
1cca7c275163fc193899535ebb0c13f26676e8568d3c8adac48dbcc224812b0c,window_23,18.0,28.0,sequence_prediction_error,0.01901390468015799,provisional_unverified,0.0015184337459062266
1cca7c275163fc193899535ebb0c13f26676e8568d3c8adac48dbcc224812b0c,window_24,20.0,30.0,sequence_prediction_error,0.018714813477812356,provisional_unverified,0.0014664865924139934
1cca7c275163fc193899535ebb0c13f26676e8568d3c8adac48dbcc224812b0c,window_25,22.0,32.0,sequence_prediction_error,0.019698177815853684,provisional_unverified,0.001673536794037535
1cca7c275163fc193899535ebb0c13f26676e8568d3c8adac48dbcc224812b0c,window_26,24.0,34.0,sequence_prediction_error,0.020650870582293278,provisional_unverified,0.0019549908528935438
1cca7c275163fc193899535ebb0c13f26676e8568d3c8adac48dbcc224812b0c,window_27,26.0,36.0,sequence_prediction_error,0.024781771121309422,provisional_unverified,0.0012360306223822798
1cca7c275163fc193899535ebb0c13f26676e8568d3c8adac48dbcc224812b0c,window_28,28.0,38.0,sequence_prediction_error,0.028090062491314013,provisional_unverified,0.0009782589880523208
200a690cbeb5a4d9f415d6a933e60aa13a0cf5ee5c03c71731d7739c8ecbda5e,window_29,0.0,10.0,sequence_prediction_error,0.0089474114680498,provisional_unverified,2.2979797979797797e-06
200a690cbeb5a4d9f415d6a933e60aa13a0cf5ee5c03c71731d7739c8ecbda5e,window_30,2.0,12.0,sequence_prediction_error,0.009183759810016366,provisional_unverified,0.00014801084074459605
200a690cbeb5a4d9f415d6a933e60aa13a0cf5ee5c03c71731d7739c8ecbda5e,window_31,4.0,14.0,sequence_prediction_error,0.16598774348285902,provisional_unverified,0.07079777735982795
200a690cbeb5a4d9f415d6a933e60aa13a0cf5ee5c03c71731d7739c8ecbda5e,window_32,6.0,16.0,sequence_prediction_error,0.17772025953995538,provisional_unverified,0.0935366255084347
200a690cbeb5a4d9f415d6a933e60aa13a0cf5ee5c03c71731d7739c8ecbda5e,window_33,8.0,18.0,sequence_prediction_error,0.17754906355592323,provisional_unverified,0.09355941557270103
200a690cbeb5a4d9f415d6a933e60aa13a0cf5ee5c03c71731d7739c8ecbda5e,window_34,10.0,20.0,sequence_prediction_error,0.17766629353463656,provisional_unverified,0.09355952920906468
200a690cbeb5a4d9f415d6a933e60aa13a0cf5ee5c03c71731d7739c8ecbda5e,window_35,12.0,22.0,sequence_prediction_error,0.17652420073633387,provisional_unverified,0.09334371033298017
200a690cbeb5a4d9f415d6a933e60aa13a0cf5ee5c03c71731d7739c8ecbda5e,window_36,14.0,24.0,sequence_prediction_error,0.014113093652353484,provisional_unverified,0.010037784999514597
200a690cbeb5a4d9f415d6a933e60aa13a0cf5ee5c03c71731d7739c8ecbda5e,window_37,16.0,26.0,sequence_prediction_error,0.009408434164301633,provisional_unverified,0.00038928753494781363
200a690cbeb5a4d9f415d6a933e60aa13a0cf5ee5c03c71731d7739c8ecbda5e,window_38,18.0,28.0,sequence_prediction_error,0.13273156310682957,provisional_unverified,0.00549851688067221
200a690cbeb5a4d9f415d6a933e60aa13a0cf5ee5c03c71731d7739c8ecbda5e,window_39,20.0,30.0,sequence_prediction_error,0.6025519525588725,provisional_unverified,0.21108006148876896
200a690cbeb5a4d9f415d6a933e60aa13a0cf5ee5c03c71731d7739c8ecbda5e,window_40,22.0,32.0,sequence_prediction_error,0.6663924704821753,provisional_unverified,0.25746490694143137
200a690cbeb5a4d9f415d6a933e60aa13a0cf5ee5c03c71731d7739c8ecbda5e,window_41,24.0,34.0,sequence_prediction_error,0.6896274851745002,provisional_unverified,0.2575222933129214
200a690cbeb5a4d9f415d6a933e60aa13a0cf5ee5c03c71731d7739c8ecbda5e,window_42,26.0,36.0,sequence_prediction_error,0.6973629428732282,provisional_unverified,0.262076078280799
200a690cbeb5a4d9f415d6a933e60aa13a0cf5ee5c03c71731d7739c8ecbda5e,window_43,28.0,38.0,sequence_prediction_error,0.618307713970518,provisional_unverified,0.27215160810247235
200a690cbeb5a4d9f415d6a933e60aa13a0cf5ee5c03c71731d7739c8ecbda5e,window_44,30.0,40.0,sequence_prediction_error,0.13623046442709844,provisional_unverified,0.02314080258936116
200a690cbeb5a4d9f415d6a933e60aa13a0cf5ee5c03c71731d7739c8ecbda5e,window_45,32.0,42.0,sequence_prediction_error,0.11826394909903666,provisional_unverified,0.035796955625332076
200a690cbeb5a4d9f415d6a933e60aa13a0cf5ee5c03c71731d7739c8ecbda5e,window_46,34.0,44.0,sequence_prediction_error,0.12218249884499742,provisional_unverified,0.043644061810906284
200a690cbeb5a4d9f415d6a933e60aa13a0cf5ee5c03c71731d7739c8ecbda5e,window_47,36.0,46.0,sequence_prediction_error,0.13123115147110545,provisional_unverified,0.04516833250294503
200a690cbeb5a4d9f415d6a933e60aa13a0cf5ee5c03c71731d7739c8ecbda5e,window_48,38.0,48.0,sequence_prediction_error,0.11374971234026988,provisional_unverified,0.035999599524833115
200a690cbeb5a4d9f415d6a933e60aa13a0cf5ee5c03c71731d7739c8ecbda5e,window_49,40.0,50.0,sequence_prediction_error,0.11781866362462907,provisional_unverified,0.04788198534561537
200a690cbeb5a4d9f415d6a933e60aa13a0cf5ee5c03c71731d7739c8ecbda5e,window_50,42.0,52.0,sequence_prediction_error,0.1219938160637714,provisional_unverified,0.057026747775891916
200a690cbeb5a4d9f415d6a933e60aa13a0cf5ee5c03c71731d7739c8ecbda5e,window_51,44.0,54.0,sequence_prediction_error,0.10929651232824016,provisional_unverified,0.04995226705797648
200a690cbeb5a4d9f415d6a933e60aa13a0cf5ee5c03c71731d7739c8ecbda5e,window_52,46.0,56.0,sequence_prediction_error,0.10832739643445959,provisional_unverified,0.04293951653168539
25aa01e1dcbaea32c062e01b0f782c938c34163fc58af14087dfe2f77906c06e,window_53,0.0,10.0,sequence_prediction_error,0.009551517951885235,provisional_unverified,1.7929292929292578e-06
25aa01e1dcbaea32c062e01b0f782c938c34163fc58af14087dfe2f77906c06e,window_54,2.0,12.0,sequence_prediction_error,0.009552979349358611,provisional_unverified,1.7171717171716843e-06
25aa01e1dcbaea32c062e01b0f782c938c34163fc58af14087dfe2f77906c06e,window_55,4.0,14.0,sequence_prediction_error,0.05440973131832628,provisional_unverified,0.006843471280060467
25aa01e1dcbaea32c062e01b0f782c938c34163fc58af14087dfe2f77906c06e,window_56,6.0,16.0,sequence_prediction_error,0.3543039185240136,provisional_unverified,0.012090139995964838
25aa01e1dcbaea32c062e01b0f782c938c34163fc58af14087dfe2f77906c06e,window_57,8.0,18.0,sequence_prediction_error,1.1304632195957915,provisional_unverified,0.027932698484752206
25aa01e1dcbaea32c062e01b0f782c938c34163fc58af14087dfe2f77906c06e,window_58,10.0,20.0,sequence_prediction_error,1.2210260306450165,provisional_unverified,0.11200459365248133
25aa01e1dcbaea32c062e01b0f782c938c34163fc58af14087dfe2f77906c06e,window_59,12.0,22.0,sequence_prediction_error,1.2424182018719463,provisional_unverified,0.11206188080630977
25aa01e1dcbaea32c062e01b0f782c938c34163fc58af14087dfe2f77906c06e,window_60,14.0,24.0,sequence_prediction_error,1.193385620842937,provisional_unverified,0.10521434375032705
25aa01e1dcbaea32c062e01b0f782c938c34163fc58af14087dfe2f77906c06e,window_61,16.0,26.0,sequence_prediction_error,0.9171162081869804,provisional_unverified,0.10121795931189305
25aa01e1dcbaea32c062e01b0f782c938c34163fc58af14087dfe2f77906c06e,window_62,18.0,28.0,sequence_prediction_error,0.11376228232534295,provisional_unverified,0.0046256968389753305
25aa01e1dcbaea32c062e01b0f782c938c34163fc58af14087dfe2f77906c06e,window_63,20.0,30.0,sequence_prediction_error,0.08048319507789656,provisional_unverified,0.017659196164864936
25aa01e1dcbaea32c062e01b0f782c938c34163fc58af14087dfe2f77906c06e,window_64,22.0,32.0,sequence_prediction_error,0.14850739658679085,provisional_unverified,0.04071145934921043
25aa01e1dcbaea32c062e01b0f782c938c34163fc58af14087dfe2f77906c06e,window_65,24.0,34.0,sequence_prediction_error,0.21602117713520327,provisional_unverified,0.08343479523465816
25aa01e1dcbaea32c062e01b0f782c938c34163fc58af14087dfe2f77906c06e,window_66,26.0,36.0,sequence_prediction_error,0.24118030135412874,provisional_unverified,0.08495008375627233
25aa01e1dcbaea32c062e01b0f782c938c34163fc58af14087dfe2f77906c06e,window_67,28.0,38.0,sequence_prediction_error,0.238329909739018,provisional_unverified,0.08293148524174536
25aa01e1dcbaea32c062e01b0f782c938c34163fc58af14087dfe2f77906c06e,window_68,30.0,40.0,sequence_prediction_error,0.22843538489347537,provisional_unverified,0.07274051509896684
25aa01e1dcbaea32c062e01b0f782c938c34163fc58af14087dfe2f77906c06e,window_69,32.0,42.0,sequence_prediction_error,0.14113279312191157,provisional_unverified,0.0499633538337957
25aa01e1dcbaea32c062e01b0f782c938c34163fc58af14087dfe2f77906c06e,window_70,34.0,44.0,sequence_prediction_error,0.08061679875823344,provisional_unverified,0.016102771600125042
25aa01e1dcbaea32c062e01b0f782c938c34163fc58af14087dfe2f77906c06e,window_71,36.0,46.0,sequence_prediction_error,0.05369001602571836,provisional_unverified,0.012251637967180843
25aa01e1dcbaea32c062e01b0f782c938c34163fc58af14087dfe2f77906c06e,window_72,38.0,48.0,sequence_prediction_error,0.04212524174483724,provisional_unverified,0.01124212384733373
25aa01e1dcbaea32c062e01b0f782c938c34163fc58af14087dfe2f77906c06e,window_73,40.0,50.0,sequence_prediction_error,0.034871923323146564,provisional_unverified,0.009209568548698466
25aa01e1dcbaea32c062e01b0f782c938c34163fc58af14087dfe2f77906c06e,window_74,42.0,52.0,sequence_prediction_error,0.02340124628952566,provisional_unverified,0.005777994442638
25aa01e1dcbaea32c062e01b0f782c938c34163fc58af14087dfe2f77906c06e,window_75,44.0,54.0,sequence_prediction_error,0.009347333219175654,provisional_unverified,5.961568570829912e-05
25aa01e1dcbaea32c062e01b0f782c938c34163fc58af14087dfe2f77906c06e,window_76,46.0,56.0,sequence_prediction_error,0.007979401902049614,provisional_unverified,4.5353819483838214e-05
25aa01e1dcbaea32c062e01b0f782c938c34163fc58af14087dfe2f77906c06e,window_77,48.0,58.0,sequence_prediction_error,0.009470243600026428,provisional_unverified,5.507895371486322e-06
25aa01e1dcbaea32c062e01b0f782c938c34163fc58af14087dfe2f77906c06e,window_78,50.0,60.0,sequence_prediction_error,0.00955739233771751,provisional_unverified,1.9066105263297323e-06
25aa01e1dcbaea32c062e01b0f782c938c34163fc58af14087dfe2f77906c06e,window_79,52.0,62.0,sequence_prediction_error,0.009564557878801781,provisional_unverified,1.9444444444444245e-06
25aa01e1dcbaea32c062e01b0f782c938c34163fc58af14087dfe2f77906c06e,window_80,54.0,64.0,sequence_prediction_error,0.009557679521372127,provisional_unverified,1.7550505050504851e-06
25aa01e1dcbaea32c062e01b0f782c938c34163fc58af14087dfe2f77906c06e,window_81,56.0,66.0,sequence_prediction_error,0.00960015945965464,provisional_unverified,2.9167713627828743e-06
25aa01e1dcbaea32c062e01b0f782c938c34163fc58af14087dfe2f77906c06e,window_82,58.0,68.0,sequence_prediction_error,0.01757820052112629,provisional_unverified,0.0009671465693425812
25aa01e1dcbaea32c062e01b0f782c938c34163fc58af14087dfe2f77906c06e,window_83,60.0,70.0,sequence_prediction_error,0.024631818210590642,provisional_unverified,0.004164293033989045
25aa01e1dcbaea32c062e01b0f782c938c34163fc58af14087dfe2f77906c06e,window_84,62.0,72.0,sequence_prediction_error,0.027573395488158754,provisional_unverified,0.009076074626106325
2f775054c4e7bb342cf49e0ee66406e82353c274c103fc7f7d6a93ea329aea86,window_85,0.0,10.0,sequence_prediction_error,0.06429912586855246,provisional_unverified,0.011631551685424794
2f775054c4e7bb342cf49e0ee66406e82353c274c103fc7f7d6a93ea329aea86,window_86,2.0,12.0,sequence_prediction_error,0.1281142108799732,provisional_unverified,0.03853852339455951
2f775054c4e7bb342cf49e0ee66406e82353c274c103fc7f7d6a93ea329aea86,window_87,4.0,14.0,sequence_prediction_error,0.16711091557458785,provisional_unverified,0.04655549813552028
2f775054c4e7bb342cf49e0ee66406e82353c274c103fc7f7d6a93ea329aea86,window_88,6.0,16.0,sequence_prediction_error,0.1783263222416249,provisional_unverified,0.05566165554377599
2f775054c4e7bb342cf49e0ee66406e82353c274c103fc7f7d6a93ea329aea86,window_89,8.0,18.0,sequence_prediction_error,0.19193270138321863,provisional_unverified,0.06069131510809927
2f775054c4e7bb342cf49e0ee66406e82353c274c103fc7f7d6a93ea329aea86,window_90,10.0,20.0,sequence_prediction_error,0.1865046460690457,provisional_unverified,0.06928732122672585
2f775054c4e7bb342cf49e0ee66406e82353c274c103fc7f7d6a93ea329aea86,window_91,12.0,22.0,sequence_prediction_error,0.1332480878445993,provisional_unverified,0.050221376162560095
2f775054c4e7bb342cf49e0ee66406e82353c274c103fc7f7d6a93ea329aea86,window_92,14.0,24.0,sequence_prediction_error,0.12425446407997535,provisional_unverified,0.052804357296303665
2f775054c4e7bb342cf49e0ee66406e82353c274c103fc7f7d6a93ea329aea86,window_93,16.0,26.0,sequence_prediction_error,0.10255437576459074,provisional_unverified,0.044735862441580516
382db1f8ede73f956341d7b461790125339762ec9d7cc96480f20aefe04d77e1,window_94,0.0,10.0,sequence_prediction_error,0.010177857159414723,provisional_unverified,0.002356022727272727
382db1f8ede73f956341d7b461790125339762ec9d7cc96480f20aefe04d77e1,window_95,2.0,12.0,sequence_prediction_error,0.01006782611551175,provisional_unverified,0.002320189393939393
382db1f8ede73f956341d7b461790125339762ec9d7cc96480f20aefe04d77e1,window_96,4.0,14.0,sequence_prediction_error,0.010014097375513216,provisional_unverified,0.00195020202020202
382db1f8ede73f956341d7b461790125339762ec9d7cc96480f20aefe04d77e1,window_97,6.0,16.0,sequence_prediction_error,0.009848336702061183,provisional_unverified,0.0018869444444444441
382db1f8ede73f956341d7b461790125339762ec9d7cc96480f20aefe04d77e1,window_98,8.0,18.0,sequence_prediction_error,0.010186639957113584,provisional_unverified,0.0022411111111111113
382db1f8ede73f956341d7b461790125339762ec9d7cc96480f20aefe04d77e1,window_99,10.0,20.0,sequence_prediction_error,0.009896139208968443,provisional_unverified,0.0022033712121212116
382db1f8ede73f956341d7b461790125339762ec9d7cc96480f20aefe04d77e1,window_100,12.0,22.0,sequence_prediction_error,0.00985930575216971,provisional_unverified,0.002267979797979798
382db1f8ede73f956341d7b461790125339762ec9d7cc96480f20aefe04d77e1,window_101,14.0,24.0,sequence_prediction_error,0.010146259009447165,provisional_unverified,0.002399911616161616
382db1f8ede73f956341d7b461790125339762ec9d7cc96480f20aefe04d77e1,window_102,16.0,26.0,sequence_prediction_error,0.010110510907520139,provisional_unverified,0.0025085984848484846
382db1f8ede73f956341d7b461790125339762ec9d7cc96480f20aefe04d77e1,window_103,18.0,28.0,sequence_prediction_error,0.01018082913028313,provisional_unverified,0.002217765151515151
382db1f8ede73f956341d7b461790125339762ec9d7cc96480f20aefe04d77e1,window_104,20.0,30.0,sequence_prediction_error,0.010235787041644235,provisional_unverified,0.0024708585858585863
382db1f8ede73f956341d7b461790125339762ec9d7cc96480f20aefe04d77e1,window_105,22.0,32.0,sequence_prediction_error,0.010070292704707218,provisional_unverified,0.0026418308080808084
382db1f8ede73f956341d7b461790125339762ec9d7cc96480f20aefe04d77e1,window_106,24.0,34.0,sequence_prediction_error,0.010390292674749611,provisional_unverified,0.0027158838383838386
382db1f8ede73f956341d7b461790125339762ec9d7cc96480f20aefe04d77e1,window_107,26.0,36.0,sequence_prediction_error,0.010030502012225929,provisional_unverified,0.0023754924242424245
382db1f8ede73f956341d7b461790125339762ec9d7cc96480f20aefe04d77e1,window_108,28.0,38.0,sequence_prediction_error,0.010182461944774516,provisional_unverified,0.002417449494949495
382db1f8ede73f956341d7b461790125339762ec9d7cc96480f20aefe04d77e1,window_109,30.0,40.0,sequence_prediction_error,0.010308218792306879,provisional_unverified,0.0021730050505050507
382db1f8ede73f956341d7b461790125339762ec9d7cc96480f20aefe04d77e1,window_110,32.0,42.0,sequence_prediction_error,0.010213084379024106,provisional_unverified,0.002206780303030303
382db1f8ede73f956341d7b461790125339762ec9d7cc96480f20aefe04d77e1,window_111,34.0,44.0,sequence_prediction_error,0.010163510687929918,provisional_unverified,0.0019943308080808075
382db1f8ede73f956341d7b461790125339762ec9d7cc96480f20aefe04d77e1,window_112,36.0,46.0,sequence_prediction_error,0.010348405692348394,provisional_unverified,0.0023466792929292928
382db1f8ede73f956341d7b461790125339762ec9d7cc96480f20aefe04d77e1,window_113,38.0,48.0,sequence_prediction_error,0.010325651890907422,provisional_unverified,0.0022582070707070703
382db1f8ede73f956341d7b461790125339762ec9d7cc96480f20aefe04d77e1,window_114,40.0,50.0,sequence_prediction_error,0.009979131834236057,provisional_unverified,0.0025076388888888882
382db1f8ede73f956341d7b461790125339762ec9d7cc96480f20aefe04d77e1,window_115,42.0,52.0,sequence_prediction_error,0.01009192815860421,provisional_unverified,0.002545214646464646
382db1f8ede73f956341d7b461790125339762ec9d7cc96480f20aefe04d77e1,window_116,44.0,54.0,sequence_prediction_error,0.010238587687336057,provisional_unverified,0.0026015151515151515
382db1f8ede73f956341d7b461790125339762ec9d7cc96480f20aefe04d77e1,window_117,46.0,56.0,sequence_prediction_error,0.010296465485553945,provisional_unverified,0.0023288888888888886
4c8d0190b666e26315ce16c862ca2e968d576e14537487162bbd73b9a47d0c07,window_118,0.0,10.0,sequence_prediction_error,0.16516463102561546,provisional_unverified,0.1141421738691693
4c8d0190b666e26315ce16c862ca2e968d576e14537487162bbd73b9a47d0c07,window_119,2.0,12.0,sequence_prediction_error,0.1543952987925714,provisional_unverified,0.11903711805549556
4c8d0190b666e26315ce16c862ca2e968d576e14537487162bbd73b9a47d0c07,window_120,4.0,14.0,sequence_prediction_error,0.16516310046618107,provisional_unverified,0.12126880652938427
4c8d0190b666e26315ce16c862ca2e968d576e14537487162bbd73b9a47d0c07,window_121,6.0,16.0,sequence_prediction_error,0.12545260467396785,provisional_unverified,0.10678108552241151
4c8d0190b666e26315ce16c862ca2e968d576e14537487162bbd73b9a47d0c07,window_122,8.0,18.0,sequence_prediction_error,0.26857134816488787,provisional_unverified,0.14365145394104958
4c8d0190b666e26315ce16c862ca2e968d576e14537487162bbd73b9a47d0c07,window_123,10.0,20.0,sequence_prediction_error,0.2727174293474692,provisional_unverified,0.1355922387398328
4c8d0190b666e26315ce16c862ca2e968d576e14537487162bbd73b9a47d0c07,window_124,12.0,22.0,sequence_prediction_error,0.2694050376597815,provisional_unverified,0.12670934591550975
554af5ad576c1c1d069356649e3bd1e2699a5801f6a0fa703e0c50db726bae3b,window_125,0.0,10.0,sequence_prediction_error,0.009564120418553961,provisional_unverified,1.755050505050485e-06
554af5ad576c1c1d069356649e3bd1e2699a5801f6a0fa703e0c50db726bae3b,window_126,2.0,12.0,sequence_prediction_error,0.009562069617840754,provisional_unverified,1.2878787878787766e-06
554af5ad576c1c1d069356649e3bd1e2699a5801f6a0fa703e0c50db726bae3b,window_127,4.0,14.0,sequence_prediction_error,0.00957296871646571,provisional_unverified,1.1994949494949399e-06
554af5ad576c1c1d069356649e3bd1e2699a5801f6a0fa703e0c50db726bae3b,window_128,6.0,16.0,sequence_prediction_error,0.009575194741235197,provisional_unverified,1.2626262626262523e-06
554af5ad576c1c1d069356649e3bd1e2699a5801f6a0fa703e0c50db726bae3b,window_129,8.0,18.0,sequence_prediction_error,0.00958731487853594,provisional_unverified,1.6666666666666576e-06
564a12f3d813c10242613a907d2b4981e7296739ba9a560571b3547dab1daa7f,window_130,0.0,10.0,sequence_prediction_error,0.014402001894869407,provisional_unverified,0.0034119445491405604
564a12f3d813c10242613a907d2b4981e7296739ba9a560571b3547dab1daa7f,window_131,2.0,12.0,sequence_prediction_error,0.014693400315076209,provisional_unverified,0.003386313206096071
564a12f3d813c10242613a907d2b4981e7296739ba9a560571b3547dab1daa7f,window_132,4.0,14.0,sequence_prediction_error,0.014802276742918055,provisional_unverified,0.0035310732921495836
564a12f3d813c10242613a907d2b4981e7296739ba9a560571b3547dab1daa7f,window_133,6.0,16.0,sequence_prediction_error,0.014564595099321386,provisional_unverified,0.0028608964646464645
564a12f3d813c10242613a907d2b4981e7296739ba9a560571b3547dab1daa7f,window_134,8.0,18.0,sequence_prediction_error,0.01492671339726011,provisional_unverified,0.002518939401417688
564a12f3d813c10242613a907d2b4981e7296739ba9a560571b3547dab1daa7f,window_135,10.0,20.0,sequence_prediction_error,0.014863671651952414,provisional_unverified,0.0028044697717526375
564a12f3d813c10242613a907d2b4981e7296739ba9a560571b3547dab1daa7f,window_136,12.0,22.0,sequence_prediction_error,0.014605277562323651,provisional_unverified,0.002831781118164351
564a12f3d813c10242613a907d2b4981e7296739ba9a560571b3547dab1daa7f,window_137,14.0,24.0,sequence_prediction_error,0.014178846393201765,provisional_unverified,0.0021076282817656476
564a12f3d813c10242613a907d2b4981e7296739ba9a560571b3547dab1daa7f,window_138,16.0,26.0,sequence_prediction_error,0.014448542987491061,provisional_unverified,0.002468461615098981
564a12f3d813c10242613a907d2b4981e7296739ba9a560571b3547dab1daa7f,window_139,18.0,28.0,sequence_prediction_error,0.013775680439960497,provisional_unverified,0.0028461383678191608
564a12f3d813c10242613a907d2b4981e7296739ba9a560571b3547dab1daa7f,window_140,20.0,30.0,sequence_prediction_error,0.01399986536426713,provisional_unverified,0.0025756585100130103
564a12f3d813c10242613a907d2b4981e7296739ba9a560571b3547dab1daa7f,window_141,22.0,32.0,sequence_prediction_error,0.014119214296693324,provisional_unverified,0.002849862502073799
564a12f3d813c10242613a907d2b4981e7296739ba9a560571b3547dab1daa7f,window_142,24.0,34.0,sequence_prediction_error,0.013972770919548343,provisional_unverified,0.0031575633855751286
564a12f3d813c10242613a907d2b4981e7296739ba9a560571b3547dab1daa7f,window_143,26.0,36.0,sequence_prediction_error,0.014045116011285682,provisional_unverified,0.0033040532845650273
564a12f3d813c10242613a907d2b4981e7296739ba9a560571b3547dab1daa7f,window_144,28.0,38.0,sequence_prediction_error,0.014484886762127063,provisional_unverified,0.003422879042140785
564a12f3d813c10242613a907d2b4981e7296739ba9a560571b3547dab1daa7f,window_145,30.0,40.0,sequence_prediction_error,0.014497426406082698,provisional_unverified,0.003054810860322603
564a12f3d813c10242613a907d2b4981e7296739ba9a560571b3547dab1daa7f,window_146,32.0,42.0,sequence_prediction_error,0.014302344441995163,provisional_unverified,0.0030894823232323235
564a12f3d813c10242613a907d2b4981e7296739ba9a560571b3547dab1daa7f,window_147,34.0,44.0,sequence_prediction_error,0.014426999738471849,provisional_unverified,0.002871780303030303
564a12f3d813c10242613a907d2b4981e7296739ba9a560571b3547dab1daa7f,window_148,36.0,46.0,sequence_prediction_error,0.014229234351137448,provisional_unverified,0.002565454545454546
564a12f3d813c10242613a907d2b4981e7296739ba9a560571b3547dab1daa7f,window_149,38.0,48.0,sequence_prediction_error,0.014443044963359386,provisional_unverified,0.0025972474747474753
564a12f3d813c10242613a907d2b4981e7296739ba9a560571b3547dab1daa7f,window_150,40.0,50.0,sequence_prediction_error,0.014718478597042112,provisional_unverified,0.0030083965095162295
564a12f3d813c10242613a907d2b4981e7296739ba9a560571b3547dab1daa7f,window_151,42.0,52.0,sequence_prediction_error,0.015138080673620987,provisional_unverified,0.0027430934792131985
564a12f3d813c10242613a907d2b4981e7296739ba9a560571b3547dab1daa7f,window_152,44.0,54.0,sequence_prediction_error,0.015076543956163322,provisional_unverified,0.002862234893354612
564a12f3d813c10242613a907d2b4981e7296739ba9a560571b3547dab1daa7f,window_153,46.0,56.0,sequence_prediction_error,0.014768137712585401,provisional_unverified,0.003170303075172794
5e9e04831922d971561f6ffb53b2c77744d905cca01dcc2fe043d10b2f63c613,window_154,0.0,10.0,sequence_prediction_error,0.5790376655378742,provisional_unverified,0.17771977807425968
5e9e04831922d971561f6ffb53b2c77744d905cca01dcc2fe043d10b2f63c613,window_155,2.0,12.0,sequence_prediction_error,0.5968212802867502,provisional_unverified,0.19970176709271414
5e9e04831922d971561f6ffb53b2c77744d905cca01dcc2fe043d10b2f63c613,window_156,4.0,14.0,sequence_prediction_error,0.5695540548056621,provisional_unverified,0.2163226219271446
5e9e04831922d971561f6ffb53b2c77744d905cca01dcc2fe043d10b2f63c613,window_157,6.0,16.0,sequence_prediction_error,0.20070205443200104,provisional_unverified,0.0953558700399697
5e9e04831922d971561f6ffb53b2c77744d905cca01dcc2fe043d10b2f63c613,window_158,8.0,18.0,sequence_prediction_error,0.22748128053155323,provisional_unverified,0.10875714426489012
5e9e04831922d971561f6ffb53b2c77744d905cca01dcc2fe043d10b2f63c613,window_159,10.0,20.0,sequence_prediction_error,0.24975902511950157,provisional_unverified,0.14206862374947704
5e9e04831922d971561f6ffb53b2c77744d905cca01dcc2fe043d10b2f63c613,window_160,12.0,22.0,sequence_prediction_error,0.2738996447428513,provisional_unverified,0.1559506687764267
5e9e04831922d971561f6ffb53b2c77744d905cca01dcc2fe043d10b2f63c613,window_161,14.0,24.0,sequence_prediction_error,0.2501180389509462,provisional_unverified,0.14761967106416254
5e9e04831922d971561f6ffb53b2c77744d905cca01dcc2fe043d10b2f63c613,window_162,16.0,26.0,sequence_prediction_error,0.24796057328016538,provisional_unverified,0.15078716653627092
5e9e04831922d971561f6ffb53b2c77744d905cca01dcc2fe043d10b2f63c613,window_163,18.0,28.0,sequence_prediction_error,0.18140108778899994,provisional_unverified,0.1231439149613084
5e9e04831922d971561f6ffb53b2c77744d905cca01dcc2fe043d10b2f63c613,window_164,20.0,30.0,sequence_prediction_error,0.15464175652571507,provisional_unverified,0.1036344914596509
5e9e04831922d971561f6ffb53b2c77744d905cca01dcc2fe043d10b2f63c613,window_165,22.0,32.0,sequence_prediction_error,0.11596841356126576,provisional_unverified,0.07161145214994522
5e9e04831922d971561f6ffb53b2c77744d905cca01dcc2fe043d10b2f63c613,window_166,24.0,34.0,sequence_prediction_error,0.10918733084091824,provisional_unverified,0.060528205582790554
5e9e04831922d971561f6ffb53b2c77744d905cca01dcc2fe043d10b2f63c613,window_167,26.0,36.0,sequence_prediction_error,0.14158828946738278,provisional_unverified,0.044323484233152764
5e9e04831922d971561f6ffb53b2c77744d905cca01dcc2fe043d10b2f63c613,window_168,28.0,38.0,sequence_prediction_error,0.15460935287372796,provisional_unverified,0.05909133763697173
5e9e04831922d971561f6ffb53b2c77744d905cca01dcc2fe043d10b2f63c613,window_169,30.0,40.0,sequence_prediction_error,0.1300405773684664,provisional_unverified,0.041259328438818646
629d7d57091b71c5c0c2c6f42218702e454b4ae60e20636885741c7c22fe1bb4,window_170,0.0,10.0,sequence_prediction_error,0.06317007207045063,provisional_unverified,0.026745897735931775
629d7d57091b71c5c0c2c6f42218702e454b4ae60e20636885741c7c22fe1bb4,window_171,2.0,12.0,sequence_prediction_error,0.08820636626795114,provisional_unverified,0.03607006486257488
629d7d57091b71c5c0c2c6f42218702e454b4ae60e20636885741c7c22fe1bb4,window_172,4.0,14.0,sequence_prediction_error,0.0931061587871553,provisional_unverified,0.03620186280156649
629d7d57091b71c5c0c2c6f42218702e454b4ae60e20636885741c7c22fe1bb4,window_173,6.0,16.0,sequence_prediction_error,0.09902629789872898,provisional_unverified,0.04656285982747652
629d7d57091b71c5c0c2c6f42218702e454b4ae60e20636885741c7c22fe1bb4,window_174,8.0,18.0,sequence_prediction_error,0.12519766212243383,provisional_unverified,0.0717703674444379
629d7d57091b71c5c0c2c6f42218702e454b4ae60e20636885741c7c22fe1bb4,window_175,10.0,20.0,sequence_prediction_error,0.1287809526859872,provisional_unverified,0.05849484067177504
629d7d57091b71c5c0c2c6f42218702e454b4ae60e20636885741c7c22fe1bb4,window_176,12.0,22.0,sequence_prediction_error,0.09333881017085396,provisional_unverified,0.04788533956624562
629d7d57091b71c5c0c2c6f42218702e454b4ae60e20636885741c7c22fe1bb4,window_177,14.0,24.0,sequence_prediction_error,0.08221470222383054,provisional_unverified,0.04754252964852965
629d7d57091b71c5c0c2c6f42218702e454b4ae60e20636885741c7c22fe1bb4,window_178,16.0,26.0,sequence_prediction_error,0.0643301672402784,provisional_unverified,0.03555994874377664
629d7d57091b71c5c0c2c6f42218702e454b4ae60e20636885741c7c22fe1bb4,window_179,18.0,28.0,sequence_prediction_error,0.02608428586010863,provisional_unverified,0.005440011217233018
629d7d57091b71c5c0c2c6f42218702e454b4ae60e20636885741c7c22fe1bb4,window_180,20.0,30.0,sequence_prediction_error,0.008482830086398899,provisional_unverified,5.878028941277834e-05
629d7d57091b71c5c0c2c6f42218702e454b4ae60e20636885741c7c22fe1bb4,window_181,22.0,32.0,sequence_prediction_error,0.00776394965900043,provisional_unverified,1.6001399567810484e-05
629d7d57091b71c5c0c2c6f42218702e454b4ae60e20636885741c7c22fe1bb4,window_182,24.0,34.0,sequence_prediction_error,0.008938646575277895,provisional_unverified,1.515151515151511e-06
629d7d57091b71c5c0c2c6f42218702e454b4ae60e20636885741c7c22fe1bb4,window_183,26.0,36.0,sequence_prediction_error,0.008943859581234358,provisional_unverified,1.3888888888888788e-06
629d7d57091b71c5c0c2c6f42218702e454b4ae60e20636885741c7c22fe1bb4,window_184,28.0,38.0,sequence_prediction_error,0.008944344487992755,provisional_unverified,1.502525252525242e-06
629d7d57091b71c5c0c2c6f42218702e454b4ae60e20636885741c7c22fe1bb4,window_185,30.0,40.0,sequence_prediction_error,0.05166741816923294,provisional_unverified,0.0043812664444215065
629d7d57091b71c5c0c2c6f42218702e454b4ae60e20636885741c7c22fe1bb4,window_186,32.0,42.0,sequence_prediction_error,0.07291206616201398,provisional_unverified,0.00832929131429527
629d7d57091b71c5c0c2c6f42218702e454b4ae60e20636885741c7c22fe1bb4,window_187,34.0,44.0,sequence_prediction_error,0.10421492424265702,provisional_unverified,0.020891812357225027
629d7d57091b71c5c0c2c6f42218702e454b4ae60e20636885741c7c22fe1bb4,window_188,36.0,46.0,sequence_prediction_error,0.10451068062984756,provisional_unverified,0.020923528430776404
629d7d57091b71c5c0c2c6f42218702e454b4ae60e20636885741c7c22fe1bb4,window_189,38.0,48.0,sequence_prediction_error,0.15847944664788843,provisional_unverified,0.04742096827840869
629d7d57091b71c5c0c2c6f42218702e454b4ae60e20636885741c7c22fe1bb4,window_190,40.0,50.0,sequence_prediction_error,0.12532798334979386,provisional_unverified,0.044561269814934426
629d7d57091b71c5c0c2c6f42218702e454b4ae60e20636885741c7c22fe1bb4,window_191,42.0,52.0,sequence_prediction_error,0.15225379938877076,provisional_unverified,0.0628064356093299
629d7d57091b71c5c0c2c6f42218702e454b4ae60e20636885741c7c22fe1bb4,window_192,44.0,54.0,sequence_prediction_error,0.16948496573942187,provisional_unverified,0.10297616575967523
629d7d57091b71c5c0c2c6f42218702e454b4ae60e20636885741c7c22fe1bb4,window_193,46.0,56.0,sequence_prediction_error,0.15601052634027152,provisional_unverified,0.08025736339054798
629d7d57091b71c5c0c2c6f42218702e454b4ae60e20636885741c7c22fe1bb4,window_194,48.0,58.0,sequence_prediction_error,0.13608562020346487,provisional_unverified,0.07963368701770734
629d7d57091b71c5c0c2c6f42218702e454b4ae60e20636885741c7c22fe1bb4,window_195,50.0,60.0,sequence_prediction_error,0.13759871932849108,provisional_unverified,0.07901444187926002
629d7d57091b71c5c0c2c6f42218702e454b4ae60e20636885741c7c22fe1bb4,window_196,52.0,62.0,sequence_prediction_error,0.09549942554767796,provisional_unverified,0.059465368501519435
629d7d57091b71c5c0c2c6f42218702e454b4ae60e20636885741c7c22fe1bb4,window_197,54.0,64.0,sequence_prediction_error,0.04306727768360958,provisional_unverified,0.009343834751872171
629d7d57091b71c5c0c2c6f42218702e454b4ae60e20636885741c7c22fe1bb4,window_198,56.0,66.0,sequence_prediction_error,0.0412575669056357,provisional_unverified,0.00939370931284449
629d7d57091b71c5c0c2c6f42218702e454b4ae60e20636885741c7c22fe1bb4,window_199,58.0,68.0,sequence_prediction_error,0.03425048196674274,provisional_unverified,0.006528517083814799
629d7d57091b71c5c0c2c6f42218702e454b4ae60e20636885741c7c22fe1bb4,window_200,60.0,70.0,sequence_prediction_error,0.03253563192123823,provisional_unverified,0.005289306931695952
629d7d57091b71c5c0c2c6f42218702e454b4ae60e20636885741c7c22fe1bb4,window_201,62.0,72.0,sequence_prediction_error,0.028117559865124767,provisional_unverified,0.0026882281379268873
629d7d57091b71c5c0c2c6f42218702e454b4ae60e20636885741c7c22fe1bb4,window_202,64.0,74.0,sequence_prediction_error,0.020150001955132897,provisional_unverified,0.002554765921875094
629d7d57091b71c5c0c2c6f42218702e454b4ae60e20636885741c7c22fe1bb4,window_203,66.0,76.0,sequence_prediction_error,0.012989826762988878,provisional_unverified,0.0021949619785621294
629d7d57091b71c5c0c2c6f42218702e454b4ae60e20636885741c7c22fe1bb4,window_204,68.0,78.0,sequence_prediction_error,0.009823865256668653,provisional_unverified,0.002201034164621924
629d7d57091b71c5c0c2c6f42218702e454b4ae60e20636885741c7c22fe1bb4,window_205,70.0,80.0,sequence_prediction_error,0.011957069679997965,provisional_unverified,0.008680909436082428
629d7d57091b71c5c0c2c6f42218702e454b4ae60e20636885741c7c22fe1bb4,window_206,72.0,82.0,sequence_prediction_error,0.013865290530767523,provisional_unverified,0.010516936575888867
629d7d57091b71c5c0c2c6f42218702e454b4ae60e20636885741c7c22fe1bb4,window_207,74.0,84.0,sequence_prediction_error,0.012871387338652975,provisional_unverified,0.009189351116462845
667a6e15a4394db30d7cce7a4db319041453bfa306b566a87e84b213d81efb29,window_208,0.0,10.0,sequence_prediction_error,0.638069717170612,provisional_unverified,0.46098976835507227
667a6e15a4394db30d7cce7a4db319041453bfa306b566a87e84b213d81efb29,window_209,2.0,12.0,sequence_prediction_error,0.6850269363428507,provisional_unverified,0.5179850162567411
667a6e15a4394db30d7cce7a4db319041453bfa306b566a87e84b213d81efb29,window_210,4.0,14.0,sequence_prediction_error,0.6990692964944407,provisional_unverified,0.5299202948863272
667a6e15a4394db30d7cce7a4db319041453bfa306b566a87e84b213d81efb29,window_211,6.0,16.0,sequence_prediction_error,0.44271342758971366,provisional_unverified,0.39193324288071496
667a6e15a4394db30d7cce7a4db319041453bfa306b566a87e84b213d81efb29,window_212,8.0,18.0,sequence_prediction_error,0.37045486059889254,provisional_unverified,0.33902233290516043
667a6e15a4394db30d7cce7a4db319041453bfa306b566a87e84b213d81efb29,window_213,10.0,20.0,sequence_prediction_error,0.17965006201311676,provisional_unverified,0.11585096839784918
667a6e15a4394db30d7cce7a4db319041453bfa306b566a87e84b213d81efb29,window_214,12.0,22.0,sequence_prediction_error,0.07458459838644997,provisional_unverified,0.03335677491003363
667a6e15a4394db30d7cce7a4db319041453bfa306b566a87e84b213d81efb29,window_215,14.0,24.0,sequence_prediction_error,0.042958230871255526,provisional_unverified,0.02021751967059851
667a6e15a4394db30d7cce7a4db319041453bfa306b566a87e84b213d81efb29,window_216,16.0,26.0,sequence_prediction_error,0.01016442662393512,provisional_unverified,0.0006619680735999436
667a6e15a4394db30d7cce7a4db319041453bfa306b566a87e84b213d81efb29,window_217,18.0,28.0,sequence_prediction_error,0.009145598687844403,provisional_unverified,0.0006265131313812537
667a6e15a4394db30d7cce7a4db319041453bfa306b566a87e84b213d81efb29,window_218,20.0,30.0,sequence_prediction_error,0.00965710759078809,provisional_unverified,0.0003161004916290835
667a6e15a4394db30d7cce7a4db319041453bfa306b566a87e84b213d81efb29,window_219,22.0,32.0,sequence_prediction_error,0.00942501256848046,provisional_unverified,0.00027889067295093245
667a6e15a4394db30d7cce7a4db319041453bfa306b566a87e84b213d81efb29,window_220,24.0,34.0,sequence_prediction_error,0.017377478311166258,provisional_unverified,0.00100184873099768
667a6e15a4394db30d7cce7a4db319041453bfa306b566a87e84b213d81efb29,window_221,26.0,36.0,sequence_prediction_error,0.029945390960308373,provisional_unverified,0.0012404834897105843
667a6e15a4394db30d7cce7a4db319041453bfa306b566a87e84b213d81efb29,window_222,28.0,38.0,sequence_prediction_error,0.037919233465315415,provisional_unverified,0.003825788862521514
667a6e15a4394db30d7cce7a4db319041453bfa306b566a87e84b213d81efb29,window_223,30.0,40.0,sequence_prediction_error,0.12331205482961727,provisional_unverified,0.030844887686616276
667a6e15a4394db30d7cce7a4db319041453bfa306b566a87e84b213d81efb29,window_224,32.0,42.0,sequence_prediction_error,0.1528438954272792,provisional_unverified,0.03620467352282262
667a6e15a4394db30d7cce7a4db319041453bfa306b566a87e84b213d81efb29,window_225,34.0,44.0,sequence_prediction_error,0.8175319487872311,provisional_unverified,0.07839692890530096
667a6e15a4394db30d7cce7a4db319041453bfa306b566a87e84b213d81efb29,window_226,36.0,46.0,sequence_prediction_error,1.09645810524235,provisional_unverified,0.19528851022367374
667a6e15a4394db30d7cce7a4db319041453bfa306b566a87e84b213d81efb29,window_227,38.0,48.0,sequence_prediction_error,1.1029028237028151,provisional_unverified,0.19447909624402027
667a6e15a4394db30d7cce7a4db319041453bfa306b566a87e84b213d81efb29,window_228,40.0,50.0,sequence_prediction_error,1.0832617381455403,provisional_unverified,0.18200809755774716
667a6e15a4394db30d7cce7a4db319041453bfa306b566a87e84b213d81efb29,window_229,42.0,52.0,sequence_prediction_error,1.2539435581960943,provisional_unverified,0.18582249190746902
667a6e15a4394db30d7cce7a4db319041453bfa306b566a87e84b213d81efb29,window_230,44.0,54.0,sequence_prediction_error,0.6664096103671615,provisional_unverified,0.23991929373723717
667a6e15a4394db30d7cce7a4db319041453bfa306b566a87e84b213d81efb29,window_231,46.0,56.0,sequence_prediction_error,0.47282104861461755,provisional_unverified,0.18806470906172473
667a6e15a4394db30d7cce7a4db319041453bfa306b566a87e84b213d81efb29,window_232,48.0,58.0,sequence_prediction_error,0.6258878701655816,provisional_unverified,0.2382831532944818
667a6e15a4394db30d7cce7a4db319041453bfa306b566a87e84b213d81efb29,window_233,50.0,60.0,sequence_prediction_error,0.656351664131406,provisional_unverified,0.26733741423726537
667a6e15a4394db30d7cce7a4db319041453bfa306b566a87e84b213d81efb29,window_234,52.0,62.0,sequence_prediction_error,0.5288287657192599,provisional_unverified,0.2835922913281655
667a6e15a4394db30d7cce7a4db319041453bfa306b566a87e84b213d81efb29,window_235,54.0,64.0,sequence_prediction_error,0.525922825288629,provisional_unverified,0.23686706419385084
667a6e15a4394db30d7cce7a4db319041453bfa306b566a87e84b213d81efb29,window_236,56.0,66.0,sequence_prediction_error,0.5701737638264973,provisional_unverified,0.23437392100020218
667a6e15a4394db30d7cce7a4db319041453bfa306b566a87e84b213d81efb29,window_237,58.0,68.0,sequence_prediction_error,0.4975208406158131,provisional_unverified,0.27889421852530133
667a6e15a4394db30d7cce7a4db319041453bfa306b566a87e84b213d81efb29,window_238,60.0,70.0,sequence_prediction_error,0.4524634905863,provisional_unverified,0.26298429328105066
667a6e15a4394db30d7cce7a4db319041453bfa306b566a87e84b213d81efb29,window_239,62.0,72.0,sequence_prediction_error,0.41351066237473494,provisional_unverified,0.25945313936308295
667a6e15a4394db30d7cce7a4db319041453bfa306b566a87e84b213d81efb29,window_240,64.0,74.0,sequence_prediction_error,0.3613457833651211,provisional_unverified,0.23089267527341234
667a6e15a4394db30d7cce7a4db319041453bfa306b566a87e84b213d81efb29,window_241,66.0,76.0,sequence_prediction_error,0.25262229207406245,provisional_unverified,0.17578883457735894
667a6e15a4394db30d7cce7a4db319041453bfa306b566a87e84b213d81efb29,window_242,68.0,78.0,sequence_prediction_error,0.23841732367923843,provisional_unverified,0.10014289792475498
667a6e15a4394db30d7cce7a4db319041453bfa306b566a87e84b213d81efb29,window_243,70.0,80.0,sequence_prediction_error,0.1842237552122068,provisional_unverified,0.10291305774156831
667a6e15a4394db30d7cce7a4db319041453bfa306b566a87e84b213d81efb29,window_244,72.0,82.0,sequence_prediction_error,0.17966520697904068,provisional_unverified,0.08683467377347515
667a6e15a4394db30d7cce7a4db319041453bfa306b566a87e84b213d81efb29,window_245,74.0,84.0,sequence_prediction_error,0.21189242515616982,provisional_unverified,0.12403334812475367
667a6e15a4394db30d7cce7a4db319041453bfa306b566a87e84b213d81efb29,window_246,76.0,86.0,sequence_prediction_error,0.26231095300149,provisional_unverified,0.17002099033608234
667a6e15a4394db30d7cce7a4db319041453bfa306b566a87e84b213d81efb29,window_247,78.0,88.0,sequence_prediction_error,0.2753438619810231,provisional_unverified,0.22059041582959843
667a6e15a4394db30d7cce7a4db319041453bfa306b566a87e84b213d81efb29,window_248,80.0,90.0,sequence_prediction_error,0.28282480450269903,provisional_unverified,0.2261111100591924
667a6e15a4394db30d7cce7a4db319041453bfa306b566a87e84b213d81efb29,window_249,82.0,92.0,sequence_prediction_error,0.28881132907490314,provisional_unverified,0.2542740960260849
667a6e15a4394db30d7cce7a4db319041453bfa306b566a87e84b213d81efb29,window_250,84.0,94.0,sequence_prediction_error,0.2696643058195197,provisional_unverified,0.2645097259961795
667a6e15a4394db30d7cce7a4db319041453bfa306b566a87e84b213d81efb29,window_251,86.0,96.0,sequence_prediction_error,0.26244509097801333,provisional_unverified,0.22985816471636153
667a6e15a4394db30d7cce7a4db319041453bfa306b566a87e84b213d81efb29,window_252,88.0,98.0,sequence_prediction_error,0.17053899407864817,provisional_unverified,0.14090224454885258
667a6e15a4394db30d7cce7a4db319041453bfa306b566a87e84b213d81efb29,window_253,90.0,100.0,sequence_prediction_error,0.1947870204398812,provisional_unverified,0.16851114943812362
667a6e15a4394db30d7cce7a4db319041453bfa306b566a87e84b213d81efb29,window_254,92.0,102.0,sequence_prediction_error,0.26009343152995734,provisional_unverified,0.14990469695833122
667a6e15a4394db30d7cce7a4db319041453bfa306b566a87e84b213d81efb29,window_255,94.0,104.0,sequence_prediction_error,0.21444913394147802,provisional_unverified,0.09389951614938372
667a6e15a4394db30d7cce7a4db319041453bfa306b566a87e84b213d81efb29,window_256,96.0,106.0,sequence_prediction_error,0.1789890699922611,provisional_unverified,0.08436396910490071
667a6e15a4394db30d7cce7a4db319041453bfa306b566a87e84b213d81efb29,window_257,98.0,108.0,sequence_prediction_error,0.1768440055929502,provisional_unverified,0.08436693529607146
667a6e15a4394db30d7cce7a4db319041453bfa306b566a87e84b213d81efb29,window_258,100.0,110.0,sequence_prediction_error,0.11926444387083504,provisional_unverified,0.03783309112154769
667a6e15a4394db30d7cce7a4db319041453bfa306b566a87e84b213d81efb29,window_259,102.0,112.0,sequence_prediction_error,0.009460780309530481,provisional_unverified,6.315530813057433e-05
667a6e15a4394db30d7cce7a4db319041453bfa306b566a87e84b213d81efb29,window_260,104.0,114.0,sequence_prediction_error,0.007124495852626996,provisional_unverified,4.9617340281598176e-05
667a6e15a4394db30d7cce7a4db319041453bfa306b566a87e84b213d81efb29,window_261,106.0,116.0,sequence_prediction_error,0.006877459609282554,provisional_unverified,3.785949128151735e-05
667a6e15a4394db30d7cce7a4db319041453bfa306b566a87e84b213d81efb29,window_262,108.0,118.0,sequence_prediction_error,0.008069071481071891,provisional_unverified,2.063172918545291e-05
667a6e15a4394db30d7cce7a4db319041453bfa306b566a87e84b213d81efb29,window_263,110.0,120.0,sequence_prediction_error,0.009131462617214932,provisional_unverified,8.970490126982996e-06
667a6e15a4394db30d7cce7a4db319041453bfa306b566a87e84b213d81efb29,window_264,112.0,122.0,sequence_prediction_error,0.009175638770563845,provisional_unverified,4.2298100340600905e-06
667a6e15a4394db30d7cce7a4db319041453bfa306b566a87e84b213d81efb29,window_265,114.0,124.0,sequence_prediction_error,0.009061599782123186,provisional_unverified,2.651542162365299e-06
667a6e15a4394db30d7cce7a4db319041453bfa306b566a87e84b213d81efb29,window_266,116.0,126.0,sequence_prediction_error,0.008980815460218125,provisional_unverified,4.967110622006603e-05
667a6e15a4394db30d7cce7a4db319041453bfa306b566a87e84b213d81efb29,window_267,118.0,128.0,sequence_prediction_error,0.012410606877371992,provisional_unverified,0.0013013453805065646
667a6e15a4394db30d7cce7a4db319041453bfa306b566a87e84b213d81efb29,window_268,120.0,130.0,sequence_prediction_error,0.02919904122648692,provisional_unverified,0.0022778352348579566
667a6e15a4394db30d7cce7a4db319041453bfa306b566a87e84b213d81efb29,window_269,122.0,132.0,sequence_prediction_error,0.07558022545804104,provisional_unverified,0.018785601535739965
667a6e15a4394db30d7cce7a4db319041453bfa306b566a87e84b213d81efb29,window_270,124.0,134.0,sequence_prediction_error,0.09949808958372333,provisional_unverified,0.028642852392113907
667a6e15a4394db30d7cce7a4db319041453bfa306b566a87e84b213d81efb29,window_271,126.0,136.0,sequence_prediction_error,0.23779889491381673,provisional_unverified,0.03667361093364224
667a6e15a4394db30d7cce7a4db319041453bfa306b566a87e84b213d81efb29,window_272,128.0,138.0,sequence_prediction_error,0.7992846756319137,provisional_unverified,0.1665857658737679
667a6e15a4394db30d7cce7a4db319041453bfa306b566a87e84b213d81efb29,window_273,130.0,140.0,sequence_prediction_error,0.8573028825812493,provisional_unverified,0.2072576948919172
667a6e15a4394db30d7cce7a4db319041453bfa306b566a87e84b213d81efb29,window_274,132.0,142.0,sequence_prediction_error,0.893968581490795,provisional_unverified,0.21863408059530626
667a6e15a4394db30d7cce7a4db319041453bfa306b566a87e84b213d81efb29,window_275,134.0,144.0,sequence_prediction_error,0.9358501767864543,provisional_unverified,0.2615949663334313
667a6e15a4394db30d7cce7a4db319041453bfa306b566a87e84b213d81efb29,window_276,136.0,146.0,sequence_prediction_error,0.8615553537750684,provisional_unverified,0.27384606054101723
667a6e15a4394db30d7cce7a4db319041453bfa306b566a87e84b213d81efb29,window_277,138.0,148.0,sequence_prediction_error,0.31942266765687977,provisional_unverified,0.17417050454223187
667a6e15a4394db30d7cce7a4db319041453bfa306b566a87e84b213d81efb29,window_278,140.0,150.0,sequence_prediction_error,0.5931214951287385,provisional_unverified,0.42169628498466033
667a6e15a4394db30d7cce7a4db319041453bfa306b566a87e84b213d81efb29,window_279,142.0,152.0,sequence_prediction_error,0.5426487838420961,provisional_unverified,0.4137379983424715
667a6e15a4394db30d7cce7a4db319041453bfa306b566a87e84b213d81efb29,window_280,144.0,154.0,sequence_prediction_error,0.5128202442813125,provisional_unverified,0.3848863056163886
667a6e15a4394db30d7cce7a4db319041453bfa306b566a87e84b213d81efb29,window_281,146.0,156.0,sequence_prediction_error,0.5086057929380282,provisional_unverified,0.369227948473741
667a6e15a4394db30d7cce7a4db319041453bfa306b566a87e84b213d81efb29,window_282,148.0,158.0,sequence_prediction_error,0.5053799507919612,provisional_unverified,0.36074296552115287
667a6e15a4394db30d7cce7a4db319041453bfa306b566a87e84b213d81efb29,window_283,150.0,160.0,sequence_prediction_error,0.169565484372661,provisional_unverified,0.07360571095828143
667a6e15a4394db30d7cce7a4db319041453bfa306b566a87e84b213d81efb29,window_284,152.0,162.0,sequence_prediction_error,0.15262314758884094,provisional_unverified,0.04090382715453668
667a6e15a4394db30d7cce7a4db319041453bfa306b566a87e84b213d81efb29,window_285,154.0,164.0,sequence_prediction_error,0.34597345611711333,provisional_unverified,0.1552367801043211
667a6e15a4394db30d7cce7a4db319041453bfa306b566a87e84b213d81efb29,window_286,156.0,166.0,sequence_prediction_error,0.5370697345495551,provisional_unverified,0.253054073208094
667a6e15a4394db30d7cce7a4db319041453bfa306b566a87e84b213d81efb29,window_287,158.0,168.0,sequence_prediction_error,0.8345209053897367,provisional_unverified,0.40966981850993495
667a6e15a4394db30d7cce7a4db319041453bfa306b566a87e84b213d81efb29,window_288,160.0,170.0,sequence_prediction_error,1.0269642179211835,provisional_unverified,0.49679038553081756
667a6e15a4394db30d7cce7a4db319041453bfa306b566a87e84b213d81efb29,window_289,162.0,172.0,sequence_prediction_error,1.1252148649470233,provisional_unverified,0.5285169706626007
667a6e15a4394db30d7cce7a4db319041453bfa306b566a87e84b213d81efb29,window_290,164.0,174.0,sequence_prediction_error,0.9328866316685349,provisional_unverified,0.404561123903169
667a6e15a4394db30d7cce7a4db319041453bfa306b566a87e84b213d81efb29,window_291,166.0,176.0,sequence_prediction_error,0.7432470698925805,provisional_unverified,0.2996974174782333
667a6e15a4394db30d7cce7a4db319041453bfa306b566a87e84b213d81efb29,window_292,168.0,178.0,sequence_prediction_error,0.41947981987074423,provisional_unverified,0.15076638167187797
667a6e15a4394db30d7cce7a4db319041453bfa306b566a87e84b213d81efb29,window_293,170.0,180.0,sequence_prediction_error,0.2922229132804293,provisional_unverified,0.1188627157225381
667a6e15a4394db30d7cce7a4db319041453bfa306b566a87e84b213d81efb29,window_294,172.0,182.0,sequence_prediction_error,0.21825354613121864,provisional_unverified,0.15793196086439334
667a6e15a4394db30d7cce7a4db319041453bfa306b566a87e84b213d81efb29,window_295,174.0,184.0,sequence_prediction_error,0.27435442331349885,provisional_unverified,0.2119129681226939
667a6e15a4394db30d7cce7a4db319041453bfa306b566a87e84b213d81efb29,window_296,176.0,186.0,sequence_prediction_error,0.22718422481591058,provisional_unverified,0.21503119698085285
667a6e15a4394db30d7cce7a4db319041453bfa306b566a87e84b213d81efb29,window_297,178.0,188.0,sequence_prediction_error,0.22660075629954315,provisional_unverified,0.21635750239605925
667a6e15a4394db30d7cce7a4db319041453bfa306b566a87e84b213d81efb29,window_298,180.0,190.0,sequence_prediction_error,0.20683342359739923,provisional_unverified,0.19745260064656817
667a6e15a4394db30d7cce7a4db319041453bfa306b566a87e84b213d81efb29,window_299,182.0,192.0,sequence_prediction_error,0.22600362133209254,provisional_unverified,0.1577452255361073
667a6e15a4394db30d7cce7a4db319041453bfa306b566a87e84b213d81efb29,window_300,184.0,194.0,sequence_prediction_error,0.3706579902961229,provisional_unverified,0.20957431402713125
667a6e15a4394db30d7cce7a4db319041453bfa306b566a87e84b213d81efb29,window_301,186.0,196.0,sequence_prediction_error,0.49475322343222256,provisional_unverified,0.34064341326010966
667a6e15a4394db30d7cce7a4db319041453bfa306b566a87e84b213d81efb29,window_302,188.0,198.0,sequence_prediction_error,0.8741273670023078,provisional_unverified,0.4580017437250779
667a6e15a4394db30d7cce7a4db319041453bfa306b566a87e84b213d81efb29,window_303,190.0,200.0,sequence_prediction_error,0.9895026336317456,provisional_unverified,0.4791518061205548
667a6e15a4394db30d7cce7a4db319041453bfa306b566a87e84b213d81efb29,window_304,192.0,202.0,sequence_prediction_error,0.9365477434835471,provisional_unverified,0.4484663411363895
667a6e15a4394db30d7cce7a4db319041453bfa306b566a87e84b213d81efb29,window_305,194.0,204.0,sequence_prediction_error,0.7717544609667084,provisional_unverified,0.3693913264385935
667a6e15a4394db30d7cce7a4db319041453bfa306b566a87e84b213d81efb29,window_306,196.0,206.0,sequence_prediction_error,0.6895640359280828,provisional_unverified,0.23225402162528339
667a6e15a4394db30d7cce7a4db319041453bfa306b566a87e84b213d81efb29,window_307,198.0,208.0,sequence_prediction_error,0.3259096587577974,provisional_unverified,0.13475914011561607
667a6e15a4394db30d7cce7a4db319041453bfa306b566a87e84b213d81efb29,window_308,200.0,210.0,sequence_prediction_error,0.20405531800650345,provisional_unverified,0.08889147890755725
667a6e15a4394db30d7cce7a4db319041453bfa306b566a87e84b213d81efb29,window_309,202.0,212.0,sequence_prediction_error,0.1895569843382652,provisional_unverified,0.0901868310229915
667a6e15a4394db30d7cce7a4db319041453bfa306b566a87e84b213d81efb29,window_310,204.0,214.0,sequence_prediction_error,0.17967804087652023,provisional_unverified,0.08246236437818484
667a6e15a4394db30d7cce7a4db319041453bfa306b566a87e84b213d81efb29,window_311,206.0,216.0,sequence_prediction_error,0.16838747666144027,provisional_unverified,0.0981668779576542
667a6e15a4394db30d7cce7a4db319041453bfa306b566a87e84b213d81efb29,window_312,208.0,218.0,sequence_prediction_error,0.12739280495972127,provisional_unverified,0.07703233733410232
667a6e15a4394db30d7cce7a4db319041453bfa306b566a87e84b213d81efb29,window_313,210.0,220.0,sequence_prediction_error,0.10043815484606243,provisional_unverified,0.0624340374974968
667a6e15a4394db30d7cce7a4db319041453bfa306b566a87e84b213d81efb29,window_314,212.0,222.0,sequence_prediction_error,0.26008434218718846,provisional_unverified,0.10524203114188731
667a6e15a4394db30d7cce7a4db319041453bfa306b566a87e84b213d81efb29,window_315,214.0,224.0,sequence_prediction_error,0.25221461760829095,provisional_unverified,0.10208110124335355
667a6e15a4394db30d7cce7a4db319041453bfa306b566a87e84b213d81efb29,window_316,216.0,226.0,sequence_prediction_error,0.23035554698397104,provisional_unverified,0.08140435704471195
667a6e15a4394db30d7cce7a4db319041453bfa306b566a87e84b213d81efb29,window_317,218.0,228.0,sequence_prediction_error,0.20784112099988478,provisional_unverified,0.06759106309461434
67460352e955edbaf8a0e73406f2aa4726aa14abea0a93abbe0484dccf14d5c3,window_318,0.0,10.0,sequence_prediction_error,0.23013856012791278,provisional_unverified,0.010751481616236236
67460352e955edbaf8a0e73406f2aa4726aa14abea0a93abbe0484dccf14d5c3,window_319,2.0,12.0,sequence_prediction_error,0.6829285224122177,provisional_unverified,0.2890356179365835
67460352e955edbaf8a0e73406f2aa4726aa14abea0a93abbe0484dccf14d5c3,window_320,4.0,14.0,sequence_prediction_error,0.7263151193450555,provisional_unverified,0.2890472907150542
67460352e955edbaf8a0e73406f2aa4726aa14abea0a93abbe0484dccf14d5c3,window_321,6.0,16.0,sequence_prediction_error,0.7487833107657607,provisional_unverified,0.2891324225005329
67460352e955edbaf8a0e73406f2aa4726aa14abea0a93abbe0484dccf14d5c3,window_322,8.0,18.0,sequence_prediction_error,0.8353996761921605,provisional_unverified,0.3016528417424446
67460352e955edbaf8a0e73406f2aa4726aa14abea0a93abbe0484dccf14d5c3,window_323,10.0,20.0,sequence_prediction_error,0.7997651661878658,provisional_unverified,0.35233290061358796
67460352e955edbaf8a0e73406f2aa4726aa14abea0a93abbe0484dccf14d5c3,window_324,12.0,22.0,sequence_prediction_error,0.5336756374771106,provisional_unverified,0.13436108146198195
67460352e955edbaf8a0e73406f2aa4726aa14abea0a93abbe0484dccf14d5c3,window_325,14.0,24.0,sequence_prediction_error,0.5132725260586818,provisional_unverified,0.1399592279563778
67460352e955edbaf8a0e73406f2aa4726aa14abea0a93abbe0484dccf14d5c3,window_326,16.0,26.0,sequence_prediction_error,0.5012552083112242,provisional_unverified,0.14145316750840142
67460352e955edbaf8a0e73406f2aa4726aa14abea0a93abbe0484dccf14d5c3,window_327,18.0,28.0,sequence_prediction_error,0.3979800086748984,provisional_unverified,0.12404243265297626
67460352e955edbaf8a0e73406f2aa4726aa14abea0a93abbe0484dccf14d5c3,window_328,20.0,30.0,sequence_prediction_error,0.27048207201481117,provisional_unverified,0.06767461284044002
67460352e955edbaf8a0e73406f2aa4726aa14abea0a93abbe0484dccf14d5c3,window_329,22.0,32.0,sequence_prediction_error,0.06362540886976532,provisional_unverified,0.009221224519638966
67460352e955edbaf8a0e73406f2aa4726aa14abea0a93abbe0484dccf14d5c3,window_330,24.0,34.0,sequence_prediction_error,0.057656128038330416,provisional_unverified,0.00581361523893262
67460352e955edbaf8a0e73406f2aa4726aa14abea0a93abbe0484dccf14d5c3,window_331,26.0,36.0,sequence_prediction_error,0.07151872143767941,provisional_unverified,0.013686575070756948
67460352e955edbaf8a0e73406f2aa4726aa14abea0a93abbe0484dccf14d5c3,window_332,28.0,38.0,sequence_prediction_error,0.08077482667099149,provisional_unverified,0.023139738476180855
6939b3836a088e9113eb3bffcf362bed963a71bbd9012ecb56dc61e6d500da39,window_333,0.0,10.0,sequence_prediction_error,0.503386533198847,provisional_unverified,0.3525371237668174
6939b3836a088e9113eb3bffcf362bed963a71bbd9012ecb56dc61e6d500da39,window_334,2.0,12.0,sequence_prediction_error,0.5580084466470664,provisional_unverified,0.49384793534221955
6939b3836a088e9113eb3bffcf362bed963a71bbd9012ecb56dc61e6d500da39,window_335,4.0,14.0,sequence_prediction_error,0.5821464255900547,provisional_unverified,0.5247705896436637
6939b3836a088e9113eb3bffcf362bed963a71bbd9012ecb56dc61e6d500da39,window_336,6.0,16.0,sequence_prediction_error,0.49865392942236975,provisional_unverified,0.4823503525431823
6939b3836a088e9113eb3bffcf362bed963a71bbd9012ecb56dc61e6d500da39,window_337,8.0,18.0,sequence_prediction_error,0.3182379847788994,provisional_unverified,0.4259439494600502
6939b3836a088e9113eb3bffcf362bed963a71bbd9012ecb56dc61e6d500da39,window_338,10.0,20.0,sequence_prediction_error,0.18801152345855637,provisional_unverified,0.1969982388442362
6939b3836a088e9113eb3bffcf362bed963a71bbd9012ecb56dc61e6d500da39,window_339,12.0,22.0,sequence_prediction_error,0.14415426577634788,provisional_unverified,0.07756930702864161
6939b3836a088e9113eb3bffcf362bed963a71bbd9012ecb56dc61e6d500da39,window_340,14.0,24.0,sequence_prediction_error,0.28847147156035663,provisional_unverified,0.05551005768455822
6939b3836a088e9113eb3bffcf362bed963a71bbd9012ecb56dc61e6d500da39,window_341,16.0,26.0,sequence_prediction_error,0.47823427886232706,provisional_unverified,0.049285161475326696
6939b3836a088e9113eb3bffcf362bed963a71bbd9012ecb56dc61e6d500da39,window_342,18.0,28.0,sequence_prediction_error,0.7757616647004303,provisional_unverified,0.36504532088269237
6939b3836a088e9113eb3bffcf362bed963a71bbd9012ecb56dc61e6d500da39,window_343,20.0,30.0,sequence_prediction_error,0.8483609082719247,provisional_unverified,0.500882506481162
6939b3836a088e9113eb3bffcf362bed963a71bbd9012ecb56dc61e6d500da39,window_344,22.0,32.0,sequence_prediction_error,0.8116311101576119,provisional_unverified,0.4879837879744061
6939b3836a088e9113eb3bffcf362bed963a71bbd9012ecb56dc61e6d500da39,window_345,24.0,34.0,sequence_prediction_error,0.6362917092501582,provisional_unverified,0.4754605289201866
6939b3836a088e9113eb3bffcf362bed963a71bbd9012ecb56dc61e6d500da39,window_346,26.0,36.0,sequence_prediction_error,0.40773942126495577,provisional_unverified,0.4680605058939145
6939b3836a088e9113eb3bffcf362bed963a71bbd9012ecb56dc61e6d500da39,window_347,28.0,38.0,sequence_prediction_error,0.07303648191387163,provisional_unverified,0.10117381088731689
6939b3836a088e9113eb3bffcf362bed963a71bbd9012ecb56dc61e6d500da39,window_348,30.0,40.0,sequence_prediction_error,0.007216909751789465,provisional_unverified,4.411408860239912e-05
6939b3836a088e9113eb3bffcf362bed963a71bbd9012ecb56dc61e6d500da39,window_349,32.0,42.0,sequence_prediction_error,0.008365428114283511,provisional_unverified,1.1211054192678617e-05
6939b3836a088e9113eb3bffcf362bed963a71bbd9012ecb56dc61e6d500da39,window_350,34.0,44.0,sequence_prediction_error,0.008938679072890303,provisional_unverified,2.891414141414112e-06
6939b3836a088e9113eb3bffcf362bed963a71bbd9012ecb56dc61e6d500da39,window_351,36.0,46.0,sequence_prediction_error,0.008937273536983065,provisional_unverified,2.4873737373737203e-06
6939b3836a088e9113eb3bffcf362bed963a71bbd9012ecb56dc61e6d500da39,window_352,38.0,48.0,sequence_prediction_error,0.019055094890780354,provisional_unverified,0.0005757695977823717
6939b3836a088e9113eb3bffcf362bed963a71bbd9012ecb56dc61e6d500da39,window_353,40.0,50.0,sequence_prediction_error,0.027154461596723238,provisional_unverified,0.00137647215212652
6939b3836a088e9113eb3bffcf362bed963a71bbd9012ecb56dc61e6d500da39,window_354,42.0,52.0,sequence_prediction_error,0.027280514972812524,provisional_unverified,0.0013772085727864311
6939b3836a088e9113eb3bffcf362bed963a71bbd9012ecb56dc61e6d500da39,window_355,44.0,54.0,sequence_prediction_error,0.027402103852835504,provisional_unverified,0.001377158067735926
6939b3836a088e9113eb3bffcf362bed963a71bbd9012ecb56dc61e6d500da39,window_356,46.0,56.0,sequence_prediction_error,0.04643372944997996,provisional_unverified,0.00228862483987969
6939b3836a088e9113eb3bffcf362bed963a71bbd9012ecb56dc61e6d500da39,window_357,48.0,58.0,sequence_prediction_error,0.04918818109352412,provisional_unverified,0.0034554399665504935
6939b3836a088e9113eb3bffcf362bed963a71bbd9012ecb56dc61e6d500da39,window_358,50.0,60.0,sequence_prediction_error,0.04532567749884354,provisional_unverified,0.0028417552683143573
6939b3836a088e9113eb3bffcf362bed963a71bbd9012ecb56dc61e6d500da39,window_359,52.0,62.0,sequence_prediction_error,0.04742012430826557,provisional_unverified,0.003100607143811921
6939b3836a088e9113eb3bffcf362bed963a71bbd9012ecb56dc61e6d500da39,window_360,54.0,64.0,sequence_prediction_error,0.04872251395220975,provisional_unverified,0.004219039963097235
6faa006353747cbeb4e6d2e90954728110cb94fabfcd41e319270d4cde22f117,window_361,0.0,10.0,sequence_prediction_error,0.10276122913091024,provisional_unverified,0.009933281575568512
6faa006353747cbeb4e6d2e90954728110cb94fabfcd41e319270d4cde22f117,window_362,2.0,12.0,sequence_prediction_error,0.4427909103658314,provisional_unverified,0.016629797407556098
6faa006353747cbeb4e6d2e90954728110cb94fabfcd41e319270d4cde22f117,window_363,4.0,14.0,sequence_prediction_error,0.7652512425758323,provisional_unverified,0.2875511893184366
6faa006353747cbeb4e6d2e90954728110cb94fabfcd41e319270d4cde22f117,window_364,6.0,16.0,sequence_prediction_error,0.7995620310094222,provisional_unverified,0.28759678592480586
6faa006353747cbeb4e6d2e90954728110cb94fabfcd41e319270d4cde22f117,window_365,8.0,18.0,sequence_prediction_error,0.8362448913970917,provisional_unverified,0.30708111626292284
6faa006353747cbeb4e6d2e90954728110cb94fabfcd41e319270d4cde22f117,window_366,10.0,20.0,sequence_prediction_error,0.754880502733877,provisional_unverified,0.2968601308933856
6faa006353747cbeb4e6d2e90954728110cb94fabfcd41e319270d4cde22f117,window_367,12.0,22.0,sequence_prediction_error,0.4090670327982643,provisional_unverified,0.29330780535448164
6faa006353747cbeb4e6d2e90954728110cb94fabfcd41e319270d4cde22f117,window_368,14.0,24.0,sequence_prediction_error,0.17046694974794627,provisional_unverified,0.06308975626795883
6faa006353747cbeb4e6d2e90954728110cb94fabfcd41e319270d4cde22f117,window_369,16.0,26.0,sequence_prediction_error,0.1930144121130216,provisional_unverified,0.10577850872720988
6faa006353747cbeb4e6d2e90954728110cb94fabfcd41e319270d4cde22f117,window_370,18.0,28.0,sequence_prediction_error,0.19234946535326802,provisional_unverified,0.10333759912878242
6faa006353747cbeb4e6d2e90954728110cb94fabfcd41e319270d4cde22f117,window_371,20.0,30.0,sequence_prediction_error,0.21039197839780044,provisional_unverified,0.12622379874048278
6faa006353747cbeb4e6d2e90954728110cb94fabfcd41e319270d4cde22f117,window_372,22.0,32.0,sequence_prediction_error,0.23660340995086893,provisional_unverified,0.12817639202154177
6faa006353747cbeb4e6d2e90954728110cb94fabfcd41e319270d4cde22f117,window_373,24.0,34.0,sequence_prediction_error,0.16944175571297315,provisional_unverified,0.08952734876553946
6faa006353747cbeb4e6d2e90954728110cb94fabfcd41e319270d4cde22f117,window_374,26.0,36.0,sequence_prediction_error,0.12686236235287715,provisional_unverified,0.04692184575551737
6faa006353747cbeb4e6d2e90954728110cb94fabfcd41e319270d4cde22f117,window_375,28.0,38.0,sequence_prediction_error,0.09849035681495119,provisional_unverified,0.02982511571834826
6faa006353747cbeb4e6d2e90954728110cb94fabfcd41e319270d4cde22f117,window_376,30.0,40.0,sequence_prediction_error,0.08234364731674056,provisional_unverified,0.008940700534663155
6faa006353747cbeb4e6d2e90954728110cb94fabfcd41e319270d4cde22f117,window_377,32.0,42.0,sequence_prediction_error,0.05012555538368431,provisional_unverified,0.002672685210128732
6faa006353747cbeb4e6d2e90954728110cb94fabfcd41e319270d4cde22f117,window_378,34.0,44.0,sequence_prediction_error,0.030669521935606906,provisional_unverified,0.0023982663374017836
6faa006353747cbeb4e6d2e90954728110cb94fabfcd41e319270d4cde22f117,window_379,36.0,46.0,sequence_prediction_error,0.019950792768775774,provisional_unverified,0.002404929000106763
6faa006353747cbeb4e6d2e90954728110cb94fabfcd41e319270d4cde22f117,window_380,38.0,48.0,sequence_prediction_error,0.014413480506768434,provisional_unverified,0.0025152862326226102
6faa006353747cbeb4e6d2e90954728110cb94fabfcd41e319270d4cde22f117,window_381,40.0,50.0,sequence_prediction_error,0.008955277497354423,provisional_unverified,0.00022844530193837068
6faa006353747cbeb4e6d2e90954728110cb94fabfcd41e319270d4cde22f117,window_382,42.0,52.0,sequence_prediction_error,0.10921461264667558,provisional_unverified,0.008617445206553184
6faa006353747cbeb4e6d2e90954728110cb94fabfcd41e319270d4cde22f117,window_383,44.0,54.0,sequence_prediction_error,0.49278542309740225,provisional_unverified,0.015951955548403153
6faa006353747cbeb4e6d2e90954728110cb94fabfcd41e319270d4cde22f117,window_384,46.0,56.0,sequence_prediction_error,1.1690383698805438,provisional_unverified,0.22698648203879068
6faa006353747cbeb4e6d2e90954728110cb94fabfcd41e319270d4cde22f117,window_385,48.0,58.0,sequence_prediction_error,1.2320137895662917,provisional_unverified,0.22776946775832949
6faa006353747cbeb4e6d2e90954728110cb94fabfcd41e319270d4cde22f117,window_386,50.0,60.0,sequence_prediction_error,1.247273905098466,provisional_unverified,0.22783155674404756
6faa006353747cbeb4e6d2e90954728110cb94fabfcd41e319270d4cde22f117,window_387,52.0,62.0,sequence_prediction_error,1.1576858189740027,provisional_unverified,0.22173232546879404
6faa006353747cbeb4e6d2e90954728110cb94fabfcd41e319270d4cde22f117,window_388,54.0,64.0,sequence_prediction_error,0.8009151439553358,provisional_unverified,0.23496516809535364
6faa006353747cbeb4e6d2e90954728110cb94fabfcd41e319270d4cde22f117,window_389,56.0,66.0,sequence_prediction_error,0.1290265884630167,provisional_unverified,0.024931890305650385
6faa006353747cbeb4e6d2e90954728110cb94fabfcd41e319270d4cde22f117,window_390,58.0,68.0,sequence_prediction_error,0.08187854878831428,provisional_unverified,0.026173187827729188
6faa006353747cbeb4e6d2e90954728110cb94fabfcd41e319270d4cde22f117,window_391,60.0,70.0,sequence_prediction_error,0.08811255772620463,provisional_unverified,0.028240650835376302
6faa006353747cbeb4e6d2e90954728110cb94fabfcd41e319270d4cde22f117,window_392,62.0,72.0,sequence_prediction_error,0.10129121055816374,provisional_unverified,0.025877842066103676
6faa006353747cbeb4e6d2e90954728110cb94fabfcd41e319270d4cde22f117,window_393,64.0,74.0,sequence_prediction_error,0.08140171612959436,provisional_unverified,0.005010453310495671
6faa006353747cbeb4e6d2e90954728110cb94fabfcd41e319270d4cde22f117,window_394,66.0,76.0,sequence_prediction_error,0.08246388341763469,provisional_unverified,0.014690845991383466
6faa006353747cbeb4e6d2e90954728110cb94fabfcd41e319270d4cde22f117,window_395,68.0,78.0,sequence_prediction_error,0.07996664635556887,provisional_unverified,0.013635807896727128
6faa006353747cbeb4e6d2e90954728110cb94fabfcd41e319270d4cde22f117,window_396,70.0,80.0,sequence_prediction_error,0.06703610800117654,provisional_unverified,0.013425497605767464
6faa006353747cbeb4e6d2e90954728110cb94fabfcd41e319270d4cde22f117,window_397,72.0,82.0,sequence_prediction_error,0.060907767611120794,provisional_unverified,0.023154551019548254
6faa006353747cbeb4e6d2e90954728110cb94fabfcd41e319270d4cde22f117,window_398,74.0,84.0,sequence_prediction_error,0.05115119730331395,provisional_unverified,0.022861776903919606
6faa006353747cbeb4e6d2e90954728110cb94fabfcd41e319270d4cde22f117,window_399,76.0,86.0,sequence_prediction_error,0.02735752343847174,provisional_unverified,0.01229030952596736
6faa006353747cbeb4e6d2e90954728110cb94fabfcd41e319270d4cde22f117,window_400,78.0,88.0,sequence_prediction_error,0.023254220345743492,provisional_unverified,0.011850760354264711
953f71ef131b4c5ce7211560abcbafbfe0079e72cf2190c2908d3ff00cf5db12,window_401,0.0,10.0,sequence_prediction_error,0.010376531614113657,provisional_unverified,0.0022581565656565666
953f71ef131b4c5ce7211560abcbafbfe0079e72cf2190c2908d3ff00cf5db12,window_402,2.0,12.0,sequence_prediction_error,0.010584304452098126,provisional_unverified,0.0022277398989898993
953f71ef131b4c5ce7211560abcbafbfe0079e72cf2190c2908d3ff00cf5db12,window_403,4.0,14.0,sequence_prediction_error,0.010266348654790026,provisional_unverified,0.0017865025252525254
953f71ef131b4c5ce7211560abcbafbfe0079e72cf2190c2908d3ff00cf5db12,window_404,6.0,16.0,sequence_prediction_error,0.010014860553338277,provisional_unverified,0.001653497474747475
953f71ef131b4c5ce7211560abcbafbfe0079e72cf2190c2908d3ff00cf5db12,window_405,8.0,18.0,sequence_prediction_error,0.01005629997420602,provisional_unverified,0.001746742424242424
953f71ef131b4c5ce7211560abcbafbfe0079e72cf2190c2908d3ff00cf5db12,window_406,10.0,20.0,sequence_prediction_error,0.009964774485078607,provisional_unverified,0.0014646338383838382
953f71ef131b4c5ce7211560abcbafbfe0079e72cf2190c2908d3ff00cf5db12,window_407,12.0,22.0,sequence_prediction_error,0.009978496702180024,provisional_unverified,0.0017588257575757572
953f71ef131b4c5ce7211560abcbafbfe0079e72cf2190c2908d3ff00cf5db12,window_408,14.0,24.0,sequence_prediction_error,0.010138460178227534,provisional_unverified,0.001817272727272727
953f71ef131b4c5ce7211560abcbafbfe0079e72cf2190c2908d3ff00cf5db12,window_409,16.0,26.0,sequence_prediction_error,0.010029299108827652,provisional_unverified,0.0020620075757575755
953f71ef131b4c5ce7211560abcbafbfe0079e72cf2190c2908d3ff00cf5db12,window_410,18.0,28.0,sequence_prediction_error,0.010096047485286405,provisional_unverified,0.0022955303030303027
953f71ef131b4c5ce7211560abcbafbfe0079e72cf2190c2908d3ff00cf5db12,window_411,20.0,30.0,sequence_prediction_error,0.010103610222921852,provisional_unverified,0.0023150505050505052
953f71ef131b4c5ce7211560abcbafbfe0079e72cf2190c2908d3ff00cf5db12,window_412,22.0,32.0,sequence_prediction_error,0.010078012935070116,provisional_unverified,0.002438421717171717
953f71ef131b4c5ce7211560abcbafbfe0079e72cf2190c2908d3ff00cf5db12,window_413,24.0,34.0,sequence_prediction_error,0.010197230886438036,provisional_unverified,0.0026136237373737374
953f71ef131b4c5ce7211560abcbafbfe0079e72cf2190c2908d3ff00cf5db12,window_414,26.0,36.0,sequence_prediction_error,0.010180782185677929,provisional_unverified,0.0027883207070707066
953f71ef131b4c5ce7211560abcbafbfe0079e72cf2190c2908d3ff00cf5db12,window_415,28.0,38.0,sequence_prediction_error,0.010257229342986021,provisional_unverified,0.002924962121212121
953f71ef131b4c5ce7211560abcbafbfe0079e72cf2190c2908d3ff00cf5db12,window_416,30.0,40.0,sequence_prediction_error,0.010665285736043166,provisional_unverified,0.003163030303030303
953f71ef131b4c5ce7211560abcbafbfe0079e72cf2190c2908d3ff00cf5db12,window_417,32.0,42.0,sequence_prediction_error,0.01050815291144551,provisional_unverified,0.0031714267676767665
953f71ef131b4c5ce7211560abcbafbfe0079e72cf2190c2908d3ff00cf5db12,window_418,34.0,44.0,sequence_prediction_error,0.010267999150192962,provisional_unverified,0.002949772727272727
953f71ef131b4c5ce7211560abcbafbfe0079e72cf2190c2908d3ff00cf5db12,window_419,36.0,46.0,sequence_prediction_error,0.010187694696649997,provisional_unverified,0.0024383964646464648
953f71ef131b4c5ce7211560abcbafbfe0079e72cf2190c2908d3ff00cf5db12,window_420,38.0,48.0,sequence_prediction_error,0.010414254928514194,provisional_unverified,0.002505782828282828
953f71ef131b4c5ce7211560abcbafbfe0079e72cf2190c2908d3ff00cf5db12,window_421,40.0,50.0,sequence_prediction_error,0.010516421759282798,provisional_unverified,0.0025742045454545453
953f71ef131b4c5ce7211560abcbafbfe0079e72cf2190c2908d3ff00cf5db12,window_422,42.0,52.0,sequence_prediction_error,0.010443665251688041,provisional_unverified,0.0024025378787878786
953f71ef131b4c5ce7211560abcbafbfe0079e72cf2190c2908d3ff00cf5db12,window_423,44.0,54.0,sequence_prediction_error,0.010787171183546345,provisional_unverified,0.002697121212121212
953f71ef131b4c5ce7211560abcbafbfe0079e72cf2190c2908d3ff00cf5db12,window_424,46.0,56.0,sequence_prediction_error,0.010733048264126252,provisional_unverified,0.003143510101010101
953f71ef131b4c5ce7211560abcbafbfe0079e72cf2190c2908d3ff00cf5db12,window_425,48.0,58.0,sequence_prediction_error,0.010632615786635297,provisional_unverified,0.0029039393939393936
953f71ef131b4c5ce7211560abcbafbfe0079e72cf2190c2908d3ff00cf5db12,window_426,50.0,60.0,sequence_prediction_error,0.0102384841408058,provisional_unverified,0.00256760101010101
953f71ef131b4c5ce7211560abcbafbfe0079e72cf2190c2908d3ff00cf5db12,window_427,52.0,62.0,sequence_prediction_error,0.010142557538252958,provisional_unverified,0.0026257323232323233
953f71ef131b4c5ce7211560abcbafbfe0079e72cf2190c2908d3ff00cf5db12,window_428,54.0,64.0,sequence_prediction_error,0.010017505260921038,provisional_unverified,0.0023353282828282827
953f71ef131b4c5ce7211560abcbafbfe0079e72cf2190c2908d3ff00cf5db12,window_429,56.0,66.0,sequence_prediction_error,0.00978421758579618,provisional_unverified,0.0019535984848484847
953f71ef131b4c5ce7211560abcbafbfe0079e72cf2190c2908d3ff00cf5db12,window_430,58.0,68.0,sequence_prediction_error,0.009895086565824713,provisional_unverified,0.0020068181818181817
953f71ef131b4c5ce7211560abcbafbfe0079e72cf2190c2908d3ff00cf5db12,window_431,60.0,70.0,sequence_prediction_error,0.010242581566071251,provisional_unverified,0.0021255303030303036
953f71ef131b4c5ce7211560abcbafbfe0079e72cf2190c2908d3ff00cf5db12,window_432,62.0,72.0,sequence_prediction_error,0.010400745873956804,provisional_unverified,0.0020441287878787883
953f71ef131b4c5ce7211560abcbafbfe0079e72cf2190c2908d3ff00cf5db12,window_433,64.0,74.0,sequence_prediction_error,0.010530065418903627,provisional_unverified,0.0024819823232323235
953f71ef131b4c5ce7211560abcbafbfe0079e72cf2190c2908d3ff00cf5db12,window_434,66.0,76.0,sequence_prediction_error,0.010422336160543944,provisional_unverified,0.0026204924242424245
953f71ef131b4c5ce7211560abcbafbfe0079e72cf2190c2908d3ff00cf5db12,window_435,68.0,78.0,sequence_prediction_error,0.01034131229977715,provisional_unverified,0.0027977651515151522
953f71ef131b4c5ce7211560abcbafbfe0079e72cf2190c2908d3ff00cf5db12,window_436,70.0,80.0,sequence_prediction_error,0.010183460932820987,provisional_unverified,0.0028336742424242426
953f71ef131b4c5ce7211560abcbafbfe0079e72cf2190c2908d3ff00cf5db12,window_437,72.0,82.0,sequence_prediction_error,0.010108425677782583,provisional_unverified,0.0028028030303030305
953f71ef131b4c5ce7211560abcbafbfe0079e72cf2190c2908d3ff00cf5db12,window_438,74.0,84.0,sequence_prediction_error,0.010183071552728495,provisional_unverified,0.002543282828282829
953f71ef131b4c5ce7211560abcbafbfe0079e72cf2190c2908d3ff00cf5db12,window_439,76.0,86.0,sequence_prediction_error,0.010041031331432138,provisional_unverified,0.0024114772727272726
953f71ef131b4c5ce7211560abcbafbfe0079e72cf2190c2908d3ff00cf5db12,window_440,78.0,88.0,sequence_prediction_error,0.009977001067762819,provisional_unverified,0.0023240404040404047
c5c639ca1fa3038e565a432a960cb53f6ce533ad9612d27f229f6527fcf0edac,window_441,0.0,10.0,sequence_prediction_error,0.010889035475881813,provisional_unverified,0.0019000883838383835
c5c639ca1fa3038e565a432a960cb53f6ce533ad9612d27f229f6527fcf0edac,window_442,2.0,12.0,sequence_prediction_error,0.01074404958782229,provisional_unverified,0.0019347095959595956
c5c639ca1fa3038e565a432a960cb53f6ce533ad9612d27f229f6527fcf0edac,window_443,4.0,14.0,sequence_prediction_error,0.010961007169843197,provisional_unverified,0.002004242424242424
c5c639ca1fa3038e565a432a960cb53f6ce533ad9612d27f229f6527fcf0edac,window_444,6.0,16.0,sequence_prediction_error,0.011115658790925484,provisional_unverified,0.002160568181818182
c5c639ca1fa3038e565a432a960cb53f6ce533ad9612d27f229f6527fcf0edac,window_445,8.0,18.0,sequence_prediction_error,0.010968690759624243,provisional_unverified,0.0022399873737373737
c5c639ca1fa3038e565a432a960cb53f6ce533ad9612d27f229f6527fcf0edac,window_446,10.0,20.0,sequence_prediction_error,0.011021478399029271,provisional_unverified,0.0019048611111111115
c5c639ca1fa3038e565a432a960cb53f6ce533ad9612d27f229f6527fcf0edac,window_447,12.0,22.0,sequence_prediction_error,0.011147597233742349,provisional_unverified,0.001884217171717172
c5c639ca1fa3038e565a432a960cb53f6ce533ad9612d27f229f6527fcf0edac,window_448,14.0,24.0,sequence_prediction_error,0.011034493124954239,provisional_unverified,0.0020653535353535356
c5c639ca1fa3038e565a432a960cb53f6ce533ad9612d27f229f6527fcf0edac,window_449,16.0,26.0,sequence_prediction_error,0.011157485559955306,provisional_unverified,0.0018219949494949499
c5c639ca1fa3038e565a432a960cb53f6ce533ad9612d27f229f6527fcf0edac,window_450,18.0,28.0,sequence_prediction_error,0.011126775332120168,provisional_unverified,0.0018231565656565657
c5c639ca1fa3038e565a432a960cb53f6ce533ad9612d27f229f6527fcf0edac,window_451,20.0,30.0,sequence_prediction_error,0.01142131788308667,provisional_unverified,0.0020882323232323235
c5c639ca1fa3038e565a432a960cb53f6ce533ad9612d27f229f6527fcf0edac,window_452,22.0,32.0,sequence_prediction_error,0.0110298179714232,provisional_unverified,0.0021684595959595957
e57d3de89d6f2a3165aa05beee7b611f60923e090254337c1b48f744c78db52d,window_453,0.0,10.0,sequence_prediction_error,0.8246235958813757,provisional_unverified,0.43464868608668344
e57d3de89d6f2a3165aa05beee7b611f60923e090254337c1b48f744c78db52d,window_454,2.0,12.0,sequence_prediction_error,0.8658398667743435,provisional_unverified,0.5387892613977956
e57d3de89d6f2a3165aa05beee7b611f60923e090254337c1b48f744c78db52d,window_455,4.0,14.0,sequence_prediction_error,0.8144650470403032,provisional_unverified,0.650650356776351
e57d3de89d6f2a3165aa05beee7b611f60923e090254337c1b48f744c78db52d,window_456,6.0,16.0,sequence_prediction_error,0.6546036813985463,provisional_unverified,0.6004603155289967
e57d3de89d6f2a3165aa05beee7b611f60923e090254337c1b48f744c78db52d,window_457,8.0,18.0,sequence_prediction_error,0.5223543041232576,provisional_unverified,0.3812429969483702
e57d3de89d6f2a3165aa05beee7b611f60923e090254337c1b48f744c78db52d,window_458,10.0,20.0,sequence_prediction_error,0.4383614602352806,provisional_unverified,0.3169908196191782
e57d3de89d6f2a3165aa05beee7b611f60923e090254337c1b48f744c78db52d,window_459,12.0,22.0,sequence_prediction_error,0.4370187586259469,provisional_unverified,0.31138116029275503
e57d3de89d6f2a3165aa05beee7b611f60923e090254337c1b48f744c78db52d,window_460,14.0,24.0,sequence_prediction_error,0.2912555890684083,provisional_unverified,0.23664284770767707
e57d3de89d6f2a3165aa05beee7b611f60923e090254337c1b48f744c78db52d,window_461,16.0,26.0,sequence_prediction_error,0.26242219901722347,provisional_unverified,0.17937816223802872
e57d3de89d6f2a3165aa05beee7b611f60923e090254337c1b48f744c78db52d,window_462,18.0,28.0,sequence_prediction_error,0.476619938643368,provisional_unverified,0.20086893447664725
e57d3de89d6f2a3165aa05beee7b611f60923e090254337c1b48f744c78db52d,window_463,20.0,30.0,sequence_prediction_error,0.4604514845835007,provisional_unverified,0.2028741182898048
e57d3de89d6f2a3165aa05beee7b611f60923e090254337c1b48f744c78db52d,window_464,22.0,32.0,sequence_prediction_error,0.3793559119825712,provisional_unverified,0.10254673680909282
e57d3de89d6f2a3165aa05beee7b611f60923e090254337c1b48f744c78db52d,window_465,24.0,34.0,sequence_prediction_error,0.3738594655439812,provisional_unverified,0.0825397361373726
e57d3de89d6f2a3165aa05beee7b611f60923e090254337c1b48f744c78db52d,window_466,26.0,36.0,sequence_prediction_error,0.376433082928844,provisional_unverified,0.07232856903924749
e57d3de89d6f2a3165aa05beee7b611f60923e090254337c1b48f744c78db52d,window_467,28.0,38.0,sequence_prediction_error,0.12482545998399633,provisional_unverified,0.04098801711839081
e57d3de89d6f2a3165aa05beee7b611f60923e090254337c1b48f744c78db52d,window_468,30.0,40.0,sequence_prediction_error,0.07415451613648592,provisional_unverified,0.019167151490433236
e57d3de89d6f2a3165aa05beee7b611f60923e090254337c1b48f744c78db52d,window_469,32.0,42.0,sequence_prediction_error,0.06467010376146641,provisional_unverified,0.013284791883739253
e57d3de89d6f2a3165aa05beee7b611f60923e090254337c1b48f744c78db52d,window_470,34.0,44.0,sequence_prediction_error,0.02197421850807879,provisional_unverified,0.0022359101702203905
e57d3de89d6f2a3165aa05beee7b611f60923e090254337c1b48f744c78db52d,window_471,36.0,46.0,sequence_prediction_error,0.011339591065948548,provisional_unverified,9.49332761630908e-05
e57d3de89d6f2a3165aa05beee7b611f60923e090254337c1b48f744c78db52d,window_472,38.0,48.0,sequence_prediction_error,0.007508398149144331,provisional_unverified,6.71679292917168e-05
e57d3de89d6f2a3165aa05beee7b611f60923e090254337c1b48f744c78db52d,window_473,40.0,50.0,sequence_prediction_error,0.008534055084065094,provisional_unverified,3.1359670349308664e-05
e57d3de89d6f2a3165aa05beee7b611f60923e090254337c1b48f744c78db52d,window_474,42.0,52.0,sequence_prediction_error,0.008950202701425741,provisional_unverified,7.737061027783085e-06
e57d3de89d6f2a3165aa05beee7b611f60923e090254337c1b48f744c78db52d,window_475,44.0,54.0,sequence_prediction_error,0.008952491871445686,provisional_unverified,1.7207192489406333e-06
e57d3de89d6f2a3165aa05beee7b611f60923e090254337c1b48f744c78db52d,window_476,46.0,56.0,sequence_prediction_error,0.008954618328908474,provisional_unverified,1.6323204539687552e-06
f26c5b91a912f9e98e0205e2518d5b3de0314b04b69c3bc6d0148fa8ea3e842b,window_477,0.0,10.0,sequence_prediction_error,0.11113962698077509,provisional_unverified,0.042964289908674826
f26c5b91a912f9e98e0205e2518d5b3de0314b04b69c3bc6d0148fa8ea3e842b,window_478,2.0,12.0,sequence_prediction_error,0.1169304796896682,provisional_unverified,0.04766392531843385
f26c5b91a912f9e98e0205e2518d5b3de0314b04b69c3bc6d0148fa8ea3e842b,window_479,4.0,14.0,sequence_prediction_error,0.10711789415515681,provisional_unverified,0.04234035705127518
f26c5b91a912f9e98e0205e2518d5b3de0314b04b69c3bc6d0148fa8ea3e842b,window_480,6.0,16.0,sequence_prediction_error,0.10680809066946316,provisional_unverified,0.04002295212995171
f26c5b91a912f9e98e0205e2518d5b3de0314b04b69c3bc6d0148fa8ea3e842b,window_481,8.0,18.0,sequence_prediction_error,0.14403419703900308,provisional_unverified,0.07106311858222347
f26c5b91a912f9e98e0205e2518d5b3de0314b04b69c3bc6d0148fa8ea3e842b,window_482,10.0,20.0,sequence_prediction_error,0.1326264287742486,provisional_unverified,0.06723983722071677
f26c5b91a912f9e98e0205e2518d5b3de0314b04b69c3bc6d0148fa8ea3e842b,window_483,12.0,22.0,sequence_prediction_error,0.13807253787745552,provisional_unverified,0.06894593767061191
f8a2dfe19bc591bed40778fcb493d9a34a3261518b2f4b416ba15a9402ec6dd7,window_484,0.0,10.0,sequence_prediction_error,0.00957718769701134,provisional_unverified,2.2095959595959413e-06
f8a2dfe19bc591bed40778fcb493d9a34a3261518b2f4b416ba15a9402ec6dd7,window_485,2.0,12.0,sequence_prediction_error,0.009584226700023119,provisional_unverified,2.3106060606060346e-06
f8a2dfe19bc591bed40778fcb493d9a34a3261518b2f4b416ba15a9402ec6dd7,window_486,4.0,14.0,sequence_prediction_error,0.009582415523025288,provisional_unverified,1.9065656565656382e-06
f8a2dfe19bc591bed40778fcb493d9a34a3261518b2f4b416ba15a9402ec6dd7,window_487,6.0,16.0,sequence_prediction_error,0.07525357469849259,provisional_unverified,0.010814661899479
f8a2dfe19bc591bed40778fcb493d9a34a3261518b2f4b416ba15a9402ec6dd7,window_488,8.0,18.0,sequence_prediction_error,0.15178679041499712,provisional_unverified,0.015636359422087874
f8a2dfe19bc591bed40778fcb493d9a34a3261518b2f4b416ba15a9402ec6dd7,window_489,10.0,20.0,sequence_prediction_error,0.1674442422671533,provisional_unverified,0.02054658326784669
f8a2dfe19bc591bed40778fcb493d9a34a3261518b2f4b416ba15a9402ec6dd7,window_490,12.0,22.0,sequence_prediction_error,0.17635027410360268,provisional_unverified,0.022704729482137538
f8a2dfe19bc591bed40778fcb493d9a34a3261518b2f4b416ba15a9402ec6dd7,window_491,14.0,24.0,sequence_prediction_error,0.2346249826115047,provisional_unverified,0.046470394257488425
f8a2dfe19bc591bed40778fcb493d9a34a3261518b2f4b416ba15a9402ec6dd7,window_492,16.0,26.0,sequence_prediction_error,0.199323769514377,provisional_unverified,0.0641470310647053
f8a2dfe19bc591bed40778fcb493d9a34a3261518b2f4b416ba15a9402ec6dd7,window_493,18.0,28.0,sequence_prediction_error,0.12882586186419173,provisional_unverified,0.06925916424588806
f8a2dfe19bc591bed40778fcb493d9a34a3261518b2f4b416ba15a9402ec6dd7,window_494,20.0,30.0,sequence_prediction_error,0.1502601320663991,provisional_unverified,0.08162270301847285
f8a2dfe19bc591bed40778fcb493d9a34a3261518b2f4b416ba15a9402ec6dd7,window_495,22.0,32.0,sequence_prediction_error,0.15833884994643438,provisional_unverified,0.0875092397943757
f8a2dfe19bc591bed40778fcb493d9a34a3261518b2f4b416ba15a9402ec6dd7,window_496,24.0,34.0,sequence_prediction_error,0.1381597632399484,provisional_unverified,0.09328666148300255
f8a2dfe19bc591bed40778fcb493d9a34a3261518b2f4b416ba15a9402ec6dd7,window_497,26.0,36.0,sequence_prediction_error,0.1468634068993728,provisional_unverified,0.08415960649327316
f8a2dfe19bc591bed40778fcb493d9a34a3261518b2f4b416ba15a9402ec6dd7,window_498,28.0,38.0,sequence_prediction_error,0.16463106392044333,provisional_unverified,0.0877075710542618
f8a2dfe19bc591bed40778fcb493d9a34a3261518b2f4b416ba15a9402ec6dd7,window_499,30.0,40.0,sequence_prediction_error,0.20131018475933526,provisional_unverified,0.09913029201800212
