Time,Motor RPM [Rpm],MC Duty Cycle [%],MC Volts [V],AC Current,DC Current [A],CellId,MC Temp [°C],Motor Temp [°C],Fault Code,MC Throttle [%],Drive Enable,RadIn_Temp [°C],RadOut_Tem [°C],Flowrate,Actual_FOC_id,Actual_FOC_iq,Actual_Brake [%],Rolling_Counter,Relay_State,CRC_Checksum,CRC_Checksum_22,Pack_Current,Pack_CCL,Pack_DCL,Pack_Open_Volta,TSB HighTemp,Pack_SOC,Cell Low,Therm1_Val [°C],Therm1_LowVal [°C],Therm1_HighVal [°C],Therm2_Val [°C],Therm2_LowVal [°C],Therm2_HighVal [°C],Therm1_ID,Therm1_ModNum,AN3 [V],AN6 [V],VBAT [V],Int Temp [°C],CAN1 Load [%],CAN1 ERRORS [hex],CAN2 ERRORS [decimal],ALARMS1 [decimal],uFLAGS1 [decimal],ACC Long [g],ACC Lat [g],ACC Vert [g],Pitch Rate [deg/sec],Roll Rate [deg/sec],Yaw Rate [deg/sec],RTD,Energized,LV Low,Motor Temp High,MC Temp High,Logging,TSB Temp,Stop Logging,WATER T ALM
17:55:26.025,0,-1.5,1,0,0,0,25,23,2,0,0,33,30,0,0,0,0,0,0,0,0,0,0,0,0,0,0,0,0,0,0,0,0,0,0,0,4.863,0.015,14.817,34,0,32,0,0,160,0,0,0,0,0,0,0,0,0,0,0,1,0,1,0
17:55:26.125,0,-1.6,1,0,0,0,25,23,2,0,0,37,30,0,0,0,0,0,0,0,0,0,0,0,0,0,0,0,0,0,0,0,0,0,0,0,4.863,0.015,14.817,34,0,32,0,0,160,0,0,0,0,0,0,0,0,0,0,0,1,0,1,0
17:55:26.225,0,-3.4,1,0,0,0,25,23,2,0,0,37,30,0,0,0,0,0,0,0,0,0,0,0,0,0,0,0,0,0,0,0,0,0,0,0,4.863,0.015,14.817,34,0,32,0,0,160,0,0,0,0,0,0,0,0,0,0,0,1,0,1,0
17:55:26.325,0,-6.9,1,0,0,0,25,23,2,0,0,35,30,0,0,0,0,0,0,0,0,0,0,0,0,0,0,0,0,0,0,0,0,0,0,0,4.863,0.015,14.817,34,0,32,0,0,160,0,0,0,0,0,0,0,0,0,0,0,1,0,1,0
17:55:26.425,0,-2.1,1,0,0,0,25,23,2,0,0,35,30,0,0,0,0,0,0,0,0,0,0,0,0,0,0,0,0,0,0,0,0,0,0,0,4.863,0.015,14.817,34,0,32,0,0,160,0,0,0,0,0,0,0,0,0,0,0,1,0,1,0
17:55:26.525,0,-2,1,0,0,0,25,23,2,0,0,34,31,0,0,0,0,0,0,0,0,0,0,0,0,0,0,0,0,0,0,0,0,0,0,0,4.863,0.015,14.817,34,0,32,0,0,160,0,0,0,0,0,0,0,0,0,0,0,1,0,1,0
17:55:26.625,0,0.5,1,0,0,0,25,23,2,0,0,34,30,0,0,0,0,0,0,0,0,0,0,0,0,0,0,0,0,0,0,0,0,0,0,0,4.863,0.015,14.817,34,0,32,0,0,160,0,0,0,0,0,0,0,0,0,0,0,1,0,1,0
17:55:26.725,0,-1.1,1,0,0,0,25,23,2,0,0,34,30,0,0,0,0,0,0,0,0,0,0,0,0,0,0,0,0,0,0,0,0,0,0,0,4.863,0.015,14.817,34,0,32,0,0,160,0,0,0,0,0,0,0,0,0,0,0,1,0,1,0
17:55:26.825,0,2.3,1,0,0,0,25,23,2,0,0,35,30,0,0,0,0,0,0,0,0,0,0,0,0,0,0,0,0,0,0,0,0,0,0,0,4.863,0.015,14.817,34,0,32,0,0,160,0,0,0,0,0,0,0,0,0,0,0,1,0,1,0
17:55:26.925,0,-4.5,1,0,0,0,25,23,2,0,0,34,30,0,0,0,0,0,0,0,0,0,0,0,0,0,0,0,0,0,0,0,0,0,0,0,4.863,0.015,14.817,34,0,32,0,0,160,0,0,0,0,0,0,0,0,0,0,0,1,0,1,0
17:55:27.025,0,-2.7,1,0,0,0,25,23,2,0,0,34,30,0,0,0,0,0,0,0,0,0,0,0,0,0,0,0,0,0,0,0,0,0,0,0,4.863,0.015,14.817,34,0,32,0,0,160,0,0,0,0,0,0,0,0,0,0,0,1,0,1,0
17:55:27.125,0,2,1,0,0,0,25,23,2,0,0,33,30,0,0,0,0,0,0,0,0,0,0,0,0,0,0,0,0,0,0,0,0,0,0,0,4.863,0.015,14.817,34,0,32,0,0,160,0,0,0,0,0,0,0,0,0,0,0,1,0,1,0
17:55:27.225,0,-3.9,1,0,0,0,25,23,2,0,0,33,31,0,0,0,0,0,0,0,0,0,0,0,0,0,0,0,0,0,0,0,0,0,0,0,4.863,0.015,14.817,34,0,32,0,0,160,0,0,0,0,0,0,0,0,0,0,0,1,0,1,0
17:55:27.325,0,0.7,1,0,0,0,25,23,2,0,0,33,30,0,0,0,0,0,0,0,0,0,0,0,0,0,0,0,0,0,0,0,0,0,0,0,4.863,0.015,14.817,34,0,32,0,0,160,0,0,0,0,0,0,0,0,0,0,0,1,0,1,0
17:55:27.425,0,-2.9,1,0,0,0,25,23,2,0,0,34,30,0,0,0,0,0,0,0,0,0,0,0,0,0,0,0,0,0,0,0,0,0,0,0,4.858,0.015,14.817,34,0,32,0,0,160,0,0,0,0,0,0,0,0,0,0,0,1,0,1,0
17:55:27.525,0,-2.4,1,0,0,0,25,23,2,0,0,33,30,0,0,0,0,0,0,0,0,0,0,0,0,0,0,0,0,0,0,0,0,0,0,0,4.863,0.015,14.817,34,0,32,0,0,160,0,0,0,0,0,0,0,0,0,0,0,1,0,1,0
17:55:27.625,0,-3.2,1,0,0,0,25,23,2,0,0,33,30,0,0,0,0,0,0,0,0,0,0,0,0,0,0,0,0,0,0,0,0,0,0,0,4.863,0.015,14.817,34,0,32,0,0,160,0,0,0,0,0,0,0,0,0,0,0,1,0,1,0
17:55:27.725,0,-0.7,1,0,0,0,25,23,2,0,0,33,30,0,0,0,0,0,0,0,0,0,0,0,0,0,0,0,0,0,0,0,0,0,0,0,4.858,0.015,14.817,34,0,32,0,0,160,0,0,0,0,0,0,0,0,0,0,0,1,0,1,0
17:55:27.825,0,-3.1,1,0,0,0,25,23,2,0,0,33,29,0,0,0,0,0,0,0,0,0,0,0,0,0,0,0,0,0,0,0,0,0,0,0,4.863,0.015,14.817,34,0,32,0,0,160,0,0,0,0,0,0,0,0,0,0,0,1,0,1,0
17:55:27.925,0,-5.9,1,0,0,0,25,23,2,0,0,33,30,0,0,0,0,0,0,0,0,0,0,0,0,0,0,0,0,0,0,0,0,0,0,0,4.863,0.015,14.817,34,0,32,0,0,160,0,0,0,0,0,0,0,0,0,0,0,1,0,1,0
17:55:28.025,0,2.2,1,0,0,0,25,23,2,0,0,33,30,0,0,0,0,0,0,0,0,0,0,0,0,0,0,0,0,0,0,0,0,0,0,0,4.863,0.015,14.817,34,0,32,0,0,160,0,0,0,0,0,0,0,0,0,0,0,1,0,1,0
17:55:28.125,0,3.4,1,0,0,0,25,23,2,0,0,33,30,0,0,0,0,0,0,0,0,0,0,0,0,0,0,0,0,0,0,0,0,0,0,0,4.863,0.015,14.817,34,0,32,0,0,160,0,0,0,0,0,0,0,0,0,0,0,1,0,1,0
17:55:28.225,0,-4.6,1,0,0,0,25,23,2,0,0,33,30,0,0,0,0,0,0,0,0,0,0,0,0,0,0,0,0,0,0,0,0,0,0,0,4.863,0.015,14.817,34,0,32,0,0,160,0,0,0,0,0,0,0,0,0,0,0,1,0,1,0
17:55:28.325,0,-1.6,1,0,0,0,25,23,2,0,0,33,30,0,0,0,0,0,0,0,0,0,0,0,0,0,0,0,0,0,0,0,0,0,0,0,4.863,0.015,14.817,34,0,32,0,0,160,0,0,0,0,0,0,0,0,0,0,0,1,0,1,0
17:55:28.425,0,-3.4,1,0,0,0,25,23,2,0,0,33,30,0,0,0,0,0,0,0,0,0,0,0,0,0,0,0,0,0,0,0,0,0,0,0,4.863,0.015,14.817,34,0,32,0,0,160,0,0,0,0,0,0,0,0,0,0,0,1,0,1,0
17:55:28.525,0,0.7,1,0,0,0,25,23,2,0,0,34,30,0,0,0,0,0,0,0,0,0,0,0,0,0,0,0,0,0,0,0,0,0,0,0,4.863,0.015,14.817,34,0,32,0,0,160,0,0,0,0,0,0,0,0,0,0,0,1,0,1,0
17:55:28.625,0,-2,1,0,0,0,25,23,2,0,0,33,30,0,0,0,0,0,0,0,0,0,0,0,0,0,0,0,0,0,0,0,0,0,0,0,4.863,0.015,14.817,34,0,32,0,0,160,0,0,0,0,0,0,0,0,0,0,0,1,0,1,0
17:55:28.725,0,-4.7,1,0,0,0,25,23,2,0,0,33,30,0,0,0,0,0,0,0,0,0,0,0,0,0,0,0,0,0,0,0,0,0,0,0,4.863,0.015,14.817,34,0,32,0,0,160,0,0,0,0,0,0,0,0,0,0,0,1,0,1,0
17:55:28.825,0,1.6,1,0,0,0,25,23,2,0,0,33,30,0,0,0,0,0,0,0,0,0,0,0,0,0,0,0,0,0,0,0,0,0,0,0,4.863,0.015,14.817,34,0,32,0,0,160,0,0,0,0,0,0,0,0,0,0,0,1,0,1,0
17:55:28.925,0,-1,1,0,0,0,25,23,2,0,0,33,30,0,0,0,0,0,0,0,0,0,0,0,0,0,0,0,0,0,0,0,0,0,0,0,4.863,0.015,14.817,34,0,32,0,0,160,0,0,0,0,0,0,0,0,0,0,0,1,0,1,0
17:55:29.025,0,1.8,1,0,0,0,25,23,2,0,0,33,29,0,0,0,0,0,0,0,0,0,0,0,0,0,0,0,0,0,0,0,0,0,0,0,4.863,0.015,14.817,34,0,32,0,0,160,0,0,0,0,0,0,0,0,0,0,0,1,0,1,0
17:55:29.125,0,1.5,1,0,0,0,25,23,2,0,0,33,30,0,0,0,0,0,0,0,0,0,0,0,0,0,0,0,0,0,0,0,0,0,0,0,4.863,0.015,14.817,34,0,32,0,0,160,0,0,0,0,0,0,0,0,0,0,0,1,0,1,0
17:55:29.225,0,-3.2,1,0,0,0,25,23,2,0,0,33,30,0,0,0,0,0,0,0,0,0,0,0,0,0,0,0,0,0,0,0,0,0,0,0,4.858,0.015,14.817,34,0,32,0,0,160,0,0,0,0,0,0,0,0,0,0,0,1,0,1,0
17:55:29.325,0,-0.4,1,0,0,0,25,23,2,0,0,33,30,0,0,0,0,0,0,0,0,0,0,0,0,0,0,0,0,0,0,0,0,0,0,0,4.863,0.015,14.817,34,0,32,0,0,160,0,0,0,0,0,0,0,0,0,0,0,1,0,1,0
17:55:29.425,0,3.2,1,0,0,0,25,23,2,0,0,33,30,0,0,0,0,0,0,0,0,0,0,0,0,0,0,0,0,0,0,0,0,0,0,0,4.863,0.015,14.817,34,0,32,0,0,160,0,0,0,0,0,0,0,0,0,0,0,1,0,1,0
17:55:29.525,0,-0.7,1,0,0,0,25,23,2,0,0,33,30,0,0,0,0,0,0,0,0,0,0,0,0,0,0,0,0,0,0,0,0,0,0,0,4.863,0.015,14.817,34,0,32,0,0,160,0,0,0,0,0,0,0,0,0,0,0,1,0,1,0
17:55:29.625,0,6.1,1,0,0,0,25,23,2,0,0,33,30,0,0,0,0,0,0,0,0,0,0,0,0,0,0,0,0,0,0,0,0,0,0,0,4.863,0.015,14.817,34,0,32,0,0,160,0,0,0,0,0,0,0,0,0,0,0,1,0,1,0
17:55:29.725,0,-2,1,0,0,0,25,23,2,0,0,33,30,0,0,0,0,0,0,0,0,0,0,0,0,0,0,0,0,0,0,0,0,0,0,0,4.863,0.015,14.817,34,0,32,0,0,160,0,0,0,0,0,0,0,0,0,0,0,1,0,1,0
17:55:29.825,0,-2.4,1,0,0,0,25,23,2,0,0,33,30,0,0,0,0,0,0,0,0,0,0,0,0,0,0,0,0,0,0,0,0,0,0,0,4.863,0.015,14.817,34,0,32,0,0,160,0,0,0,0,0,0,0,0,0,0,0,1,0,1,0
17:55:29.925,0,1.7,1,0,0,0,25,23,2,0,0,35,29,0,0,0,0,0,0,0,0,0,0,0,0,0,0,0,0,0,0,0,0,0,0,0,4.863,0.015,14.817,34,0,32,0,0,160,0,0,0,0,0,0,0,0,0,0,0,1,0,1,0
17:55:30.025,0,4.8,1,0,0,0,25,23,2,0,0,35,30,0,0,0,0,0,0,0,0,0,0,0,0,0,0,0,0,0,0,0,0,0,0,0,4.863,0.015,14.817,34,0,32,0,0,160,0,0,0,0,0,0,0,0,0,0,0,1,0,1,0
17:55:30.125,0,2.6,1,0,0,0,25,23,2,0,0,35,30,0,0,0,0,0,0,0,0,0,0,0,0,0,0,0,0,0,0,0,0,0,0,0,4.863,0.015,14.817,34,0,32,0,0,160,0,0,0,0,0,0,0,0,0,0,0,1,0,1,0
17:55:30.225,0,1.4,1,0,0,0,25,23,2,0,0,34,30,0,0,0,0,0,0,0,0,0,0,0,0,0,0,0,0,0,0,0,0,0,0,0,4.863,0.015,14.817,34,0,32,0,0,160,0,0,0,0,0,0,0,0,0,0,0,1,0,1,0
17:55:30.325,0,-1.9,1,0,0,0,25,23,2,0,0,35,31,0,0,0,0,0,0,0,0,0,0,0,0,0,0,0,0,0,0,0,0,0,0,0,4.863,0.015,14.817,34,0,32,0,0,160,0,0,0,0,0,0,0,0,0,0,0,1,0,1,0
17:55:30.425,0,-1.5,1,0,0,0,25,23,2,0,0,35,31,0,0,0,0,0,0,0,0,0,0,0,0,0,0,0,0,0,0,0,0,0,0,0,4.858,0.015,14.817,34,0,32,0,0,160,0,0,0,0,0,0,0,0,0,0,0,1,0,1,0
17:55:30.525,0,3.6,1,0,0,0,25,23,2,0,0,34,30,0,0,0,0,0,0,0,0,0,0,0,0,0,0,0,0,0,0,0,0,0,0,0,4.863,0.015,14.817,34,0,32,0,0,160,0,0,0,0,0,0,0,0,0,0,0,1,0,1,0
17:55:30.625,0,-3.4,1,0,0,0,25,23,2,0,0,34,30,0,0,0,0,0,0,0,0,0,0,0,0,0,0,0,0,0,0,0,0,0,0,0,4.863,0.015,14.817,34,0,32,0,0,160,0,0,0,0,0,0,0,0,0,0,0,1,0,1,0
17:55:30.725,0,1.8,1,0,0,0,25,23,2,0,0,34,30,0,0,0,0,0,0,0,0,0,0,0,0,0,0,0,0,0,0,0,0,0,0,0,4.863,0.015,14.817,34,0,32,0,0,160,0,0,0,0,0,0,0,0,0,0,0,1,0,1,0
17:55:30.825,0,0.2,1,0,0,0,25,23,2,0,0,34,30,0,0,0,0,0,0,0,0,0,0,0,0,0,0,0,0,0,0,0,0,0,0,0,4.863,0.015,14.817,34,0,32,0,0,160,0,0,0,0,0,0,0,0,0,0,0,1,0,1,0
17:55:30.925,0,2.2,1,0,0,0,25,23,2,0,0,34,30,0,0,0,0,0,0,0,0,0,0,0,0,0,0,0,0,0,0,0,0,0,0,0,4.863,0.015,14.817,34,0,32,0,0,160,0,0,0,0,0,0,0,0,0,0,0,1,0,1,0
17:55:31.025,0,-3.1,1,0,0,0,25,23,2,0,0,33,30,0,0,0,0,0,0,0,0,0,0,0,0,0,0,0,0,0,0,0,0,0,0,0,4.863,0.015,14.817,34,0,32,0,0,160,0,0,0,0,0,0,0,0,0,0,0,1,0,1,0
17:55:31.125,0,-2.1,1,0,0,0,25,23,2,0,0,33,30,0,0,0,0,0,0,0,0,0,0,0,0,0,0,0,0,0,0,0,0,0,0,0,4.863,0.015,14.817,34,0,32,0,0,160,0,0,0,0,0,0,0,0,0,0,0,1,0,1,0
17:55:31.225,0,-3.4,1,0,0,0,25,23,2,0,0,33,30,0,0,0,0,0,0,0,0,0,0,0,0,0,0,0,0,0,0,0,0,0,0,0,4.863,0.015,14.817,34,0,32,0,0,160,0,0,0,0,0,0,0,0,0,0,0,1,0,1,0
17:55:31.325,0,-1.8,1,0,0,0,25,23,2,0,0,33,30,0,0,0,0,0,0,0,0,0,0,0,0,0,0,0,0,0,0,0,0,0,0,0,4.863,0.015,14.817,34,0,32,0,0,160,0,0,0,0,0,0,0,0,0,0,0,1,0,1,0
17:55:31.425,0,-1.9,1,0,0,0,25,23,2,0,0,34,30,0,0,0,0,0,0,0,0,0,0,0,0,0,0,0,0,0,0,0,0,0,0,0,4.858,0.015,14.817,34,0,32,0,0,160,0,0,0,0,0,0,0,0,0,0,0,1,0,1,0
17:55:31.525,0,-3.7,1,0,0,0,25,23,2,0,0,33,30,0,0,0,0,0,0,0,0,0,0,0,0,0,0,0,0,0,0,0,0,0,0,0,4.863,0.015,14.817,34,0,32,0,0,160,0,0,0,0,0,0,0,0,0,0,0,1,0,1,0
17:55:31.625,0,2.8,1,0,0,0,25,23,2,0,0,33,30,0,0,0,0,0,0,0,0,0,0,0,0,0,0,0,0,0,0,0,0,0,0,0,4.863,0.015,14.817,34,0,32,0,0,160,0,0,0,0,0,0,0,0,0,0,0,1,0,1,0
17:55:31.725,0,-1.1,1,0,0,0,25,23,2,0,0,33,30,0,0,0,0,0,0,0,0,0,0,0,0,0,0,0,0,0,0,0,0,0,0,0,4.863,0.015,14.817,34,0,32,0,0,160,0,0,0,0,0,0,0,0,0,0,0,1,0,1,0
17:55:31.825,0,-0.4,1,0,0,0,25,23,2,0,0,33,30,0,0,0,0,0,0,0,0,0,0,0,0,0,0,0,0,0,0,0,0,0,0,0,4.863,0.015,14.817,34,0,32,0,0,160,0,0,0,0,0,0,0,0,0,0,0,1,0,1,0
17:55:31.925,0,-3.3,1,0,0,0,25,23,2,0,0,33,30,0,0,0,0,0,0,0,0,0,0,0,0,0,0,0,0,0,0,0,0,0,0,0,4.863,0.015,14.817,34,0,32,0,0,160,0,0,0,0,0,0,0,0,0,0,0,1,0,1,0
17:55:32.025,0,1.9,1,0,0,0,25,23,2,0,0,33,29,0,0,0,0,0,0,0,0,0,0,0,0,0,0,0,0,0,0,0,0,0,0,0,4.863,0.015,14.817,34,0,32,0,0,160,0,0,0,0,0,0,0,0,0,0,0,1,0,1,0
17:55:32.125,0,-1.9,1,0,0,0,25,23,2,0,0,33,30,0,0,0,0,0,0,0,0,0,0,0,0,0,0,0,0,0,0,0,0,0,0,0,4.863,0.015,14.817,34,0,32,0,0,160,0,0,0,0,0,0,0,0,0,0,0,1,0,1,0
17:55:32.225,0,-2.8,1,0,0,0,25,23,2,0,0,33,30,0,0,0,0,0,0,0,0,0,0,0,0,0,0,0,0,0,0,0,0,0,0,0,4.863,0.015,14.817,34,0,32,0,0,160,0,0,0,0,0,0,0,0,0,0,0,1,0,1,0
17:55:32.325,0,2.5,1,0,0,0,25,23,2,0,0,33,30,0,0,0,0,0,0,0,0,0,0,0,0,0,0,0,0,0,0,0,0,0,0,0,4.863,0.015,14.817,34,0,32,0,0,160,0,0,0,0,0,0,0,0,0,0,0,1,0,1,0
17:55:32.425,0,-4.9,1,0,0,0,25,23,2,0,0,33,30,0,0,0,0,0,0,0,0,0,0,0,0,0,0,0,0,0,0,0,0,0,0,0,4.863,0.015,14.817,34,0,32,0,0,160,0,0,0,0,0,0,0,0,0,0,0,1,0,1,0
17:55:32.525,0,-5.8,1,0,0,0,25,23,2,0,0,34,30,0,0,0,0,0,0,0,0,0,0,0,0,0,0,0,0,0,0,0,0,0,0,0,4.863,0.015,14.817,34,0,32,0,0,160,0,0,0,0,0,0,0,0,0,0,0,1,0,1,0
17:55:32.625,0,-0.3,1,0,0,0,25,23,2,0,0,33,30,0,0,0,0,0,0,0,0,0,0,0,0,0,0,0,0,0,0,0,0,0,0,0,4.863,0.015,14.817,34,0,32,0,0,160,0,0,0,0,0,0,0,0,0,0,0,1,0,1,0
17:55:32.725,0,2.5,1,0,0,0,25,23,2,0,0,33,30,0,0,0,0,0,0,0,0,0,0,0,0,0,0,0,0,0,0,0,0,0,0,0,4.863,0.015,14.817,34,0,32,0,0,160,0,0,0,0,0,0,0,0,0,0,0,1,0,1,0
17:55:32.825,0,2.8,1,0,0,0,25,23,2,0,0,33,29,0,0,0,0,0,0,0,0,0,0,0,0,0,0,0,0,0,0,0,0,0,0,0,4.863,0.015,14.817,34,0,32,0,0,160,0,0,0,0,0,0,0,0,0,0,0,1,0,1,0
17:55:32.925,0,1.1,1,0,0,0,25,23,2,0,0,33,30,0,0,0,0,0,0,0,0,0,0,0,0,0,0,0,0,0,0,0,0,0,0,0,4.863,0.015,14.817,34,0,32,0,0,160,0,0,0,0,0,0,0,0,0,0,0,1,0,1,0
17:55:33.025,0,-1.6,1,0,0,0,25,23,2,0,0,33,30,0,0,0,0,0,0,0,0,0,0,0,0,0,0,0,0,0,0,0,0,0,0,0,4.863,0.015,14.817,34,0,32,0,0,160,0,0,0,0,0,0,0,0,0,0,0,1,0,1,0
17:55:33.125,0,-2.4,1,0,0,0,25,23,2,0,0,33,30,0,0,0,0,0,0,0,0,0,0,0,0,0,0,0,0,0,0,0,0,0,0,0,4.863,0.015,14.817,34,0,32,0,0,160,0,0,0,0,0,0,0,0,0,0,0,1,0,1,0
17:55:33.225,0,-0.5,1,0,0,0,25,23,2,0,0,33,30,0,0,0,0,0,0,0,0,0,0,0,0,0,0,0,0,0,0,0,0,0,0,0,4.863,0.015,14.817,34,0,32,0,0,160,0,0,0,0,0,0,0,0,0,0,0,1,0,1,0
17:55:33.325,0,-4.4,1,0,0,0,25,23,2,0,0,33,30,0,0,0,0,0,0,0,0,0,0,0,0,0,0,0,0,0,0,0,0,0,0,0,4.863,0.015,14.817,34,0,32,0,0,160,0,0,0,0,0,0,0,0,0,0,0,1,0,1,0
17:55:33.425,0,-0.8,1,0,0,0,25,23,2,0,0,33,30,0,0,0,0,0,0,0,0,0,0,0,0,0,0,0,0,0,0,0,0,0,0,0,4.863,0.015,14.817,34,0,32,0,0,160,0,0,0,0,0,0,0,0,0,0,0,1,0,1,0
17:55:33.525,0,-1.2,1,0,0,0,25,23,2,0,0,33,30,0,0,0,0,0,0,0,0,0,0,0,0,0,0,0,0,0,0,0,0,0,0,0,4.863,0.015,14.817,34,0,32,0,0,160,0,0,0,0,0,0,0,0,0,0,0,1,0,1,0
17:55:33.625,0,-1.8,1,0,0,0,25,23,2,0,0,33,30,0,0,0,0,0,0,0,0,0,0,0,0,0,0,0,0,0,0,0,0,0,0,0,4.863,0.015,14.817,34,0,32,0,0,160,0,0,0,0,0,0,0,0,0,0,0,1,0,1,0
17:55:33.725,0,3,1,0,0,0,25,23,2,0,0,35,30,0,0,0,0,0,0,0,0,0,0,0,0,0,0,0,0,0,0,0,0,0,0,0,4.863,0.015,14.817,34,0,32,0,0,160,0,0,0,0,0,0,0,0,0,0,0,1,0,1,0
17:55:33.825,0,-2,1,0,0,0,25,23,2,0,0,35,30,0,0,0,0,0,0,0,0,0,0,0,0,0,0,0,0,0,0,0,0,0,0,0,4.863,0.015,14.817,34,0,32,0,0,160,0,0,0,0,0,0,0,0,0,0,0,1,0,1,0
17:55:33.925,0,-2.6,1,0,0,0,25,23,2,0,0,35,31,0,0,0,0,0,0,0,0,0,0,0,0,0,0,0,0,0,0,0,0,0,0,0,4.863,0.015,14.817,34,0,32,0,0,160,0,0,0,0,0,0,0,0,0,0,0,1,0,1,0
17:55:34.025,0,-3.4,1,0,0,0,25,23,2,0,0,35,31,0,0,0,0,0,0,0,0,0,0,0,0,0,0,0,0,0,0,0,0,0,0,0,4.858,0.015,14.817,34,0,32,0,0,160,0,0,0,0,0,0,0,0,0,0,0,1,0,1,0
17:55:34.125,0,-2.6,1,0,0,0,25,23,2,0,0,34,31,0,0,0,0,0,0,0,0,0,0,0,0,0,0,0,0,0,0,0,0,0,0,0,4.863,0.015,14.817,34,0,32,0,0,160,0,0,0,0,0,0,0,0,0,0,0,1,0,1,0
17:55:34.225,0,1.7,1,0,0,0,25,23,2,0,0,34,30,0,0,0,0,0,0,0,0,0,0,0,0,0,0,0,0,0,0,0,0,0,0,0,4.863,0.015,14.817,34,0,32,0,0,160,0,0,0,0,0,0,0,0,0,0,0,1,0,1,0
17:55:34.325,0,-2.9,1,0,0,0,25,23,2,0,0,34,31,0,0,0,0,0,0,0,0,0,0,0,0,0,0,0,0,0,0,0,0,0,0,0,4.863,0.015,14.817,34,0,32,0,0,160,0,0,0,0,0,0,0,0,0,0,0,1,0,1,0
17:55:34.425,0,-0.7,1,0,0,0,25,23,2,0,0,34,30,0,0,0,0,0,0,0,0,0,0,0,0,0,0,0,0,0,0,0,0,0,0,0,4.863,0.015,14.817,34,0,32,0,0,160,0,0,0,0,0,0,0,0,0,0,0,1,0,1,0
17:55:34.525,0,2.9,1,0,0,0,25,23,2,0,0,34,30,0,0,0,0,0,0,0,0,0,0,0,0,0,0,0,0,0,0,0,0,0,0,0,4.863,0.015,14.817,34,0,32,0,0,160,0,0,0,0,0,0,0,0,0,0,0,1,0,1,0
17:55:34.625,0,1.8,1,0,0,0,25,23,2,0,0,34,30,0,0,0,0,0,0,0,0,0,0,0,0,0,0,0,0,0,0,0,0,0,0,0,4.863,0.015,14.817,34,0,32,0,0,160,0,0,0,0,0,0,0,0,0,0,0,1,0,1,0
17:55:34.725,0,-3.1,1,0,0,0,25,23,2,0,0,33,30,0,0,0,0,0,0,0,0,0,0,0,0,0,0,0,0,0,0,0,0,0,0,0,4.863,0.015,14.817,34,0,32,0,0,160,0,0,0,0,0,0,0,0,0,0,0,1,0,1,0
17:55:34.825,0,-2,1,0,0,0,25,23,2,0,0,34,31,0,0,0,0,0,0,0,0,0,0,0,0,0,0,0,0,0,0,0,0,0,0,0,4.863,0.015,14.817,34,0,32,0,0,160,0,0,0,0,0,0,0,0,0,0,0,1,0,1,0
17:55:34.925,0,0.5,1,0,0,0,25,23,2,0,0,34,30,0,0,0,0,0,0,0,0,0,0,0,0,0,0,0,0,0,0,0,0,0,0,0,4.858,0.015,14.817,34,0,32,0,0,160,0,0,0,0,0,0,0,0,0,0,0,1,0,1,0
17:55:35.025,0,-3.1,1,0,0,0,25,23,2,0,0,33,30,0,0,0,0,0,0,0,0,0,0,0,0,0,0,0,0,0,0,0,0,0,0,0,4.858,0.015,14.817,34,0,32,0,0,160,0,0,0,0,0,0,0,0,0,0,0,1,0,1,0
17:55:35.125,0,2.4,1,0,0,0,25,23,2,0,0,33,30,0,0,0,0,0,0,0,0,0,0,0,0,0,0,0,0,0,0,0,0,0,0,0,4.863,0.015,14.817,34,0,32,0,0,160,0,0,0,0,0,0,0,0,0,0,0,1,0,1,0
17:55:35.225,0,-2.6,1,0,0,0,25,23,2,0,0,33,30,0,0,0,0,0,0,0,0,0,0,0,0,0,0,0,0,0,0,0,0,0,0,0,4.863,0.015,14.817,34,0,32,0,0,160,0,0,0,0,0,0,0,0,0,0,0,1,0,1,0
17:55:35.325,0,1.9,1,0,0,0,25,23,2,0,0,33,30,0,0,0,0,0,0,0,0,0,0,0,0,0,0,0,0,0,0,0,0,0,0,0,4.863,0.015,14.817,34,0,32,0,0,160,0,0,0,0,0,0,0,0,0,0,0,1,0,1,0
17:55:35.425,0,-6.4,1,0,0,0,25,23,2,0,0,33,30,0,0,0,0,0,0,0,0,0,0,0,0,0,0,0,0,0,0,0,0,0,0,0,4.863,0.015,14.817,34,0,32,0,0,160,0,0,0,0,0,0,0,0,0,0,0,1,0,1,0
17:55:35.525,0,1.4,1,0,0,0,25,23,2,0,0,33,30,0,0,0,0,0,0,0,0,0,0,0,0,0,0,0,0,0,0,0,0,0,0,0,4.863,0.015,14.817,34,0,32,0,0,160,0,0,0,0,0,0,0,0,0,0,0,1,0,1,0
17:55:35.625,0,3.7,1,0,0,0,25,23,2,0,0,33,30,0,0,0,0,0,0,0,0,0,0,0,0,0,0,0,0,0,0,0,0,0,0,0,4.863,0.015,14.81,34,0,32,0,0,160,0,0,0,0,0,0,0,0,0,0,0,1,0,1,0
17:55:35.725,0,-3.5,1,0,0,0,25,23,2,0,0,33,30,0,0,0,0,0,0,0,0,0,0,0,0,0,0,0,0,0,0,0,0,0,0,0,4.863,0.015,14.817,34,0,32,0,0,160,0,0,0,0,0,0,0,0,0,0,0,1,0,1,0
17:55:35.825,0,-0.7,1,0,0,0,25,23,2,0,0,33,29,0,0,0,0,0,0,0,0,0,0,0,0,0,0,0,0,0,0,0,0,0,0,0,4.863,0.015,14.817,34,0,32,0,0,160,0,0,0,0,0,0,0,0,0,0,0,1,0,1,0
17:55:35.925,0,-0.6,1,0,0,0,25,23,2,0,0,33,30,0,0,0,0,0,0,0,0,0,0,0,0,0,0,0,0,0,0,0,0,0,0,0,4.863,0.015,14.81,34,0,32,0,0,160,0,0,0,0,0,0,0,0,0,0,0,1,0,1,0
17:55:36.025,0,-3.5,1,0,0,0,25,23,2,0,0,33,30,0,0,0,0,0,0,0,0,0,0,0,0,0,0,0,0,0,0,0,0,0,0,0,4.858,0.015,14.817,34,0,32,0,0,160,0,0,0,0,0,0,0,0,0,0,0,1,0,1,0
17:55:36.125,0,1.7,1,0,0,0,25,23,2,0,0,33,30,0,0,0,0,0,0,0,0,0,0,0,0,0,0,0,0,0,0,0,0,0,0,0,4.863,0.015,14.817,34,0,32,0,0,160,0,0,0,0,0,0,0,0,0,0,0,1,0,1,0
17:55:36.225,0,-2.4,1,0,0,0,25,23,2,0,0,33,30,0,0,0,0,0,0,0,0,0,0,0,0,0,0,0,0,0,0,0,0,0,0,0,4.863,0.015,14.817,34,0,32,0,0,160,0,0,0,0,0,0,0,0,0,0,0,1,0,1,0
17:55:36.325,0,-2,1,0,0,0,25,23,2,0,0,33,30,0,0,0,0,0,0,0,0,0,0,0,0,0,0,0,0,0,0,0,0,0,0,0,4.863,0.015,14.81,34,0,32,0,0,160,0,0,0,0,0,0,0,0,0,0,0,1,0,1,0
17:55:36.425,0,2.3,1,0,0,0,25,23,2,0,0,33,30,0,0,0,0,0,0,0,0,0,0,0,0,0,0,0,0,0,0,0,0,0,0,0,4.863,0.015,14.817,34,0,32,0,0,160,0,0,0,0,0,0,0,0,0,0,0,1,0,1,0
17:55:36.525,0,-3,1,0,0,0,25,23,2,0,0,33,30,0,0,0,0,0,0,0,0,0,0,0,0,0,0,0,0,0,0,0,0,0,0,0,4.863,0.015,14.81,34,0,32,0,0,160,0,0,0,0,0,0,0,0,0,0,0,1,0,1,0
17:55:36.625,0,2,1,0,0,0,25,23,2,0,0,33,30,0,0,0,0,0,0,0,0,0,0,0,0,0,0,0,0,0,0,0,0,0,0,0,4.858,0.015,14.81,34,0,32,0,0,160,0,0,0,0,0,0,0,0,0,0,0,1,0,1,0
17:55:36.725,0,2.4,1,0,0,0,25,23,2,0,0,33,30,0,0,0,0,0,0,0,0,0,0,0,0,0,0,0,0,0,0,0,0,0,0,0,4.863,0.015,14.81,34,0,32,0,0,160,0,0,0,0,0,0,0,0,0,0,0,1,0,1,0
17:55:36.825,0,-3.1,1,0,0,0,25,23,2,0,0,33,30,0,0,0,0,0,0,0,0,0,0,0,0,0,0,0,0,0,0,0,0,0,0,0,4.863,0.015,14.817,34,0,32,0,0,160,0,0,0,0,0,0,0,0,0,0,0,1,0,1,0
17:55:36.925,0,-2.7,1,0,0,0,25,23,2,0,0,33,30,0,0,0,0,0,0,0,0,0,0,0,0,0,0,0,0,0,0,0,0,0,0,0,4.863,0.015,14.81,34,0,32,0,0,160,0,0,0,0,0,0,0,0,0,0,0,1,0,1,0
17:55:37.025,0,-2.8,1,0,0,0,25,23,2,0,0,33,30,0,0,0,0,0,0,0,0,0,0,0,0,0,0,0,0,0,0,0,0,0,0,0,4.863,0.015,14.817,34,0,32,0,0,160,0,0,0,0,0,0,0,0,0,0,0,1,0,1,0
17:55:37.125,0,-4.6,1,0,0,0,25,23,2,0,0,33,30,0,0,0,0,0,0,0,0,0,0,0,0,0,0,0,0,0,0,0,0,0,0,0,4.863,0.015,14.81,34,0,32,0,0,160,0,0,0,0,0,0,0,0,0,0,0,1,0,1,0
17:55:37.225,0,-4.8,1,0,0,0,25,23,2,0,0,33,30,0,0,0,0,0,0,0,0,0,0,0,0,0,0,0,0,0,0,0,0,0,0,0,4.863,0.015,14.81,34,0,32,0,0,160,0,0,0,0,0,0,0,0,0,0,0,1,0,1,0
17:55:37.325,0,2.6,1,0,0,0,25,23,2,0,0,33,30,0,0,0,0,0,0,0,0,0,0,0,0,0,0,0,0,0,0,0,0,0,0,0,4.863,0.015,14.81,34,0,32,0,0,160,0,0,0,0,0,0,0,0,0,0,0,1,0,1,0
17:55:37.425,0,-4.1,1,0,0,0,25,23,2,0,0,37,30,0,0,0,0,0,0,0,0,0,0,0,0,0,0,0,0,0,0,0,0,0,0,0,4.863,0.015,14.817,34,0,32,0,0,160,0,0,0,0,0,0,0,0,0,0,0,1,0,1,0
17:55:37.525,0,-3.6,1,0,0,0,25,23,2,0,0,37,30,0,0,0,0,0,0,0,0,0,0,0,0,0,0,0,0,0,0,0,0,0,0,0,4.863,0.015,14.81,34,0,32,0,0,160,0,0,0,0,0,0,0,0,0,0,0,1,0,1,0
17:55:37.625,0,-0.9,1,0,0,0,25,23,2,0,0,35,30,0,0,0,0,0,0,0,0,0,0,0,0,0,0,0,0,0,0,0,0,0,0,0,4.863,0.015,14.81,34,0,32,0,0,160,0,0,0,0,0,0,0,0,0,0,0,1,0,1,0
17:55:37.725,0,0.9,1,0,0,0,25,23,2,0,0,35,31,0,0,0,0,0,0,0,0,0,0,0,0,0,0,0,0,0,0,0,0,0,0,0,4.863,0.015,14.81,34,0,32,0,0,160,0,0,0,0,0,0,0,0,0,0,0,1,0,1,0
17:55:37.825,0,-4.4,1,0,0,0,25,23,2,0,0,35,31,0,0,0,0,0,0,0,0,0,0,0,0,0,0,0,0,0,0,0,0,0,0,0,4.863,0.015,14.817,34,0,32,0,0,160,0,0,0,0,0,0,0,0,0,0,0,1,0,1,0
17:55:37.925,0,-0.3,1,0,0,0,25,23,2,0,0,35,30,0,0,0,0,0,0,0,0,0,0,0,0,0,0,0,0,0,0,0,0,0,0,0,4.863,0.015,14.81,34,0,32,0,0,160,0,0,0,0,0,0,0,0,0,0,0,1,0,1,0
17:55:38.025,0,-2,1,0,0,0,25,23,2,0,0,34,30,0,0,0,0,0,0,0,0,0,0,0,0,0,0,0,0,0,0,0,0,0,0,0,4.863,0.015,14.81,34,0,32,0,0,160,0,0,0,0,0,0,0,0,0,0,0,1,0,1,0
17:55:38.125,0,-1.9,1,0,0,0,25,23,2,0,0,34,30,0,0,0,0,0,0,0,0,0,0,0,0,0,0,0,0,0,0,0,0,0,0,0,4.863,0.015,14.817,34,0,32,0,0,160,0,0,0,0,0,0,0,0,0,0,0,1,0,1,0
17:55:38.225,0,-5.6,1,0,0,0,25,23,2,0,0,34,30,0,0,0,0,0,0,0,0,0,0,0,0,0,0,0,0,0,0,0,0,0,0,0,4.863,0.015,14.81,34,0,32,0,0,160,0,0,0,0,0,0,0,0,0,0,0,1,0,1,0
17:55:38.325,0,-0.6,1,0,0,0,25,23,2,0,0,34,30,0,0,0,0,0,0,0,0,0,0,0,0,0,0,0,0,0,0,0,0,0,0,0,4.863,0.015,14.817,34,0,32,0,0,160,0,0,0,0,0,0,0,0,0,0,0,1,0,1,0
17:55:38.425,0,-3.6,1,0,0,0,25,23,2,0,0,34,30,0,0,0,0,0,0,0,0,0,0,0,0,0,0,0,0,0,0,0,0,0,0,0,4.863,0.015,14.81,34,0,32,0,0,160,0,0,0,0,0,0,0,0,0,0,0,1,0,1,0
17:55:38.525,0,0.6,1,0,0,0,25,23,2,0,0,33,30,0,0,0,0,0,0,0,0,0,0,0,0,0,0,0,0,0,0,0,0,0,0,0,4.863,0.015,14.817,34,0,32,0,0,160,0,0,0,0,0,0,0,0,0,0,0,1,0,1,0
17:55:38.625,0,-1.9,1,0,0,0,25,23,2,0,0,33,30,0,0,0,0,0,0,0,0,0,0,0,0,0,0,0,0,0,0,0,0,0,0,0,4.863,0.015,14.81,34,0,32,0,0,160,0,0,0,0,0,0,0,0,0,0,0,1,0,1,0
17:55:38.725,0,-4.7,1,0,0,0,25,23,2,0,0,33,30,0,0,0,0,0,0,0,0,0,0,0,0,0,0,0,0,0,0,0,0,0,0,0,4.863,0.015,14.81,34,0,32,0,0,160,0,0,0,0,0,0,0,0,0,0,0,1,0,1,0
17:55:38.825,0,-2.5,1,0,0,0,25,23,2,0,0,33,30,0,0,0,0,0,0,0,0,0,0,0,0,0,0,0,0,0,0,0,0,0,0,0,4.863,0.015,14.81,34,0,32,0,0,160,0,0,0,0,0,0,0,0,0,0,0,1,0,1,0
17:55:38.925,0,-2.1,1,0,0,0,25,23,2,0,0,33,30,0,0,0,0,0,0,0,0,0,0,0,0,0,0,0,0,0,0,0,0,0,0,0,4.863,0.015,14.81,34,0,32,0,0,160,0,0,0,0,0,0,0,0,0,0,0,1,0,1,0
17:55:39.025,0,-5.8,1,0,0,0,25,23,2,0,0,33,30,0,0,0,0,0,0,0,0,0,0,0,0,0,0,0,0,0,0,0,0,0,0,0,4.863,0.015,14.81,34,0,32,0,0,160,0,0,0,0,0,0,0,0,0,0,0,1,0,1,0
17:55:39.125,0,7.1,1,0,0,0,25,23,2,0,0,33,31,0,0,0,0,0,0,0,0,0,0,0,0,0,0,0,0,0,0,0,0,0,0,0,4.863,0.015,14.81,34,0,32,0,0,160,0,0,0,0,0,0,0,0,0,0,0,1,0,1,0
17:55:39.225,0,-3.4,1,0,0,0,25,23,2,0,0,33,30,0,0,0,0,0,0,0,0,0,0,0,0,0,0,0,0,0,0,0,0,0,0,0,4.863,0.015,14.81,34,0,32,0,0,160,0,0,0,0,0,0,0,0,0,0,0,1,0,1,0
17:55:39.325,0,-2.4,1,0,0,0,25,23,2,0,0,33,30,0,0,0,0,0,0,0,0,0,0,0,0,0,0,0,0,0,0,0,0,0,0,0,4.863,0.015,14.817,34,0,32,0,0,160,0,0,0,0,0,0,0,0,0,0,0,1,0,1,0
17:55:39.425,0,-1.5,1,0,0,0,25,23,2,0,0,33,30,0,0,0,0,0,0,0,0,0,0,0,0,0,0,0,0,0,0,0,0,0,0,0,4.863,0.015,14.81,34,0,32,0,0,160,0,0,0,0,0,0,0,0,0,0,0,1,0,1,0
17:55:39.525,0,-3.1,1,0,0,0,25,23,2,0,0,33,30,0,0,0,0,0,0,0,0,0,0,0,0,0,0,0,0,0,0,0,0,0,0,0,4.863,0.015,14.817,34,0,32,0,0,160,0,0,0,0,0,0,0,0,0,0,0,1,0,1,0
17:55:39.625,0,-2.7,1,0,0,0,25,23,2,0,0,33,30,0,0,0,0,0,0,0,0,0,0,0,0,0,0,0,0,0,0,0,0,0,0,0,4.863,0.015,14.81,34,0,32,0,0,160,0,0,0,0,0,0,0,0,0,0,0,1,0,1,0
17:55:39.725,0,0.9,1,0,0,0,25,23,2,0,0,33,30,0,0,0,0,0,0,0,0,0,0,0,0,0,0,0,0,0,0,0,0,0,0,0,4.863,0.015,14.817,34,0,32,0,0,160,0,0,0,0,0,0,0,0,0,0,0,1,0,1,0
17:55:39.825,0,-2.1,1,0,0,0,25,23,2,0,0,33,30,0,0,0,0,0,0,0,0,0,0,0,0,0,0,0,0,0,0,0,0,0,0,0,4.863,0.015,14.81,34,0,32,0,0,160,0,0,0,0,0,0,0,0,0,0,0,1,0,1,0
17:55:39.925,0,1.2,1,0,0,0,25,23,2,0,0,33,30,0,0,0,0,0,0,0,0,0,0,0,0,0,0,0,0,0,0,0,0,0,0,0,4.863,0.015,14.817,34,0,32,0,0,160,0,0,0,0,0,0,0,0,0,0,0,1,0,1,0
17:55:40.025,0,-1.6,1,0,0,0,25,23,2,0,0,33,30,0,0,0,0,0,0,0,0,0,0,0,0,0,0,0,0,0,0,0,0,0,0,0,4.863,0.015,14.81,34,0,32,0,0,160,0,0,0,0,0,0,0,0,0,0,0,1,0,1,0
17:55:40.125,0,-5.3,1,0,0,0,25,23,2,0,0,33,30,0,0,0,0,0,0,0,0,0,0,0,0,0,0,0,0,0,0,0,0,0,0,0,4.863,0.015,14.817,34,0,32,0,0,160,0,0,0,0,0,0,0,0,0,0,0,1,0,1,0
17:55:40.225,0,-0.3,1,0,0,0,25,23,2,0,0,33,30,0,0,0,0,0,0,0,0,0,0,0,0,0,0,0,0,0,0,0,0,0,0,0,4.863,0.015,14.81,34,0,32,0,0,160,0,0,0,0,0,0,0,0,0,0,0,1,0,1,0
17:55:40.325,0,3.7,1,0,0,0,25,23,2,0,0,33,30,0,0,0,0,0,0,0,0,0,0,0,0,0,0,0,0,0,0,0,0,0,0,0,4.863,0.015,14.81,34,0,32,0,0,160,0,0,0,0,0,0,0,0,0,0,0,1,0,1,0
17:55:40.425,0,-4.2,1,0,0,0,25,23,2,0,0,33,29,0,0,0,0,0,0,0,0,0,0,0,0,0,0,0,0,0,0,0,0,0,0,0,4.863,0.015,14.817,34,0,32,0,0,160,0,0,0,0,0,0,0,0,0,0,0,1,0,1,0
17:55:40.525,0,-1.6,1,0,0,0,25,23,2,0,0,33,30,0,0,0,0,0,0,0,0,0,0,0,0,0,0,0,0,0,0,0,0,0,0,0,4.863,0.015,14.81,34,0,32,0,0,160,0,0,0,0,0,0,0,0,0,0,0,1,0,1,0
17:55:40.625,0,1.9,1,0,0,0,25,23,2,0,0,33,30,0,0,0,0,0,0,0,0,0,0,0,0,0,0,0,0,0,0,0,0,0,0,0,4.863,0.015,14.817,34,0,32,0,0,160,0,0,0,0,0,0,0,0,0,0,0,1,0,1,0
17:55:40.725,0,-4.8,1,0,0,0,25,23,2,0,0,33,30,0,0,0,0,0,0,0,0,0,0,0,0,0,0,0,0,0,0,0,0,0,0,0,4.858,0.015,14.81,34,0,32,0,0,160,0,0,0,0,0,0,0,0,0,0,0,1,0,1,0
17:55:40.825,0,-3.5,1,0,0,0,25,23,2,0,0,33,30,0,0,0,0,0,0,0,0,0,0,0,0,0,0,0,0,0,0,0,0,0,0,0,4.863,0.015,14.817,34,0,32,0,0,160,0,0,0,0,0,0,0,0,0,0,0,1,0,1,0
17:55:40.925,0,-0.8,1,0,0,0,25,23,2,0,0,32,30,0,0,0,0,0,0,0,0,0,0,0,0,0,0,0,0,0,0,0,0,0,0,0,4.863,0.015,14.81,34,0,32,0,0,160,0,0,0,0,0,0,0,0,0,0,0,1,0,1,0
17:55:41.025,0,6.2,1,0,0,0,25,23,2,0,0,33,30,0,0,0,0,0,0,0,0,0,0,0,0,0,0,0,0,0,0,0,0,0,0,0,4.863,0.015,14.817,34,0,32,0,0,160,0,0,0,0,0,0,0,0,0,0,0,1,0,1,0
17:55:41.125,0,-3,1,0,0,0,25,23,2,0,0,33,30,0,0,0,0,0,0,0,0,0,0,0,0,0,0,0,0,0,0,0,0,0,0,0,4.863,0.015,14.81,34,0,32,0,0,160,0,0,0,0,0,0,0,0,0,0,0,1,0,1,0
17:55:41.225,0,1.3,1,0,0,0,25,23,2,0,0,33,30,0,0,0,0,0,0,0,0,0,0,0,0,0,0,0,0,0,0,0,0,0,0,0,4.863,0.015,14.817,34,0,32,0,0,160,0,0,0,0,0,0,0,0,0,0,0,1,0,1,0
17:55:41.325,0,1.5,1,0,0,0,25,23,2,0,0,35,30,0,0,0,0,0,0,0,0,0,0,0,0,0,0,0,0,0,0,0,0,0,0,0,4.863,0.015,14.81,34,0,32,0,0,160,0,0,0,0,0,0,0,0,0,0,0,1,0,1,0
17:55:41.425,0,1.3,1,0,0,0,25,23,2,0,0,35,30,0,0,0,0,0,0,0,0,0,0,0,0,0,0,0,0,0,0,0,0,0,0,0,4.863,0.015,14.817,34,0,32,0,0,160,0,0,0,0,0,0,0,0,0,0,0,1,0,1,0
17:55:41.525,0,4,1,0,0,0,25,23,2,0,0,35,30,0,0,0,0,0,0,0,0,0,0,0,0,0,0,0,0,0,0,0,0,0,0,0,4.863,0.015,14.81,34,0,32,0,0,160,0,0,0,0,0,0,0,0,0,0,0,1,0,1,0
17:55:41.625,0,1,1,0,0,0,25,23,2,0,0,35,30,0,0,0,0,0,0,0,0,0,0,0,0,0,0,0,0,0,0,0,0,0,0,0,4.863,0.015,14.817,34,0,32,0,0,160,0,0,0,0,0,0,0,0,0,0,0,1,0,1,0
17:55:41.725,0,1.9,1,0,0,0,25,23,2,0,0,34,31,0,0,0,0,0,0,0,0,0,0,0,0,0,0,0,0,0,0,0,0,0,0,0,4.863,0.015,14.81,34,0,32,0,0,160,0,0,0,0,0,0,0,0,0,0,0,1,0,1,0
17:55:41.825,0,-1.6,1,0,0,0,25,23,2,0,0,34,30,0,0,0,0,0,0,0,0,0,0,0,0,0,0,0,0,0,0,0,0,0,0,0,4.863,0.015,14.817,34,0,32,0,0,160,0,0,0,0,0,0,0,0,0,0,0,1,0,1,0
17:55:41.925,0,-2.2,1,0,0,0,25,23,2,0,0,34,30,0,0,0,0,0,0,0,0,0,0,0,0,0,0,0,0,0,0,0,0,0,0,0,4.858,0.015,14.81,34,0,32,0,0,160,0,0,0,0,0,0,0,0,0,0,0,1,0,1,0
17:55:42.025,0,1.6,1,0,0,0,25,23,2,0,0,34,30,0,0,0,0,0,0,0,0,0,0,0,0,0,0,0,0,0,0,0,0,0,0,0,4.863,0.015,14.817,34,0,32,0,0,160,0,0,0,0,0,0,0,0,0,0,0,1,0,1,0
17:55:42.125,0,-3.3,1,0,0,0,25,23,2,0,0,33,30,0,0,0,0,0,0,0,0,0,0,0,0,0,0,0,0,0,0,0,0,0,0,0,4.863,0.015,14.81,34,0,32,0,0,160,0,0,0,0,0,0,0,0,0,0,0,1,0,1,0
17:55:42.225,0,2.9,1,0,0,0,25,23,2,0,0,33,30,0,0,0,0,0,0,0,0,0,0,0,0,0,0,0,0,0,0,0,0,0,0,0,4.863,0.015,14.817,34,0,32,0,0,160,0,0,0,0,0,0,0,0,0,0,0,1,0,1,0
17:55:42.325,0,1.6,1,0,0,0,25,23,2,0,0,33,30,0,0,0,0,0,0,0,0,0,0,0,0,0,0,0,0,0,0,0,0,0,0,0,4.863,0.015,14.81,34,0,32,0,0,160,0,0,0,0,0,0,0,0,0,0,0,1,0,1,0
17:55:42.425,0,1.1,1,0,0,0,25,23,2,0,0,33,30,0,0,0,0,0,0,0,0,0,0,0,0,0,0,0,0,0,0,0,0,0,0,0,4.863,0.015,14.817,34,0,32,0,0,160,0,0,0,0,0,0,0,0,0,0,0,1,0,1,0
17:55:42.525,0,-2,1,0,0,0,25,23,2,0,0,34,30,0,0,0,0,0,0,0,0,0,0,0,0,0,0,0,0,0,0,0,0,0,0,0,4.863,0.015,14.817,34,0,32,0,0,160,0,0,0,0,0,0,0,0,0,0,0,1,0,1,0
17:55:42.625,0,0.8,1,0,0,0,25,23,2,0,0,34,30,0,0,0,0,0,0,0,0,0,0,0,0,0,0,0,0,0,0,0,0,0,0,0,4.863,0.015,14.81,34,0,32,0,0,160,0,0,0,0,0,0,0,0,0,0,0,1,0,1,0
17:55:42.725,0,-1.3,1,0,0,0,25,23,2,0,0,33,30,0,0,0,0,0,0,0,0,0,0,0,0,0,0,0,0,0,0,0,0,0,0,0,4.863,0.015,14.817,34,0,32,0,0,160,0,0,0,0,0,0,0,0,0,0,0,1,0,1,0
17:55:42.825,0,-5.3,1,0,0,0,25,23,2,0,0,33,30,0,0,0,0,0,0,0,0,0,0,0,0,0,0,0,0,0,0,0,0,0,0,0,4.863,0.015,14.81,34,0,32,0,0,160,0,0,0,0,0,0,0,0,0,0,0,1,0,1,0
17:55:42.925,0,0.8,1,0,0,0,25,23,2,0,0,33,30,0,0,0,0,0,0,0,0,0,0,0,0,0,0,0,0,0,0,0,0,0,0,0,4.863,0.015,14.817,34,0,32,0,0,160,0,0,0,0,0,0,0,0,0,0,0,1,0,1,0
17:55:43.025,0,-1.6,1,0,0,0,25,23,2,0,0,33,30,0,0,0,0,0,0,0,0,0,0,0,0,0,0,0,0,0,0,0,0,0,0,0,4.863,0.015,14.81,34,0,32,0,0,160,0,0,0,0,0,0,0,0,0,0,0,1,0,1,0
17:55:43.125,0,-5.3,1,0,0,0,25,23,2,0,0,33,30,0,0,0,0,0,0,0,0,0,0,0,0,0,0,0,0,0,0,0,0,0,0,0,4.863,0.015,14.817,34,0,32,0,0,160,0,0,0,0,0,0,0,0,0,0,0,1,0,1,0
17:55:43.225,0,2.6,1,0,0,0,25,23,2,0,0,33,30,0,0,0,0,0,0,0,0,0,0,0,0,0,0,0,0,0,0,0,0,0,0,0,4.858,0.015,14.81,34,0,32,0,0,160,0,0,0,0,0,0,0,0,0,0,0,1,0,1,0
17:55:43.325,0,-1,1,0,0,0,25,23,2,0,0,33,30,0,0,0,0,0,0,0,0,0,0,0,0,0,0,0,0,0,0,0,0,0,0,0,4.863,0.015,14.817,34,0,32,0,0,160,0,0,0,0,0,0,0,0,0,0,0,1,0,1,0
17:55:43.425,0,2.1,1,0,0,0,25,23,2,0,0,33,30,0,0,0,0,0,0,0,0,0,0,0,0,0,0,0,0,0,0,0,0,0,0,0,4.863,0.015,14.81,34,0,32,0,0,160,0,0,0,0,0,0,0,0,0,0,0,1,0,1,0
17:55:43.525,0,0.4,1,0,0,0,25,23,2,0,0,33,30,0,0,0,0,0,0,0,0,0,0,0,0,0,0,0,0,0,0,0,0,0,0,0,4.863,0.015,14.817,34,0,32,0,0,160,0,0,0,0,0,0,0,0,0,0,0,1,0,1,0
17:55:43.625,0,-1.2,1,0,0,0,25,23,2,0,0,33,30,0,0,0,0,0,0,0,0,0,0,0,0,0,0,0,0,0,0,0,0,0,0,0,4.863,0.015,14.81,34,0,32,0,0,160,0,0,0,0,0,0,0,0,0,0,0,1,0,1,0
17:55:43.725,0,-5.2,1,0,0,0,25,23,2,0,0,33,30,0,0,0,0,0,0,0,0,0,0,0,0,0,0,0,0,0,0,0,0,0,0,0,4.863,0.015,14.817,34,0,32,0,0,160,0,0,0,0,0,0,0,0,0,0,0,1,0,1,0
17:55:43.825,0,-1.8,1,0,0,0,25,23,2,0,0,33,30,0,0,0,0,0,0,0,0,0,0,0,0,0,0,0,0,0,0,0,0,0,0,0,4.863,0.015,14.81,34,0,32,0,0,160,0,0,0,0,0,0,0,0,0,0,0,1,0,1,0
17:55:43.925,0,-2.7,1,0,0,0,25,23,2,0,0,33,30,0,0,0,0,0,0,0,0,0,0,0,0,0,0,0,0,0,0,0,0,0,0,0,4.863,0.015,14.81,34,0,32,0,0,160,0,0,0,0,0,0,0,0,0,0,0,1,0,1,0
17:55:44.025,0,-4,1,0,0,0,25,23,2,0,0,33,30,0,0,0,0,0,0,0,0,0,0,0,0,0,0,0,0,0,0,0,0,0,0,0,4.858,0.015,14.81,34,0,32,0,0,160,0,0,0,0,0,0,0,0,0,0,0,1,0,1,0
17:55:44.125,0,1.8,1,0,0,0,25,23,2,0,0,33,30,0,0,0,0,0,0,0,0,0,0,0,0,0,0,0,0,0,0,0,0,0,0,0,4.863,0.015,14.817,34,0,32,0,0,160,0,0,0,0,0,0,0,0,0,0,0,1,0,1,0
17:55:44.225,0,1.9,1,0,0,0,25,23,2,0,0,33,30,0,0,0,0,0,0,0,0,0,0,0,0,0,0,0,0,0,0,0,0,0,0,0,4.863,0.015,14.81,34,0,32,0,0,160,0,0,0,0,0,0,0,0,0,0,0,1,0,1,0
17:55:44.325,0,2.1,1,0,0,0,25,23,2,0,0,33,30,0,0,0,0,0,0,0,0,0,0,0,0,0,0,0,0,0,0,0,0,0,0,0,4.863,0.015,14.817,34,0,32,0,0,160,0,0,0,0,0,0,0,0,0,0,0,1,0,1,0
17:55:44.425,0,3.1,1,0,0,0,25,23,2,0,0,33,29,0,0,0,0,0,0,0,0,0,0,0,0,0,0,0,0,0,0,0,0,0,0,0,4.863,0.015,14.81,34,0,32,0,0,160,0,0,0,0,0,0,0,0,0,0,0,1,0,1,0
17:55:44.525,0,0.8,1,0,0,0,25,23,2,0,0,33,30,0,0,0,0,0,0,0,0,0,0,0,0,0,0,0,0,0,0,0,0,0,0,0,4.863,0.015,14.817,34,0,32,0,0,160,0,0,0,0,0,0,0,0,0,0,0,1,0,1,0
17:55:44.625,0,0.9,1,0,0,0,25,23,2,0,0,33,29,0,0,0,0,0,0,0,0,0,0,0,0,0,0,0,0,0,0,0,0,0,0,0,4.863,0.015,14.81,34,0,32,0,0,160,0,0,0,0,0,0,0,0,0,0,0,1,0,1,0
17:55:44.725,0,-2.5,1,0,0,0,25,23,2,0,0,33,30,0,0,0,0,0,0,0,0,0,0,0,0,0,0,0,0,0,0,0,0,0,0,0,4.863,0.015,14.81,34,0,32,0,0,160,0,0,0,0,0,0,0,0,0,0,0,1,0,1,0
17:55:44.825,0,-2.3,1,0,0,0,25,23,2,0,0,33,30,0,0,0,0,0,0,0,0,0,0,0,0,0,0,0,0,0,0,0,0,0,0,0,4.863,0.015,14.817,34,0,32,0,0,160,0,0,0,0,0,0,0,0,0,0,0,1,0,1,0
17:55:44.925,0,-2.5,1,0,0,0,25,23,2,0,0,33,30,0,0,0,0,0,0,0,0,0,0,0,0,0,0,0,0,0,0,0,0,0,0,0,4.863,0.015,14.81,34,0,32,0,0,160,0,0,0,0,0,0,0,0,0,0,0,1,0,1,0
17:55:45.025,0,0.4,1,0,0,0,25,23,2,0,0,35,30,0,0,0,0,0,0,0,0,0,0,0,0,0,0,0,0,0,0,0,0,0,0,0,4.863,0.015,14.817,34,0,32,0,0,160,0,0,0,0,0,0,0,0,0,0,0,1,0,1,0
17:55:45.125,0,-4.1,1,0,0,0,25,23,2,0,0,35,30,0,0,0,0,0,0,0,0,0,0,0,0,0,0,0,0,0,0,0,0,0,0,0,4.863,0.015,14.81,34,0,32,0,0,160,0,0,0,0,0,0,0,0,0,0,0,1,0,1,0
17:55:45.225,0,-1.5,1,0,0,0,25,23,2,0,0,35,31,0,0,0,0,0,0,0,0,0,0,0,0,0,0,0,0,0,0,0,0,0,0,0,4.863,0.015,14.817,34,0,32,0,0,160,0,0,0,0,0,0,0,0,0,0,0,1,0,1,0
17:55:45.325,0,-2.5,1,0,0,0,25,23,2,0,0,35,31,0,0,0,0,0,0,0,0,0,0,0,0,0,0,0,0,0,0,0,0,0,0,0,4.863,0.015,14.81,34,0,32,0,0,160,0,0,0,0,0,0,0,0,0,0,0,1,0,1,0
17:55:45.425,0,-4.8,1,0,0,0,25,23,2,0,0,34,30,0,0,0,0,0,0,0,0,0,0,0,0,0,0,0,0,0,0,0,0,0,0,0,4.858,0.015,14.817,34,0,32,0,0,160,0,0,0,0,0,0,0,0,0,0,0,1,0,1,0
17:55:45.525,0,-3.8,1,0,0,0,25,23,2,0,0,34,30,0,0,0,0,0,0,0,0,0,0,0,0,0,0,0,0,0,0,0,0,0,0,0,4.863,0.015,14.81,34,0,32,0,0,160,0,0,0,0,0,0,0,0,0,0,0,1,0,1,0
17:55:45.625,0,-3.7,1,0,0,0,25,23,2,0,0,34,30,0,0,0,0,0,0,0,0,0,0,0,0,0,0,0,0,0,0,0,0,0,0,0,4.863,0.015,14.817,34,0,32,0,0,160,0,0,0,0,0,0,0,0,0,0,0,1,0,1,0
17:55:45.725,0,-2.9,1,0,0,0,25,23,2,0,0,34,30,0,0,0,0,0,0,0,0,0,0,0,0,0,0,0,0,0,0,0,0,0,0,0,4.863,0.015,14.81,34,0,32,0,0,160,0,0,0,0,0,0,0,0,0,0,0,1,0,1,0
17:55:45.825,0,-5.6,1,0,0,0,25,23,2,0,0,34,30,0,0,0,0,0,0,0,0,0,0,0,0,0,0,0,0,0,0,0,0,0,0,0,4.863,0.015,14.817,34,0,32,0,0,160,0,0,0,0,0,0,0,0,0,0,0,1,0,1,0
17:55:45.925,0,-2,1,0,0,0,25,23,2,0,0,33,30,0,0,0,0,0,0,0,0,0,0,0,0,0,0,0,0,0,0,0,0,0,0,0,4.863,0.015,14.81,34,0,32,0,0,160,0,0,0,0,0,0,0,0,0,0,0,1,0,1,0
17:55:46.025,0,-0.6,1,0,0,0,25,23,2,0,0,33,30,0,0,0,0,0,0,0,0,0,0,0,0,0,0,0,0,0,0,0,0,0,0,0,4.863,0.015,14.817,34,0,32,0,0,160,0,0,0,0,0,0,0,0,0,0,0,1,0,1,0
17:55:46.125,0,1.1,1,0,0,0,25,23,2,0,0,34,30,0,0,0,0,0,0,0,0,0,0,0,0,0,0,0,0,0,0,0,0,0,0,0,4.863,0.015,14.81,34,0,32,0,0,160,0,0,0,0,0,0,0,0,0,0,0,1,0,1,0
17:55:46.225,0,-1.9,1,0,0,0,25,23,2,0,0,33,30,0,0,0,0,0,0,0,0,0,0,0,0,0,0,0,0,0,0,0,0,0,0,0,4.863,0.015,14.817,34,0,32,0,0,160,0,0,0,0,0,0,0,0,0,0,0,1,0,1,0
17:55:46.325,0,-4.3,1,0,0,0,25,23,2,0,0,33,30,0,0,0,0,0,0,0,0,0,0,0,0,0,0,0,0,0,0,0,0,0,0,0,4.863,0.015,14.81,34,0,32,0,0,160,0,0,0,0,0,0,0,0,0,0,0,1,0,1,0
17:55:46.425,0,-3.2,1,0,0,0,25,23,2,0,0,33,30,0,0,0,0,0,0,0,0,0,0,0,0,0,0,0,0,0,0,0,0,0,0,0,4.863,0.015,14.817,34,0,32,0,0,160,0,0,0,0,0,0,0,0,0,0,0,1,0,1,0
17:55:46.525,0,-1.3,1,0,0,0,25,23,2,0,0,34,30,0,0,0,0,0,0,0,0,0,0,0,0,0,0,0,0,0,0,0,0,0,0,0,4.863,0.015,14.81,34,0,32,0,0,160,0,0,0,0,0,0,0,0,0,0,0,1,0,1,0
17:55:46.625,0,-4.8,1,0,0,0,25,23,2,0,0,33,30,0,0,0,0,0,0,0,0,0,0,0,0,0,0,0,0,0,0,0,0,0,0,0,4.863,0.015,14.817,34,0,32,0,0,160,0,0,0,0,0,0,0,0,0,0,0,1,0,1,0
17:55:46.725,0,-1,1,0,0,0,25,23,2,0,0,33,30,0,0,0,0,0,0,0,0,0,0,0,0,0,0,0,0,0,0,0,0,0,0,0,4.863,0.015,14.81,34,0,32,0,0,160,0,0,0,0,0,0,0,0,0,0,0,1,0,1,0
17:55:46.825,0,4.8,1,0,0,0,25,23,2,0,0,33,30,0,0,0,0,0,0,0,0,0,0,0,0,0,0,0,0,0,0,0,0,0,0,0,4.858,0.015,14.817,34,0,32,0,0,160,0,0,0,0,0,0,0,0,0,0,0,1,0,1,0
17:55:46.925,0,3,1,0,0,0,25,23,2,0,0,33,30,0,0,0,0,0,0,0,0,0,0,0,0,0,0,0,0,0,0,0,0,0,0,0,4.863,0.015,14.81,34,0,32,0,0,160,0,0,0,0,0,0,0,0,0,0,0,1,0,1,0
17:55:47.025,0,-3.5,1,0,0,0,25,23,2,0,0,33,30,0,0,0,0,0,0,0,0,0,0,0,0,0,0,0,0,0,0,0,0,0,0,0,4.858,0.015,14.81,34,0,32,0,0,160,0,0,0,0,0,0,0,0,0,0,0,1,0,1,0
17:55:47.125,0,-3.3,1,0,0,0,25,23,2,0,0,33,30,0,0,0,0,0,0,0,0,0,0,0,0,0,0,0,0,0,0,0,0,0,0,0,4.863,0.015,14.817,34,0,32,0,0,160,0,0,0,0,0,0,0,0,0,0,0,1,0,1,0
17:55:47.225,0,-0.8,1,0,0,0,25,23,2,0,0,33,30,0,0,0,0,0,0,0,0,0,0,0,0,0,0,0,0,0,0,0,0,0,0,0,4.863,0.015,14.81,34,0,32,0,0,160,0,0,0,0,0,0,0,0,0,0,0,1,0,1,0
17:55:47.325,0,-4,1,0,0,0,25,23,2,0,0,33,30,0,0,0,0,0,0,0,0,0,0,0,0,0,0,0,0,0,0,0,0,0,0,0,4.858,0.015,14.81,34,0,32,0,0,160,0,0,0,0,0,0,0,0,0,0,0,1,0,1,0
17:55:47.425,0,0.3,1,0,0,0,25,23,2,0,0,33,30,0,0,0,0,0,0,0,0,0,0,0,0,0,0,0,0,0,0,0,0,0,0,0,4.863,0.015,14.81,34,0,32,0,0,160,0,0,0,0,0,0,0,0,0,0,0,1,0,1,0
17:55:47.525,0,-3.1,1,0,0,0,25,23,2,0,0,33,30,0,0,0,0,0,0,0,0,0,0,0,0,0,0,0,0,0,0,0,0,0,0,0,4.863,0.015,14.817,34,0,32,0,0,160,0,0,0,0,0,0,0,0,0,0,0,1,0,1,0
17:55:47.625,0,-1.6,1,0,0,0,25,23,2,0,0,33,29,0,0,0,0,0,0,0,0,0,0,0,0,0,0,0,0,0,0,0,0,0,0,0,4.863,0.015,14.81,34,0,32,0,0,160,0,0,0,0,0,0,0,0,0,0,0,1,0,1,0
17:55:47.725,0,-3.4,1,0,0,0,25,23,2,0,0,34,30,0,0,0,0,0,0,0,0,0,0,0,0,0,0,0,0,0,0,0,0,0,0,0,4.863,0.015,14.817,34,0,32,0,0,160,0,0,0,0,0,0,0,0,0,0,0,1,0,1,0
17:55:47.825,0,5,1,0,0,0,25,23,2,0,0,33,30,0,0,0,0,0,0,0,0,0,0,0,0,0,0,0,0,0,0,0,0,0,0,0,4.858,0.015,14.81,34,0,32,0,0,160,0,0,0,0,0,0,0,0,0,0,0,1,0,1,0
17:55:47.925,0,-1.2,1,0,0,0,25,23,2,0,0,33,30,0,0,0,0,0,0,0,0,0,0,0,0,0,0,0,0,0,0,0,0,0,0,0,4.863,0.015,14.817,34,0,32,0,0,160,0,0,0,0,0,0,0,0,0,0,0,1,0,1,0
17:55:48.025,0,-4.9,1,0,0,0,25,23,2,0,0,33,30,0,0,0,0,0,0,0,0,0,0,0,0,0,0,0,0,0,0,0,0,0,0,0,4.863,0.015,14.81,34,0,32,0,0,160,0,0,0,0,0,0,0,0,0,0,0,1,0,1,0
17:55:48.125,0,2.2,1,0,0,0,25,23,2,0,0,33,30,0,0,0,0,0,0,0,0,0,0,0,0,0,0,0,0,0,0,0,0,0,0,0,4.863,0.015,14.817,34,0,32,0,0,160,0,0,0,0,0,0,0,0,0,0,0,1,0,1,0
17:55:48.225,0,1,1,0,0,0,25,23,2,0,0,33,29,0,0,0,0,0,0,0,0,0,0,0,0,0,0,0,0,0,0,0,0,0,0,0,4.863,0.015,14.81,34,0,32,0,0,160,0,0,0,0,0,0,0,0,0,0,0,1,0,1,0
17:55:48.325,0,-4.5,1,0,0,0,25,23,2,0,0,33,30,0,0,0,0,0,0,0,0,0,0,0,0,0,0,0,0,0,0,0,0,0,0,0,4.863,0.015,14.817,34,0,32,0,0,160,0,0,0,0,0,0,0,0,0,0,0,1,0,1,0
17:55:48.425,0,4.1,1,0,0,0,25,23,2,0,0,33,30,0,0,0,0,0,0,0,0,0,0,0,0,0,0,0,0,0,0,0,0,0,0,0,4.863,0.015,14.81,34,0,32,0,0,160,0,0,0,0,0,0,0,0,0,0,0,1,0,1,0
17:55:48.525,0,2.9,1,0,0,0,25,23,2,0,0,33,29,0,0,0,0,0,0,0,0,0,0,0,0,0,0,0,0,0,0,0,0,0,0,0,4.863,0.015,14.817,34,0,32,0,0,160,0,0,0,0,0,0,0,0,0,0,0,1,0,1,0
17:55:48.625,0,-3.5,1,0,0,0,25,23,2,0,0,33,30,0,0,0,0,0,0,0,0,0,0,0,0,0,0,0,0,0,0,0,0,0,0,0,4.863,0.015,14.81,35,0,32,0,0,160,0,0,0,0,0,0,0,0,0,0,0,1,0,1,0
17:55:48.725,0,-2.6,1,0,0,0,25,23,2,0,0,37,30,0,0,0,0,0,0,0,0,0,0,0,0,0,0,0,0,0,0,0,0,0,0,0,4.863,0.015,14.817,34,0,32,0,0,160,0,0,0,0,0,0,0,0,0,0,0,1,0,1,0
17:55:48.825,0,0.3,1,0,0,0,25,23,2,0,0,37,31,0,0,0,0,0,0,0,0,0,0,0,0,0,0,0,0,0,0,0,0,0,0,0,4.863,0.015,14.81,34,0,32,0,0,160,0,0,0,0,0,0,0,0,0,0,0,1,0,1,0
17:55:48.925,0,-1.2,1,0,0,0,25,23,2,0,0,35,30,0,0,0,0,0,0,0,0,0,0,0,0,0,0,0,0,0,0,0,0,0,0,0,4.863,0.015,14.817,34,0,32,0,0,160,0,0,0,0,0,0,0,0,0,0,0,1,0,1,0
17:55:49.025,0,-0.3,1,0,0,0,25,23,2,0,0,35,31,0,0,0,0,0,0,0,0,0,0,0,0,0,0,0,0,0,0,0,0,0,0,0,4.863,0.015,14.81,34,0,32,0,0,160,0,0,0,0,0,0,0,0,0,0,0,1,0,1,0
17:55:49.125,0,-4.5,1,0,0,0,25,23,2,0,0,34,31,0,0,0,0,0,0,0,0,0,0,0,0,0,0,0,0,0,0,0,0,0,0,0,4.863,0.015,14.817,35,0,32,0,0,160,0,0,0,0,0,0,0,0,0,0,0,1,0,1,0
17:55:49.225,0,-4.6,1,0,0,0,25,23,2,0,0,35,31,0,0,0,0,0,0,0,0,0,0,0,0,0,0,0,0,0,0,0,0,0,0,0,4.863,0.015,14.817,34,0,32,0,0,160,0,0,0,0,0,0,0,0,0,0,0,1,0,1,0
17:55:49.325,0,5.2,1,0,0,0,25,23,2,0,0,34,30,0,0,0,0,0,0,0,0,0,0,0,0,0,0,0,0,0,0,0,0,0,0,0,4.863,0.015,14.81,34,0,32,0,0,160,0,0,0,0,0,0,0,0,0,0,0,1,0,1,0
17:55:49.425,0,-6.9,1,0,0,0,25,23,2,0,0,34,31,0,0,0,0,0,0,0,0,0,0,0,0,0,0,0,0,0,0,0,0,0,0,0,4.863,0.015,14.817,34,0,32,0,0,160,0,0,0,0,0,0,0,0,0,0,0,1,0,1,0
17:55:49.525,0,-1.3,1,0,0,0,25,23,2,0,0,34,30,0,0,0,0,0,0,0,0,0,0,0,0,0,0,0,0,0,0,0,0,0,0,0,4.863,0.015,14.81,34,0,32,0,0,160,0,0,0,0,0,0,0,0,0,0,0,1,0,1,0
17:55:49.625,0,2.8,1,0,0,0,25,23,2,0,0,34,30,0,0,0,0,0,0,0,0,0,0,0,0,0,0,0,0,0,0,0,0,0,0,0,4.858,0.015,14.817,35,0,32,0,0,160,0,0,0,0,0,0,0,0,0,0,0,1,0,1,0
17:55:49.725,0,-0.8,1,0,0,0,25,23,2,0,0,34,30,0,0,0,0,0,0,0,0,0,0,0,0,0,0,0,0,0,0,0,0,0,0,0,4.863,0.015,14.81,34,0,32,0,0,160,0,0,0,0,0,0,0,0,0,0,0,1,0,1,0
17:55:49.825,0,3.4,1,0,0,0,25,23,2,0,0,33,30,0,0,0,0,0,0,0,0,0,0,0,0,0,0,0,0,0,0,0,0,0,0,0,4.863,0.015,14.817,34,0,32,0,0,160,0,0,0,0,0,0,0,0,0,0,0,1,0,1,0
17:55:49.925,0,3.8,1,0,0,0,25,23,2,0,0,33,30,0,0,0,0,0,0,0,0,0,0,0,0,0,0,0,0,0,0,0,0,0,0,0,4.863,0.015,14.81,34,0,32,0,0,160,0,0,0,0,0,0,0,0,0,0,0,1,0,1,0
17:55:50.025,0,-3.1,1,0,0,0,25,23,2,0,0,34,30,0,0,0,0,0,0,0,0,0,0,0,0,0,0,0,0,0,0,0,0,0,0,0,4.863,0.015,14.817,34,0,32,0,0,160,0,0,0,0,0,0,0,0,0,0,0,1,0,1,0
17:55:50.125,0,1.4,1,0,0,0,25,23,2,0,0,34,30,0,0,0,0,0,0,0,0,0,0,0,0,0,0,0,0,0,0,0,0,0,0,0,4.863,0.015,14.81,34,0,32,0,0,160,0,0,0,0,0,0,0,0,0,0,0,1,0,1,0
17:55:50.225,0,-2.3,1,0,0,0,25,23,2,0,0,33,30,0,0,0,0,0,0,0,0,0,0,0,0,0,0,0,0,0,0,0,0,0,0,0,4.863,0.015,14.817,34,0,32,0,0,160,0,0,0,0,0,0,0,0,0,0,0,1,0,1,0
17:55:50.325,0,-4.5,1,0,0,0,25,23,2,0,0,33,30,0,0,0,0,0,0,0,0,0,0,0,0,0,0,0,0,0,0,0,0,0,0,0,4.858,0.015,14.81,34,0,32,0,0,160,0,0,0,0,0,0,0,0,0,0,0,1,0,1,0
17:55:50.425,0,-1.2,1,0,0,0,25,23,2,0,0,33,29,0,0,0,0,0,0,0,0,0,0,0,0,0,0,0,0,0,0,0,0,0,0,0,4.863,0.015,14.817,34,0,32,0,0,160,0,0,0,0,0,0,0,0,0,0,0,1,0,1,0
17:55:50.525,0,-0.1,1,0,0,0,25,23,2,0,0,33,30,0,0,0,0,0,0,0,0,0,0,0,0,0,0,0,0,0,0,0,0,0,0,0,4.863,0.015,14.81,34,0,32,0,0,160,0,0,0,0,0,0,0,0,0,0,0,1,0,1,0
17:55:50.625,0,2.8,1,0,0,0,25,23,2,0,0,33,30,0,0,0,0,0,0,0,0,0,0,0,0,0,0,0,0,0,0,0,0,0,0,0,4.863,0.015,14.817,34,0,32,0,0,160,0,0,0,0,0,0,0,0,0,0,0,1,0,1,0
17:55:50.725,0,-2.4,1,0,0,0,25,23,2,0,0,33,30,0,0,0,0,0,0,0,0,0,0,0,0,0,0,0,0,0,0,0,0,0,0,0,4.863,0.015,14.81,34,0,32,0,0,160,0,0,0,0,0,0,0,0,0,0,0,1,0,1,0
17:55:50.825,0,-3.3,1,0,0,0,25,23,2,0,0,33,30,0,0,0,0,0,0,0,0,0,0,0,0,0,0,0,0,0,0,0,0,0,0,0,4.863,0.015,14.817,34,0,32,0,0,160,0,0,0,0,0,0,0,0,0,0,0,1,0,1,0
17:55:50.925,0,-6.6,1,0,0,0,25,23,2,0,0,33,29,0,0,0,0,0,0,0,0,0,0,0,0,0,0,0,0,0,0,0,0,0,0,0,4.863,0.015,14.81,34,0,32,0,0,160,0,0,0,0,0,0,0,0,0,0,0,1,0,1,0
17:55:51.025,0,-4.6,1,0,0,0,25,23,2,0,0,33,30,0,0,0,0,0,0,0,0,0,0,0,0,0,0,0,0,0,0,0,0,0,0,0,4.858,0.015,14.817,34,0,32,0,0,160,0,0,0,0,0,0,0,0,0,0,0,1,0,1,0
17:55:51.125,0,-2.3,1,0,0,0,25,23,2,0,0,33,30,0,0,0,0,0,0,0,0,0,0,0,0,0,0,0,0,0,0,0,0,0,0,0,4.863,0.015,14.81,34,0,32,0,0,160,0,0,0,0,0,0,0,0,0,0,0,1,0,1,0
17:55:51.225,0,-1.9,1,0,0,0,25,23,2,0,0,33,30,0,0,0,0,0,0,0,0,0,0,0,0,0,0,0,0,0,0,0,0,0,0,0,4.863,0.015,14.817,34,0,32,0,0,160,0,0,0,0,0,0,0,0,0,0,0,1,0,1,0
17:55:51.325,0,-0.4,1,0,0,0,25,23,2,0,0,33,30,0,0,0,0,0,0,0,0,0,0,0,0,0,0,0,0,0,0,0,0,0,0,0,4.863,0.015,14.81,34,0,32,0,0,160,0,0,0,0,0,0,0,0,0,0,0,1,0,1,0
17:55:51.425,0,-0.9,1,0,0,0,25,23,2,0,0,33,30,0,0,0,0,0,0,0,0,0,0,0,0,0,0,0,0,0,0,0,0,0,0,0,4.863,0.015,14.81,34,0,32,0,0,160,0,0,0,0,0,0,0,0,0,0,0,1,0,1,0
17:55:51.525,0,-0.5,1,0,0,0,25,23,2,0,0,33,30,0,0,0,0,0,0,0,0,0,0,0,0,0,0,0,0,0,0,0,0,0,0,0,4.863,0.015,14.817,34,0,32,0,0,160,0,0,0,0,0,0,0,0,0,0,0,1,0,1,0
17:55:51.625,0,-1.5,1,0,0,0,25,23,2,0,0,33,29,0,0,0,0,0,0,0,0,0,0,0,0,0,0,0,0,0,0,0,0,0,0,0,4.863,0.015,14.81,34,0,32,0,0,160,0,0,0,0,0,0,0,0,0,0,0,1,0,1,0
17:55:51.725,0,-4.3,1,0,0,0,25,23,2,0,0,33,30,0,0,0,0,0,0,0,0,0,0,0,0,0,0,0,0,0,0,0,0,0,0,0,4.863,0.015,14.817,34,0,32,0,0,160,0,0,0,0,0,0,0,0,0,0,0,1,0,1,0
17:55:51.825,0,0.2,1,0,0,0,25,23,2,0,0,33,30,0,0,0,0,0,0,0,0,0,0,0,0,0,0,0,0,0,0,0,0,0,0,0,4.863,0.015,14.81,34,0,32,0,0,160,0,0,0,0,0,0,0,0,0,0,0,1,0,1,0
17:55:51.925,0,-2.4,1,0,0,0,25,23,2,0,0,33,30,0,0,0,0,0,0,0,0,0,0,0,0,0,0,0,0,0,0,0,0,0,0,0,4.863,0.015,14.81,34,0,32,0,0,160,0,0,0,0,0,0,0,0,0,0,0,1,0,1,0
17:55:52.025,0,0.1,1,0,0,0,25,23,2,0,0,33,30,0,0,0,0,0,0,0,0,0,0,0,0,0,0,0,0,0,0,0,0,0,0,0,4.863,0.015,14.81,34,0,32,0,0,160,0,0,0,0,0,0,0,0,0,0,0,1,0,1,0
17:55:52.125,0,3.3,1,0,0,0,25,23,2,0,0,33,30,0,0,0,0,0,0,0,0,0,0,0,0,0,0,0,0,0,0,0,0,0,0,0,4.863,0.015,14.817,34,0,32,0,0,160,0,0,0,0,0,0,0,0,0,0,0,1,0,1,0
17:55:52.225,0,-2.1,1,0,0,0,25,23,2,0,0,33,29,0,0,0,0,0,0,0,0,0,0,0,0,0,0,0,0,0,0,0,0,0,0,0,4.863,0.015,14.81,34,0,32,0,0,160,0,0,0,0,0,0,0,0,0,0,0,1,0,1,0
17:55:52.325,0,-6.3,1,0,0,0,25,23,2,0,0,33,30,0,0,0,0,0,0,0,0,0,0,0,0,0,0,0,0,0,0,0,0,0,0,0,4.863,0.015,14.817,34,0,32,0,0,160,0,0,0,0,0,0,0,0,0,0,0,1,0,1,0
17:55:52.425,0,-1.6,1,0,0,0,25,23,2,0,0,33,30,0,0,0,0,0,0,0,0,0,0,0,0,0,0,0,0,0,0,0,0,0,0,0,4.863,0.015,14.81,34,0,32,0,0,160,0,0,0,0,0,0,0,0,0,0,0,1,0,1,0
17:55:52.525,0,-1.4,1,0,0,0,25,23,2,0,0,33,29,0,0,0,0,0,0,0,0,0,0,0,0,0,0,0,0,0,0,0,0,0,0,0,4.863,0.015,14.817,34,0,32,0,0,160,0,0,0,0,0,0,0,0,0,0,0,1,0,1,0
17:55:52.625,0,-4.2,1,0,0,0,25,23,2,0,0,37,30,0,0,0,0,0,0,0,0,0,0,0,0,0,0,0,0,0,0,0,0,0,0,0,4.863,0.015,14.81,35,0,32,0,0,160,0,0,0,0,0,0,0,0,0,0,0,1,0,1,0
17:55:52.725,0,-3.6,1,0,0,0,25,23,2,0,0,37,30,0,0,0,0,0,0,0,0,0,0,0,0,0,0,0,0,0,0,0,0,0,0,0,4.863,0.015,14.817,34,0,32,0,0,160,0,0,0,0,0,0,0,0,0,0,0,1,0,1,0
17:55:52.825,0,-5.2,1,0,0,0,25,23,2,0,0,35,30,0,0,0,0,0,0,0,0,0,0,0,0,0,0,0,0,0,0,0,0,0,0,0,4.863,0.015,14.81,34,0,32,0,0,160,0,0,0,0,0,0,0,0,0,0,0,1,0,1,0
17:55:52.925,0,-2.3,1,0,0,0,25,23,2,0,0,35,31,0,0,0,0,0,0,0,0,0,0,0,0,0,0,0,0,0,0,0,0,0,0,0,4.863,0.015,14.817,34,0,32,0,0,160,0,0,0,0,0,0,0,0,0,0,0,1,0,1,0
17:55:53.025,0,0.8,1,0,0,0,25,23,2,0,0,35,31,0,0,0,0,0,0,0,0,0,0,0,0,0,0,0,0,0,0,0,0,0,0,0,4.863,0.015,14.81,34,0,32,0,0,160,0,0,0,0,0,0,0,0,0,0,0,1,0,1,0
17:55:53.125,0,1.6,1,0,0,0,25,23,2,0,0,34,31,0,0,0,0,0,0,0,0,0,0,0,0,0,0,0,0,0,0,0,0,0,0,0,4.863,0.015,14.817,34,0,32,0,0,160,0,0,0,0,0,0,0,0,0,0,0,1,0,1,0
17:55:53.225,0,-4.1,1,0,0,0,25,23,2,0,0,34,30,0,0,0,0,0,0,0,0,0,0,0,0,0,0,0,0,0,0,0,0,0,0,0,4.863,0.015,14.81,34,0,32,0,0,160,0,0,0,0,0,0,0,0,0,0,0,1,0,1,0
17:55:53.325,0,1.4,1,0,0,0,25,23,2,0,0,34,30,0,0,0,0,0,0,0,0,0,0,0,0,0,0,0,0,0,0,0,0,0,0,0,4.863,0.015,14.81,34,0,32,0,0,160,0,0,0,0,0,0,0,0,0,0,0,1,0,1,0
17:55:53.425,0,-5.6,1,0,0,0,25,23,2,0,0,34,30,0,0,0,0,0,0,0,0,0,0,0,0,0,0,0,0,0,0,0,0,0,0,0,4.858,0.015,14.81,34,0,32,0,0,160,0,0,0,0,0,0,0,0,0,0,0,1,0,1,0
17:55:53.525,0,-4.3,1,0,0,0,25,23,2,0,0,34,30,0,0,0,0,0,0,0,0,0,0,0,0,0,0,0,0,0,0,0,0,0,0,0,4.863,0.015,14.81,34,0,32,0,0,160,0,0,0,0,0,0,0,0,0,0,0,1,0,1,0
17:55:53.625,0,0.6,1,0,0,0,25,23,2,0,0,34,30,0,0,0,0,0,0,0,0,0,0,0,0,0,0,0,0,0,0,0,0,0,0,0,4.863,0.015,14.81,34,0,32,0,0,160,0,0,0,0,0,0,0,0,0,0,0,1,0,1,0
17:55:53.725,0,-3,1,0,0,0,25,23,2,0,0,33,30,0,0,0,0,0,0,0,0,0,0,0,0,0,0,0,0,0,0,0,0,0,0,0,4.863,0.015,14.81,34,0,32,0,0,160,0,0,0,0,0,0,0,0,0,0,0,1,0,1,0
17:55:53.825,0,0.8,1,0,0,0,25,23,2,0,0,34,30,0,0,0,0,0,0,0,0,0,0,0,0,0,0,0,0,0,0,0,0,0,0,0,4.863,0.015,14.81,34,0,32,0,0,160,0,0,0,0,0,0,0,0,0,0,0,1,0,1,0
17:55:53.925,0,1.6,1,0,0,0,25,23,2,0,0,33,30,0,0,0,0,0,0,0,0,0,0,0,0,0,0,0,0,0,0,0,0,0,0,0,4.863,0.015,14.81,34,0,32,0,0,160,0,0,0,0,0,0,0,0,0,0,0,1,0,1,0
17:55:54.025,0,1.6,1,0,0,0,25,23,2,0,0,33,30,0,0,0,0,0,0,0,0,0,0,0,0,0,0,0,0,0,0,0,0,0,0,0,4.863,0.015,14.81,34,0,32,0,0,160,0,0,0,0,0,0,0,0,0,0,0,1,0,1,0
17:55:54.125,0,-3.7,1,0,0,0,25,23,2,0,0,33,30,0,0,0,0,0,0,0,0,0,0,0,0,0,0,0,0,0,0,0,0,0,0,0,4.863,0.015,14.81,34,0,32,0,0,160,0,0,0,0,0,0,0,0,0,0,0,1,0,1,0
17:55:54.225,0,-1.8,1,0,0,0,25,23,2,0,0,33,30,0,0,0,0,0,0,0,0,0,0,0,0,0,0,0,0,0,0,0,0,0,0,0,4.863,0.015,14.81,34,0,32,0,0,160,0,0,0,0,0,0,0,0,0,0,0,1,0,1,0
17:55:54.325,0,4.1,1,0,0,0,25,23,2,0,0,33,30,0,0,0,0,0,0,0,0,0,0,0,0,0,0,0,0,0,0,0,0,0,0,0,4.863,0.015,14.7,34,0,32,0,0,160,0,0,0,0,0,0,0,0,0,0,0,1,0,1,0
17:55:54.425,0,-2.9,1,0,0,0,25,23,2,0,0,33,30,0,0,0,0,0,0,0,0,0,0,0,0,0,0,0,0,0,0,0,0,0,0,0,4.863,0.015,14.782,34,0,32,0,0,160,0,0,0,0,0,0,0,0,0,0,0,1,0,1,0
17:55:54.525,0,-2,1,0,0,0,25,23,2,0,0,33,30,0,0,0,0,0,0,0,0,0,0,0,0,0,0,0,0,0,0,0,0,0,0,0,4.863,0.015,14.776,34,0,32,0,0,160,0,0,0,0,0,0,0,0,0,0,0,1,0,1,0
17:55:54.625,0,-3,1,0,0,0,25,23,2,0,0,33,30,0,0,0,0,0,0,0,0,0,0,0,0,0,0,0,0,0,0,0,0,0,0,0,4.858,0.015,14.762,34,0,32,0,0,160,0,0,0,0,0,0,0,0,0,0,0,1,0,1,0
17:55:54.725,0,-4.9,1,0,0,0,25,23,2,0,0,33,31,0,0,0,0,0,0,0,0,0,0,0,0,0,0,0,0,0,0,0,0,0,0,0,4.863,0.015,14.721,34,0,32,0,0,160,0,0,0,0,0,0,0,0,0,0,0,1,0,1,0
17:55:54.825,0,-0.1,1,0,0,0,25,23,2,0,0,33,30,7,0,0,0,0,0,0,0,0,0,0,0,0,0,0,0,0,0,0,0,0,0,0,4.863,0.015,14.646,34,0,32,0,0,160,0,0,0,0,0,0,0,0,0,0,0,1,0,1,0
17:55:54.925,0,-4.2,1,0,0,0,25,23,2,0,0,33,30,10,0,0,0,0,0,0,0,0,0,0,0,0,0,0,0,0,0,0,0,0,0,0,4.863,0.015,14.571,34,0,32,0,0,160,0,0,0,0,0,0,0,0,0,0,0,1,0,1,0
17:55:55.025,0,-0.8,1,0,0,0,25,23,2,0,0,33,29,3,0,0,0,0,0,0,0,0,0,0,0,0,0,0,0,0,0,0,0,0,0,0,4.863,0.015,14.461,34,0,32,0,0,160,0,0,0,0,0,0,0,0,0,0,0,1,0,1,0
17:55:55.125,0,-1.5,1,0,0,0,25,23,2,0,0,34,30,5,0,0,0,0,0,0,0,0,0,0,0,0,0,0,0,0,0,0,0,0,0,0,4.863,0.015,14.304,34,0,32,0,0,160,0,0,0,0,0,0,0,0,0,0,0,1,0,1,0
17:55:55.225,0,3.3,1,0,0,0,25,23,2,0,0,33,30,6,0,0,0,0,0,0,0,0,0,0,0,0,0,0,0,0,0,0,0,0,0,0,4.863,0.015,14.263,34,0,32,0,0,160,0,0,0,0,0,0,0,0,0,0,0,1,0,1,0
17:55:55.325,0,-3.2,1,0,0,0,25,23,2,0,0,33,29,6,0,0,0,0,0,0,0,0,0,0,0,0,0,0,0,0,0,0,0,0,0,0,4.863,0.015,14.201,34,0,32,0,0,160,0,0,0,0,0,0,0,0,0,0,0,1,0,1,0
17:55:55.425,0,-3,1,0,0,0,25,23,2,0,0,32,29,7,0,0,0,0,0,0,0,0,0,0,0,0,0,0,0,0,0,0,0,0,0,0,4.863,0.015,14.119,34,0,32,0,0,160,0,0,0,0,0,0,0,0,0,0,0,1,0,1,0
17:55:55.525,0,-1.5,1,0,0,0,25,23,2,0,0,34,31,7,0,0,0,0,0,0,0,0,0,0,0,0,0,0,0,0,0,0,0,0,0,0,4.863,0.015,14.181,34,0,32,0,0,160,0,0,0,0,0,0,0,0,0,0,0,1,0,1,0
17:55:55.625,0,-5.5,1,0,0,0,25,23,2,0,0,33,29,7,0,0,0,0,0,0,0,0,0,0,0,0,0,0,0,0,0,0,0,0,0,0,4.863,0.015,14.181,34,0,32,0,0,160,0,0,0,0,0,0,0,0,0,0,0,1,0,1,0
17:55:55.725,0,-4.3,1,0,0,0,25,23,2,0,0,33,30,6,0,0,0,0,0,0,0,0,0,0,0,0,0,0,0,0,0,0,0,0,0,0,4.863,0.015,14.188,34,0,32,0,0,160,0,0,0,0,0,0,0,0,0,0,0,1,0,1,0
17:55:55.825,0,0.9,1,0,0,0,25,23,2,0,0,32,30,6,0,0,0,0,0,0,0,0,0,0,0,0,0,0,0,0,0,0,0,0,0,0,4.863,0.015,14.167,34,0,32,0,0,160,0,0,0,0,0,0,0,0,0,0,0,1,0,1,0
17:55:55.925,0,-5.6,1,0,0,0,25,23,2,0,0,32,30,6,0,0,0,0,0,0,0,0,0,0,0,0,0,0,0,0,0,0,0,0,0,0,4.863,0.015,14.167,34,0,32,0,0,160,0,0,0,0,0,0,0,0,0,0,0,1,0,1,0
17:55:56.025,0,-2,1,0,0,0,25,23,2,0,0,33,30,6,0,0,0,0,0,0,0,0,0,0,0,0,0,0,0,0,0,0,0,0,0,0,4.863,0.015,14.194,34,0,32,0,0,160,0,0,0,0,0,0,0,0,0,0,0,1,0,1,0
17:55:56.125,0,-2.5,1,0,0,0,25,23,2,0,0,34,31,6,0,0,0,0,0,0,0,0,0,0,0,0,0,0,0,0,0,0,0,0,0,0,4.863,0.015,14.188,34,0,32,0,0,160,0,0,0,0,0,0,0,0,0,0,0,1,0,1,0
17:55:56.225,0,2.3,1,0,0,0,25,23,2,0,0,33,30,6,0,0,0,0,0,0,0,0,0,0,0,0,0,0,0,0,0,0,0,0,0,0,4.863,0.015,14.16,34,0,32,0,0,160,0,0,0,0,0,0,0,0,0,0,0,1,0,1,0
17:55:56.325,0,-0.8,1,0,0,0,25,23,2,0,0,33,30,6,0,0,0,0,0,0,0,0,0,0,0,0,0,0,0,0,0,0,0,0,0,0,4.863,0.015,14.147,34,0,32,0,0,160,0,0,0,0,0,0,0,0,0,0,0,1,0,1,0
17:55:56.425,0,-0.2,1,0,0,0,25,23,2,0,0,34,29,6,0,0,0,0,0,0,0,0,0,0,0,0,0,0,0,0,0,0,0,0,0,0,4.863,0.015,14.167,34,0,32,0,0,160,0,0,0,0,0,0,0,0,0,0,0,1,0,1,0
17:55:56.525,0,-3.5,1,0,0,0,25,23,2,0,0,34,30,6,0,0,0,0,0,0,0,0,0,0,0,0,0,0,0,0,0,0,0,0,0,0,4.863,0.015,14.174,34,0,32,0,0,160,0,0,0,0,0,0,0,0,0,0,0,1,0,1,0
17:55:56.625,0,2.2,1,0,0,0,25,23,2,0,0,38,30,6,0,0,0,0,0,0,0,0,0,0,0,0,0,0,0,0,0,0,0,0,0,0,4.863,0.015,14.126,34,0,32,0,0,160,0,0,0,0,0,0,0,0,0,0,0,1,0,1,0
17:55:56.725,0,-4.4,1,0,0,0,25,23,2,0,0,35,29,7,0,0,0,0,0,0,0,0,0,0,0,0,0,0,0,0,0,0,0,0,0,0,4.863,0.015,14.194,34,0,32,0,0,160,0,0,0,0,0,0,0,0,0,0,0,1,0,1,0
17:55:56.825,0,6.5,1,0,0,0,25,23,2,0,0,34,31,6,0,0,0,0,0,0,0,0,0,0,0,0,0,0,0,0,0,0,0,0,0,0,4.863,0.015,14.153,34,0,32,0,0,160,0,0,0,0,0,0,0,0,0,0,0,1,0,1,0
17:55:56.925,0,0.7,1,0,0,0,25,23,2,0,0,37,32,6,0,0,0,0,0,0,0,0,0,0,0,0,0,0,0,0,0,0,0,0,0,0,4.863,0.015,14.147,34,0,32,0,0,160,0,0,0,0,0,0,0,0,0,0,0,1,0,1,0
17:55:57.025,0,-1.5,1,0,0,0,25,23,2,0,0,35,31,7,0,0,0,0,0,0,0,0,0,0,0,0,0,0,0,0,0,0,0,0,0,0,4.863,0.015,14.174,34,0,32,0,0,160,0,0,0,0,0,0,0,0,0,0,0,1,0,1,0
17:55:57.125,0,-1.4,1,0,0,0,25,23,2,0,0,34,29,7,0,0,0,0,0,0,0,0,0,0,0,0,0,0,0,0,0,0,0,0,0,0,4.863,0.015,14.167,34,0,32,0,0,160,0,0,0,0,0,0,0,0,0,0,0,1,0,1,0
17:55:57.225,0,1.6,1,0,0,0,25,23,2,0,0,34,31,7,0,0,0,0,0,0,0,0,0,0,0,0,0,0,0,0,0,0,0,0,0,0,4.863,0.015,14.119,34,0,32,0,0,160,0,0,0,0,0,0,0,0,0,0,0,1,0,1,0
17:55:57.325,0,-2.7,1,0,0,0,25,23,2,0,0,35,32,7,0,0,0,0,0,0,0,0,0,0,0,0,0,0,0,0,0,0,0,0,0,0,4.863,0.015,14.16,34,0,32,0,0,160,0,0,0,0,0,0,0,0,0,0,0,1,0,1,0
17:55:57.425,0,1.5,1,0,0,0,25,23,2,0,0,35,31,7,0,0,0,0,0,0,0,0,0,0,0,0,0,0,0,0,0,0,0,0,0,0,4.863,0.015,14.16,34,0,32,0,0,160,0,0,0,0,0,0,0,0,0,0,0,1,0,1,0
17:55:57.525,0,3,1,0,0,0,25,23,2,0,0,34,30,7,0,0,0,0,0,0,0,0,0,0,0,0,0,0,0,0,0,0,0,0,0,0,4.863,0.015,14.167,34,0,32,0,0,160,0,0,0,0,0,0,0,0,0,0,0,1,0,1,0
17:55:57.625,0,-1.3,1,0,0,0,25,23,2,0,0,33,29,7,0,0,0,0,0,0,0,0,0,0,0,0,0,0,0,0,0,0,0,0,0,0,4.863,0.015,14.147,34,0,32,0,0,160,0,0,0,0,0,0,0,0,0,0,0,1,0,1,0
17:55:57.725,0,1.1,1,0,0,0,25,23,2,0,0,35,31,7,0,0,0,0,0,0,0,0,0,0,0,0,0,0,0,0,0,0,0,0,0,0,4.863,0.015,14.153,34,0,32,0,0,160,0,0,0,0,0,0,0,0,0,0,0,1,0,1,0
17:55:57.825,0,2.6,1,0,0,0,25,23,2,0,0,34,29,7,0,0,0,0,0,0,0,0,0,0,0,0,0,0,0,0,0,0,0,0,0,0,4.863,0.015,14.14,34,0,32,0,0,160,0,0,0,0,0,0,0,0,0,0,0,1,0,1,0
17:55:57.925,0,4.1,1,0,0,0,25,23,2,0,0,34,30,7,0,0,0,0,0,0,0,0,0,0,0,0,0,0,0,0,0,0,0,0,0,0,4.863,0.015,14.174,35,0,32,0,0,160,0,0,0,0,0,0,0,0,0,0,0,1,0,1,0
17:55:58.025,0,2.9,1,0,0,0,25,23,2,0,0,34,31,7,0,0,0,0,0,0,0,0,0,0,0,0,0,0,0,0,0,0,0,0,0,0,4.863,0.015,14.119,34,0,32,0,0,160,0,0,0,0,0,0,0,0,0,0,0,1,0,1,0
17:55:58.125,0,0.9,1,0,0,0,25,23,2,0,0,34,30,7,0,0,0,0,0,0,0,0,0,0,0,0,0,0,0,0,0,0,0,0,0,0,4.863,0.015,14.133,34,0,32,0,0,160,0,0,0,0,0,0,0,0,0,0,0,1,0,1,0
17:55:58.225,0,4.5,1,0,0,0,25,23,2,0,0,35,31,7,0,0,0,0,0,0,0,0,0,0,0,0,0,0,0,0,0,0,0,0,0,0,4.863,0.015,14.14,34,0,32,0,0,160,0,0,0,0,0,0,0,0,0,0,0,1,0,1,0
17:55:58.325,0,2.2,1,0,0,0,25,23,2,0,0,33,29,7,0,0,0,0,0,0,0,0,0,0,0,0,0,0,0,0,0,0,0,0,0,0,4.863,0.015,14.126,34,0,32,0,0,160,0,0,0,0,0,0,0,0,0,0,0,1,0,1,0
17:55:58.425,0,-2.1,1,0,0,0,25,23,2,0,0,33,30,7,0,0,0,0,0,0,0,0,0,0,0,0,0,0,0,0,0,0,0,0,0,0,4.863,0.015,14.16,34,0,32,0,0,160,0,0,0,0,0,0,0,0,0,0,0,1,0,1,0
17:55:58.525,0,-0.3,1,0,0,0,25,23,2,0,0,33,29,7,0,0,0,0,0,0,0,0,0,0,0,0,0,0,0,0,0,0,0,0,0,0,4.863,0.015,14.181,34,0,32,0,0,160,0,0,0,0,0,0,0,0,0,0,0,1,0,1,0
17:55:58.625,0,-4.2,1,0,0,0,25,23,2,0,0,33,31,7,0,0,0,0,0,0,0,0,0,0,0,0,0,0,0,0,0,0,0,0,0,0,4.863,0.015,14.16,34,0,32,0,0,160,0,0,0,0,0,0,0,0,0,0,0,1,0,1,0
17:55:58.725,0,0.8,1,0,0,0,25,23,2,0,0,33,30,7,0,0,0,0,0,0,0,0,0,0,0,0,0,0,0,0,0,0,0,0,0,0,4.863,0.015,14.133,34,0,32,0,0,160,0,0,0,0,0,0,0,0,0,0,0,1,0,1,0
17:55:58.825,0,3.3,1,0,0,0,25,23,2,0,0,34,29,7,0,0,0,0,0,0,0,0,0,0,0,0,0,0,0,0,0,0,0,0,0,0,4.863,0.015,14.147,34,0,32,0,0,160,0,0,0,0,0,0,0,0,0,0,0,1,0,1,0
17:55:58.925,0,5.3,1,0,0,0,25,23,2,0,0,33,30,7,0,0,0,0,0,0,0,0,0,0,0,0,0,0,0,0,0,0,0,0,0,0,4.863,0.015,14.167,34,0,32,0,0,160,0,0,0,0,0,0,0,0,0,0,0,1,0,1,0
17:55:59.025,0,-1.8,1,0,0,0,25,23,2,0,0,33,30,6,0,0,0,0,0,0,0,0,0,0,0,0,0,0,0,0,0,0,0,0,0,0,4.863,0.015,14.153,34,0,32,0,0,160,0,0,0,0,0,0,0,0,0,0,0,1,0,1,0
17:55:59.125,0,3.1,1,0,0,0,25,23,2,0,0,34,30,7,0,0,0,0,0,0,0,0,0,0,0,0,0,0,0,0,0,0,0,0,0,0,4.863,0.015,14.147,34,0,32,0,0,160,0,0,0,0,0,0,0,0,0,0,0,1,0,1,0
17:55:59.225,0,-4.1,1,0,0,0,25,23,2,0,0,33,29,7,0,0,0,0,0,0,0,0,0,0,0,0,0,0,0,0,0,0,0,0,0,0,4.863,0.015,14.14,34,0,32,0,0,160,0,0,0,0,0,0,0,0,0,0,0,1,0,1,0
17:55:59.325,0,-1.8,1,0,0,0,25,23,2,0,0,33,30,7,0,0,0,0,0,0,0,0,0,0,0,0,0,0,0,0,0,0,0,0,0,0,4.863,0.015,14.14,34,0,32,0,0,160,0,0,0,0,0,0,0,0,0,0,0,1,0,1,0
17:55:59.425,0,-1.7,1,0,0,0,25,23,2,0,0,34,31,7,0,0,0,0,0,0,0,0,0,0,0,0,0,0,0,0,0,0,0,0,0,0,4.863,0.015,14.167,34,0,32,0,0,160,0,0,0,0,0,0,0,0,0,0,0,1,0,1,0
17:55:59.525,0,-3.7,1,0,0,0,25,23,2,0,0,34,30,6,0,0,0,0,0,0,0,0,0,0,0,0,0,0,0,0,0,0,0,0,0,0,4.863,0.015,14.133,35,0,32,0,0,160,0,0,0,0,0,0,0,0,0,0,0,1,0,1,0
17:55:59.625,0,0.9,1,0,0,0,25,23,2,0,0,35,30,6,0,0,0,0,0,0,0,0,0,0,0,0,0,0,0,0,0,0,0,0,0,0,4.863,0.015,14.167,34,0,32,0,0,160,0,0,0,0,0,0,0,0,0,0,0,1,0,1,0
17:55:59.725,0,-6,1,0,0,0,25,23,2,0,0,33,30,7,0,0,0,0,0,0,0,0,0,0,0,0,0,0,0,0,0,0,0,0,0,0,4.863,0.015,14.174,34,0,32,0,0,160,0,0,0,0,0,0,0,0,0,0,0,1,0,1,0
17:55:59.825,0,-0.2,1,0,0,0,25,23,2,0,0,33,30,7,0,0,0,0,0,0,0,0,0,0,0,0,0,0,0,0,0,0,0,0,0,0,4.863,0.015,14.153,35,0,32,0,0,160,0,0,0,0,0,0,0,0,0,0,0,1,0,1,0
